Complex,Binding_Energy (kcal/mol),SCDI,SNCI
N-Methylformamide--2-Picoline,-8.70514,0.8289,0.039307435429911976
Diethanolamine--Cyclohexanone,-7.167419,0.872,0.028403610511735972
Alanine--Formaldehyde,-7.799799,0.8757,0.0535724419176641
Tryptophan--Benzaldehyde,-5.572867,0.8836,0.012686803561237348
Uracil--Vinyl_Acetate,-11.092015,0.8303,0.02776348745153705
Histidine--Urea,-11.581644,0.7468,0.05500222592242228
Ethylamine--2-Picoline,-4.065162,0.9446,0.015272993021480606
Pyrrolidine--Valerolactone,-6.021598,0.8944,0.01106059644401441
Pyrrolidine--Pyrimidine,-3.602922,0.9343,0.013927863750253875
Formic_Acid--Pyruvic_Acid,-9.483623,0.7861,0.04299415171623628
Butanoic_Acid--Gamma-Butyrolactone_(GBL),-11.569876,0.8849,0.021251364180478315
Butan-2-ol--Pyrazine,-4.960075,0.9128,0.019251386023184346
Cysteine--Anisole,-9.398061,0.904,0.03209405899009883
Serine--Carbon_Dioxide,-4.999635,0.8447,0.021982145451830477
Butan-2-ol--Butan-2-one_(MEK),-6.947587,0.8975,0.028719882164147125
Formic_Acid--Acetic_Acid,-16.859036,0.8847,0.1930584113755423
Hydroxylamine--Oxime,-4.639068,0.8778,0.034134700665417315
Barbituric_Acid--Morpholine,-8.994189,0.7998,0.0395116203898044
N-Methylformamide--Carbon_Dioxide,-2.082451,0.7437,0.005872706338813478
Chloroacetic_Acid--Phosphate_Ion,-57.516936,0.7665,0.3854476984042219
Lactic_Acid--Diethyl_Carbonate,-7.993299,0.8851,0.025858933869083545
Imidazole--Butan-2-one_(MEK),-6.033487,0.8231,0.019287645971608064
Propan-2-ol--Methyl_Acetate,-2.832338,0.8887,0.011272356989236485
Cytosine--Diethyl_Carbonate,50.075111,0.8237,0.005292202440151079
Thymine--Pyruvic_Acid,-11.390883,0.7976,0.037780101516374065
Catechol--Acetophenone,-8.194785,0.8579,0.033873968478589936
Butan-2-ol--Acetic_Acid,-6.268422,0.8956,0.026387847336643195
Glucose--Hexamethylphosphoramide_(HMPA),-8.546087,0.8592,0.026801663337771457
Propan-1-ol--Methanol,-5.205432,0.8751,0.026802162353392254
Dimethylamine--N-Methyl-2-pyrrolidone_(NMP),-6.82905,0.9,0.013201876642902075
Ethylene_Glycol--Propan-1-ol,-5.618057,0.8414,0.031038026565192483
Barbituric_Acid--Acetaldehyde,-7.747179,0.7328,0.04832642969778904
Glutamic_Acid--18-Crown-6,-11.052878,0.8935,0.03599453049411275
Threonine--Acetaldehyde,-8.871198,0.8336,0.029364033489719502
Butan-2-ol--18-Crown-6,-6.744413,0.9079,0.017397964166666842
Catechol--Acetamide,-10.916541,0.794,0.061700505650304535
Saccharin--Phosphate_Ion,-55.046458,0.6636,0.18235768303499944
Ethylamine--Dimethyl_Ether,-3.028686,0.9394,0.009905532353638159
Serine--Propan-1-ol,-8.064508,0.8366,0.018258611820804068
Hydrogen_Peroxide--Methyl_Acetate,-4.514089,0.8394,0.02347450101138026
"Salicylic_Acid--1,4-Dioxane",-8.512294,0.836,0.02417902905702212
Acetamide--Benzophenone,-8.000703,0.8862,0.006713643570937046
Pyrrole--Diethyl_Carbonate,-6.423325,0.9332,0.014282836218582113
N-Methylformamide--Formaldehyde,-3.81987,0.7311,0.012375334412920502
Glucose--Acetophenone,-6.570529,0.8428,0.02459502877274724
Hydrazine--Cyclohexanone,-5.070779,0.8923,0.013804466500335634
Chloroacetic_Acid--Hexamethylphosphoramide_(HMPA),-13.315576,0.9066,0.058197901107772565
Butylamine--Butan-2-one_(MEK),-4.805239,0.9424,0.013264837402077586
Propylamine--Anisole,-2.991625,0.9748,0.016112130183328594
Catechol--Dimethyl_Sulfoxide_(DMSO),-9.824477,0.7754,0.0364658709031827
Glycine--Benzaldehyde,-9.344346,0.8917,0.02984001238103626
Ethylene_Glycol--Acetaldehyde,-5.030057,0.785,0.03317389404311251
Imidazole--Pyrazine,-5.817643,0.824,0.060329100913116995
"Oxalic_Acid--N,N-Dimethylformamide_(DMF)",-17.233276,0.722,0.06038587471260402
Propan-2-ol--Acetic_Acid,-4.716393,0.8788,0.02066541420047251
Formic_Acid--Methyl_Acetate,-6.964675,0.8272,0.06238701492298708
Citric_Acid--Propan-2-ol,-10.154446,0.8005,0.03031328074182222
Adenine--Vinyl_Acetate,-7.863619,0.7859,0.029286141182358467
Methanol--Diethyl_Carbonate,-4.789879,0.8998,0.011630133119144525
Dimethylamine--Carbon_Dioxide,-1.107234,0.9431,0.0036883759650185436
Butanoic_Acid--Quinoline,-11.031323,0.9182,0.03149967578510312
Hydroquinone--Propan-1-ol,-7.383252,0.8715,0.014842733135132206
Serine--Hexamethylphosphoramide_(HMPA),-12.182133,0.8806,0.02173461702372719
Serine--Anisole,-7.087703,0.878,0.021270909190628816
Hydrogen_Peroxide--Acetophenone,-7.479992,0.8585,0.030883114880302896
Hydrogen_Peroxide--Butan-2-one_(MEK),-5.196274,0.7963,0.02183190699957911
Catechol--Pyrazine,-6.104578,0.8463,0.037168590538455046
Formamide--Pyrazine,-7.578362,0.8088,0.13142553137695756
Butylamine--Vinyl_Acetate,-4.489908,0.9629,0.010968887381024616
Ammonia--Methyl_Acetate,-2.274165,0.8525,0.00919252660250537
Glycine--Quinoline,-11.08659,0.9058,0.06358304416478537
Butan-1-ol--Methyl_Acetate,-3.664327,0.9009,0.008869282631559627
Tryptophan--Propan-1-ol,-5.472475,0.8858,0.012416211993356165
N-Methylformamide--Acetaldehyde,-6.041208,0.748,0.014776964544329925
Acetamide--Anisole,-5.161329,0.8351,0.029359360257081284
Tryptophan--Pyruvic_Acid,-4.681171,0.8302,0.012735284527315802
Propanoic_Acid--Sulfate_Ion,-37.054118,0.7228,0.07147434792061588
Ethylene_Glycol--Ethylene_Carbonate,-3.899788,0.7065,0.00677171147500056
Aspartic_Acid--Oxime,-8.662796,0.8438,0.04734815196869371
Tryptophan--Propylene_Carbonate,-6.478402,0.7957,0.007434040035317129
Butanoic_Acid--Benzaldehyde,-9.202057,0.9165,0.01472711858287648
Cytosine--Methanol,-7.166454,0.8247,0.050657922419186804
Hydrazine--Ethyl_Acetate,-4.45318,0.8491,0.010002205162538443
Indole--Morpholine,-5.729553,0.9316,0.013660674940700578
Propylamine--Sulfate_Ion,-14.168709,0.8522,0.47730883466693264
Uracil--Methyl_Acetate,-6.865902,0.7272,0.01883379612954783
Acetic_Acid--Propan-2-ol,-11.09911,0.9329,0.10646950302799413
Hydrogen_Peroxide--Phenol,-5.731797,0.925,0.02296071786424506
N-Methylformamide--Vinyl_Acetate,-7.027145,0.8328,0.021394970868031014
Glycine--Diethyl_Carbonate,-7.412763,0.8824,0.020438805508004317
Uracil--Diethyl_Carbonate,-2.969508,0.7608,0.0012528753220994668
Histidine--Dimethyl_Sulfoxide_(DMSO),-8.604503,0.7664,0.03443132861656633
Oxalic_Acid--Pyridine,-11.448067,0.7223,0.04371499298562655
Hydrogen_Peroxide--Ethylene_Carbonate,-4.513445,0.6986,0.01572961594477619
"Uracil--N,N-Dimethylacetamide_(DMAc)",-14.439462,0.7873,0.048401658735151606
Ethylamine--Pyruvic_Acid,-5.521695,0.8184,0.022853738089249478
Pyrrolidine--Methanol,-2.550553,0.9326,0.005718905276433686
Ammonia--Anisole,-2.513345,0.9473,0.02228548578858626
Glucose--Diethyl_Ether,-7.122279,0.8444,0.029012841863977804
Pyrrolidine--Diethyl_Ether,-3.839163,0.9631,0.012777873217025008
Imidazole--Tetrahydrofuran_(THF),-6.123087,0.8746,0.014808177345903744
Hydrazine--Phosphate_Ion,-56.903738,0.554,0.01450720281579586
Adenine--Benzophenone,-8.710603,0.8466,0.015298095314227059
Uracil--Anisole,-8.262476,0.8347,0.03259396283090072
Adenine--Ethyl_Acetate,-5.23498,0.7347,0.020796805430433104
"Hydrazine--N,N-Dimethylformamide_(DMF)",-8.422828,0.8107,0.029963002356367053
Glucose--Acetamide,-7.992261,0.7594,0.027366776983081577
Formamide--18-Crown-6,-8.393384,0.8738,0.02561017249709267
Urea--Vinyl_Acetate,-9.3248,0.8233,0.04428587797594377
Benzoic_Acid--Acetic_Acid,-10.153462,0.8881,0.045755063364510073
Saccharin--Acetaldehyde,-8.347957,0.7619,0.046653479134058665
Butanoic_Acid--Carbon_Dioxide,-4.890959,0.9096,0.021348281632134203
Pyrrole--Tetrahydrofuran_(THF),-5.191283,0.9446,0.015326733806804452
Chloroacetic_Acid--Methanol,-8.998596,0.8238,0.09085580326887119
Benzoic_Acid--Valerolactone,-11.556915,0.8731,0.020620474994287628
Hydrazine--Diethyl_Carbonate,37.291229,0.7486,0.061664251261943435
Pyrrolidone--Isoquinoline,-8.634277,0.8858,0.031271239222046214
Propanoic_Acid--Morpholine,-8.624441,0.894,0.027340829560815783
"Benzyl_Alcohol--N,N-Dimethylformamide_(DMF)",-5.774676,0.8208,0.011516224116099712
Imidazole--Formaldehyde,-4.024333,0.7922,0.019138270719079576
Benzyl_Alcohol--Phosphate_Ion,-62.969558,0.7808,0.32608292363305275
Glycine--Sulfate_Ion,-37.132602,0.7089,0.07554488784024131
Methanol--Anisole,-4.410437,0.9294,0.021365538676513578
Butanoic_Acid--Isoquinoline,-10.715697,0.924,0.02426745629304617
Glycine--Pyruvic_Acid,-9.0543,0.8165,0.03396647124051977
Methylamine--Acetophenone,-3.077776,0.9028,0.017441357675441343
Hydroxylamine--Dimethyl_Sulfoxide_(DMSO),-3.635896,0.7281,0.015922461156940307
Formamide--Carbon_Dioxide,-4.510728,0.7099,0.0606129115298945
N-Methylformamide--Valerolactone,-8.502696,0.7086,0.017307286495294408
Methylamine--Carbon_Dioxide,-1.051714,0.9101,0.003356256744104027
Phenol--Tetrahydrofuran_(THF),-7.180948,0.9345,0.01676277705206528
Ethanol--Methanol,-5.05358,0.8544,0.0441072456738706
Propanoic_Acid--Propan-2-ol,-9.125152,0.8916,0.04004322353765999
Formamide--Valerolactone,-10.840149,0.8055,0.04880772678900877
Pyrrole--Acetaldehyde,-4.112981,0.8785,0.014579252887351296
Butylamine--Acetic_Acid,-2.560778,0.9033,0.006226937928796634
Acetamide--Gamma-Butyrolactone_(GBL),-10.397524,0.8257,0.030507780072617948
Acetamide--Acetophenone,-8.627343,0.8542,0.04228695345051767
Ammonia--Acetone,-5.608091,0.8574,0.026944985072114506
Piperidine--Tetrahydrofuran_(THF),-3.218154,0.9638,0.005086753956026607
Histidine--Pyridine,-6.334651,0.8317,0.026777778698740373
Ethanol--Propylene_Carbonate,-5.18233,0.7153,0.01490133063516097
Glycerol--Trioxane,-4.529208,0.8506,0.018714983151265772
Propanoic_Acid--Phenol,-6.847041,0.8878,0.0220482893468601
Hydroquinone--Diethyl_Carbonate,-7.72887,0.903,0.01691012844179744
Lactic_Acid--Pyrimidine,-10.197235,0.8738,0.07470224366889118
Imidazole--Ethanol,-5.608193,0.8155,0.02214491906527502
Aniline--Ethanol,-5.046685,0.928,0.011922155948422507
Adenine--Propan-1-ol,-7.276954,0.7659,0.017055468478874188
Aniline--Methyl_Acetate,-3.720663,0.9111,0.005192884431455873
Guanine--Sulfate_Ion,-46.766339,0.3571,0.06018593208049619
Oxalic_Acid--Ethylene_Carbonate,-8.82158,0.6957,0.027998837952470965
Butan-1-ol--Diethyl_Ether,-6.039679,0.946,0.022117152112514454
Resorcinol--Valerolactone,-7.173707,0.7641,0.00749811419703375
Fructose--Formaldehyde,-4.997681,0.7797,0.08575827252145729
Hydroxylamine--Pyrimidine,-3.692817,0.8953,0.022407782146104303
Tryptophan--Phenol,-5.681754,0.8918,0.006511774377128876
Benzyl_Alcohol--Propylene_Carbonate,-4.0244,0.8017,0.0038851563115071073
Uracil--Pyridine,-11.264602,0.7734,0.05986109237157643
Butan-1-ol--Diethyl_Carbonate,-5.84567,0.9183,0.00904075079293756
Catechol--Urea,-11.667401,0.7355,0.08180237553314347
Benzoic_Acid--Ethylene_Carbonate,-6.897937,0.8259,0.017127998105831224
Butan-2-ol--Phenol,-4.770547,0.9184,0.016527163838172227
Diethanolamine--Acetone,-8.500619,0.8143,0.0379624396001883
Trifluoroethanol--Anisole,-7.250305,0.897,0.03511986731210784
Lactic_Acid--Morpholine,-10.000977,0.8958,0.035000603968752965
Butylamine--Dimethyl_Ether,-2.73146,0.9571,0.006725139000418919
Methylamine--Methyl_Acetate,-3.77275,0.8834,0.014630480524367617
Uracil--Valerolactone,-12.744077,0.7983,0.04224009463271072
Benzoic_Acid--Urea,-17.207115,0.8188,0.20595269979384137
N-Methylformamide--Propan-2-ol,-7.013909,0.8074,0.035801906294438066
Butylamine--Isoquinoline,-3.279753,0.9553,0.00680527757308137
Ethylamine--Diethyl_Ether,-4.001913,0.9551,0.015013859352658561
Propanoic_Acid--Formaldehyde,-7.685949,0.8974,0.056074427009448716
Aspartic_Acid--Pyridine,-11.32002,0.8221,0.03898072475991813
Adenine--2-Picoline,-10.471425,0.7777,0.04014204114071874
Propan-2-ol--Carbon_Dioxide,-0.607833,0.899,0.0038433015500647007
Uracil--Acetone,-12.875006,0.7758,0.056633752629563855
Threonine--Butan-2-one_(MEK),-10.972908,0.8523,0.02397823573533233
Diethanolamine--Hexamethylphosphoramide_(HMPA),-13.286094,0.8915,0.06562791426773189
Propan-2-ol--Valerolactone,-5.759558,0.8546,0.017821738239960538
"Acetamide--N,N-Dimethylformamide_(DMF)",-12.26091,0.8136,0.04313474762987631
Oxalic_Acid--Acetophenone,-12.844984,0.8385,0.06087898137684406
Catechol--Sulfate_Ion,-5.373727,0.7715,0.019822754738950146
Ammonia--Tetrahydrofuran_(THF),-3.132829,0.9209,0.01581379390293735
Glucose--Carbon_Dioxide,-3.489124,0.8078,0.036786699026916905
N-Methylformamide--Quinoline,-8.845991,0.8456,0.027504010448847774
Methylamine--Cyclohexanone,-4.066389,0.9222,0.012734739641178328
Ascorbic_Acid--Formaldehyde,-13.939533,0.7138,0.017204276605014696
Citric_Acid--Propylene_Carbonate,-12.012008,0.7774,0.021248841302061193
"Glucose--1,4-Dioxane",-6.008336,0.8295,0.021772670092348206
Chloroacetic_Acid--Carbon_Dioxide,-4.82472,0.8633,0.04482451460302286
Indole--Diethyl_Carbonate,-7.426152,0.9451,0.01259715450145096
N-Methylformamide--Ethyl_Acetate,-5.130401,0.7927,0.017862989734607884
Propan-2-ol--Phosphate_Ion,-34.205234,0.679,0.09458416720430503
Resorcinol--Ethylene_Carbonate,-5.171579,0.7281,0.008576745496488621
Pyrrolidine--Ethyl_Acetate,-3.125977,0.922,0.007742060554789416
Aspartic_Acid--Acetaldehyde,-9.488265,0.8075,0.03864357785237291
Tryptophan--Pyrimidine,-6.102032,0.8736,0.021308119909761794
N-Methylacetamide--Pyrazine,-5.496544,0.7889,0.028346079153715988
Butan-1-ol--Urea,-10.139329,0.8427,0.046838367896603166
Dimethylamine--Phosphate_Ion,-46.456807,0.5077,0.043505532916316494
Diethanolamine--Oxime,-4.575443,0.8656,0.02021577610585243
Benzyl_Alcohol--Cyclohexanone,-7.23319,0.9161,0.023428698605472493
Cyclohexanol--Oxime,-4.379434,0.9337,0.02406058304287346
Glucose--Ethyl_Acetate,-6.953162,0.8233,0.022704775671371066
Trifluoroethanol--Phenol,-7.202097,0.8844,0.010615189557053676
Thymine--Vinyl_Acetate,-10.914413,0.8491,0.029434143099418022
Cytosine--Ethyl_Acetate,-7.479809,0.8387,0.03553983552253317
Formic_Acid--Ethanol,-8.759119,0.8232,0.06909241987112617
Threonine--Acetic_Acid,-17.18119,0.8718,0.06623001066960728
Trifluoroethanol--Ethylene_Carbonate,-9.301973,0.7606,0.02619291432096254
Glutamic_Acid--Dimethyl_Ether,-9.108086,0.8728,0.0400666856119314
Cytosine--Morpholine,-9.93548,0.8612,0.030834521322956242
Saccharin--Carbon_Dioxide,-2.836013,0.7381,0.0052049177969969345
Phenol--Methyl_Acetate,-5.170427,0.9024,0.012598120562332445
Propylamine--Acetaldehyde,-2.442779,0.89,0.006909605198203744
"N-Methylformamide--1,4-Dioxane",-4.931661,0.8076,0.018476081160328693
Cysteine--Quinoline,-11.588407,0.878,0.02251582945312432
Cysteine--Acetaldehyde,-8.804533,0.8438,0.034138045043087616
Propanoic_Acid--Phosphate_Ion,-42.987413,0.7527,0.07111436583586048
Tryptophan--Dimethyl_Sulfoxide_(DMSO),-9.192136,0.847,0.022930572594695674
Propan-1-ol--Acetophenone,-6.60652,0.9057,0.01573724852074777
Catechol--Carbon_Dioxide,-2.575112,0.816,0.020906194102561948
Methylamine--Valerolactone,-5.14455,0.8573,0.011776992443334175
Hydroquinone--2-Picoline,-8.793113,0.894,0.033144684254100165
Piperidine--Ethanol,-2.603414,0.9392,0.005226130825935614
Salicylic_Acid--Sulfate_Ion,-40.319489,0.6582,0.04307134901576891
Catechol--Propan-1-ol,-6.582129,0.8473,0.008397005351936973
Glycine--N-Methyl-2-pyrrolidone_(NMP),-13.607641,0.8459,0.03324890623803262
Methanol--Morpholine,-4.980617,0.8722,0.028014820352493044
Guanine--Propan-2-ol,-14.943993,0.73,0.06539823642069345
Sulfuric_Acid--Pyridine,-13.694649,0.7204,0.008786013743638027
Aniline--Methanol,-4.334044,0.9191,0.015345041703020385
Barbituric_Acid--Acetic_Acid,-14.284226,0.7533,0.13274677600915322
Ascorbic_Acid--Pyridine,-18.108513,0.7857,0.026976473096788373
Trifluoroethanol--Acetamide,-12.287022,0.8039,0.07736915550837274
Glucose--Benzophenone,-7.949802,0.8633,0.019063136202781668
Propanoic_Acid--Acetic_Acid,-10.146131,0.8725,0.04918497981830013
Glycerol--Ethylene_Carbonate,-4.550534,0.7239,0.018679800464976085
"Thymine--1,4-Dioxane",-8.670621,0.8215,0.01805284363307853
Alanine--Isoquinoline,-11.007321,0.8977,0.04760196604759711
Ascorbic_Acid--Isoquinoline,-18.503755,0.8096,0.02600751264264068
Acetic_Acid--Pyridine,-10.122919,0.8757,0.10916432777188023
Hydrogen_Peroxide--Carbon_Dioxide,-3.292462,0.8585,0.08203037702129978
Piperidine--Ethylene_Carbonate,-3.30855,0.8198,0.007671364358483721
Ethylamine--Acetophenone,-4.305214,0.9315,0.01035934466527566
Pyrrolidone--Tetrahydrofuran_(THF),-7.898597,0.8882,0.021831915339673047
Methanol--18-Crown-6,-6.022359,0.9004,0.02163366574663523
Diethanolamine--Ethyl_Acetate,-5.492951,0.8639,0.018958990669710338
Barbituric_Acid--Hexamethylphosphoramide_(HMPA),-12.06543,0.8353,0.04692487969105212
Catechol--Phenol,-4.951325,0.8646,0.01620343197173094
Imidazole--2-Picoline,-8.051191,0.8674,0.04778915389603798
Urea--N-Methyl-2-pyrrolidone_(NMP),-12.695649,0.7913,0.038360141149807084
Propanoic_Acid--Pyruvic_Acid,-9.330516,0.8533,0.03910225799884058
Alanine--Dimethyl_Ether,-8.346092,0.8873,0.050086913717476124
Serine--N-Methyl-2-pyrrolidone_(NMP),-12.809004,0.8295,0.03272085319016454
Ascorbic_Acid--Pyrimidine,-16.077867,0.7493,0.026033033330099833
Formamide--N-Methyl-2-pyrrolidone_(NMP),-12.857986,0.8255,0.0547658634900902
Dimethylamine--Diethyl_Ether,-3.295031,0.9603,0.02236380900080091
Barbituric_Acid--Propylene_Carbonate,-10.343541,0.7525,0.021916586753392375
Ethylene_Glycol--Urea,-10.697277,0.7341,0.08244384829854516
Urea--Pyridine,-7.850383,0.7862,0.08989827152345384
N-Methylformamide--Sulfate_Ion,-4.08569,0.6956,0.01896492881659626
Ascorbic_Acid--Cyclohexanone,-18.827512,0.8085,0.020885245176598066
Formamide--Butan-2-one_(MEK),-9.706383,0.85,0.06071545159488221
Uracil--Trioxane,-9.017951,0.78,0.03605770948574638
Propylamine--Phosphate_Ion,-42.754437,0.6508,0.16842700728307183
Indole--Acetic_Acid,-6.192959,0.9149,0.019168353437924404
Benzyl_Alcohol--Urea,-10.974321,0.8299,0.05547609894001896
Phenol--Valerolactone,-7.188379,0.8102,0.007042633866608068
N-Methylacetamide--Benzophenone,-6.337952,0.8569,0.007681268220038539
Ethanol--Oxime,-3.119934,0.9063,0.015681550593379126
Alanine--Ethylene_Carbonate,-7.857408,0.803,0.020034187240477216
Formamide--Diethyl_Ether,-7.087321,0.8524,0.03303937944797105
Ethanol--Dimethyl_Ether,-5.275979,0.9097,0.027953583212731985
Ethanol--Cyclohexanone,-6.390049,0.8937,0.02541028963565809
N-Methylformamide--Diethyl_Carbonate,-8.031778,0.8552,0.007358261941770112
Pyrrolidone--Acetamide,-16.015175,0.85,0.08382985932025452
Trifluoroethanol--Carbon_Dioxide,-3.449622,0.8345,0.013468021550697103
Hydroquinone--Diethyl_Ether,-7.819954,0.9062,0.02119362710014112
Phenol--Urea,-11.101178,0.7745,0.03543235395188547
Ascorbic_Acid--N-Methyl-2-pyrrolidone_(NMP),-23.623792,0.7688,0.03546796615301311
Trifluoroethanol--Cyclohexanone,-7.999037,0.8686,0.0173168789933421
Saccharin--Tetrahydrofuran_(THF),-11.754902,0.8182,0.043781288392362755
"Guanine--N,N-Dimethylformamide_(DMF)",-15.984555,0.6988,0.061507133622206486
Piperidine--Acetaldehyde,-2.324409,0.9223,0.0037127345993885987
Indole--Methanol,-4.602312,0.9224,0.019701092228571613
Aniline--Acetaldehyde,-4.071079,0.8925,0.010953985023167885
"Propan-2-ol--N,N-Dimethylacetamide_(DMAc)",-7.780359,0.831,0.01943466931764522
Serine--Pyridine,-10.407095,0.8437,0.033218820739156475
Dimethylamine--Hexamethylphosphoramide_(HMPA),-3.424158,0.9039,0.033422578964242264
Fructose--Hexamethylphosphoramide_(HMPA),-7.253946,0.8447,0.04870137808112139
Chloroacetic_Acid--Acetamide,-12.87242,0.7589,0.08493831062559508
Glutamic_Acid--Carbon_Dioxide,-8.37981,0.8784,0.053709487731316626
Trifluoroethanol--Vinyl_Acetate,-9.033653,0.8965,0.02889607915878955
Ascorbic_Acid--Vinyl_Acetate,-18.026624,0.7954,0.021565832982582574
Acetamide--Acetone,-10.492245,0.8346,0.054319949247414734
Saccharin--Methanol,-8.270681,0.7887,0.033897750256462404
Ethanol--Acetophenone,-6.564666,0.898,0.030914812797340943
Histidine--Dimethyl_Ether,-6.269162,0.8654,0.031461112580736056
Barbituric_Acid--Pyridine,-12.069089,0.7929,0.020405386751583134
Cyclohexanol--Diethyl_Ether,-6.474024,0.9513,0.02666630361311065
Glycine--Morpholine,-8.88392,0.8827,0.021557839002540224
Cytosine--Sulfate_Ion,-43.087101,0.6265,0.09153644945551329
Urea--Tetrahydrofuran_(THF),-7.467399,0.8128,0.03297025118932624
Benzoic_Acid--Formaldehyde,-7.678267,0.9129,0.08696999921006801
Guanine--Propan-1-ol,-14.203516,0.7366,0.04595935535560808
"Catechol--N,N-Dimethylformamide_(DMF)",-10.859524,0.7593,0.03398015872469244
Cysteine--Benzaldehyde,-9.75483,0.8788,0.020162414794802894
Glucose--Sulfate_Ion,-32.177507,0.6901,0.09172233763931503
Imidazole--Isoquinoline,-7.570617,0.8752,0.05104183779352128
Hydrogen_Peroxide--Gamma-Butyrolactone_(GBL),-4.996453,0.6936,0.020718679600441724
Diethanolamine--Urea,-9.358364,0.7083,0.04842149286855873
Indole--Urea,-6.954315,0.7841,0.022935997825804234
Butan-2-ol--Valerolactone,-4.962247,0.8026,0.010980196548408476
"Cytosine--1,4-Dioxane",-8.054003,0.8786,0.013833790270631837
Glycine--Methanol,-9.312091,0.9154,0.07361888214615615
"Lactic_Acid--1,4-Dioxane",-9.263653,0.8916,0.019866020366284223
Citric_Acid--Acetophenone,-11.116718,0.8091,0.024399507780443752
Cysteine--Diethyl_Carbonate,-9.972699,0.8797,0.03141704074432102
Hydrogen_Peroxide--Acetone,-8.871103,0.7998,0.06401983712472081
Threonine--Valerolactone,-11.753848,0.838,0.027844512854188555
Glutamic_Acid--Methyl_Acetate,-13.650636,0.888,0.051597771775433794
Diethanolamine--Diethyl_Carbonate,-9.492705,0.9206,0.040072063582507624
Oxalic_Acid--Butan-2-one_(MEK),-12.748038,0.8086,0.08705483047558787
Ethylene_Glycol--Acetic_Acid,-5.036659,0.7775,0.022449585476967408
Imidazole--Benzophenone,-6.511362,0.8991,0.0036970482727014227
"Ethylene_Glycol--N,N-Dimethylformamide_(DMF)",-9.7627,0.7478,0.03659802247170758
Serine--Pyruvic_Acid,-9.522871,0.8118,0.026535236256798093
Resorcinol--18-Crown-6,-8.079413,0.8918,0.008282854486167876
"Salicylic_Acid--N,N-Dimethylacetamide_(DMAc)",-11.754264,0.7691,0.03403374799830969
Ethylene_Glycol--Benzophenone,-5.915054,0.8809,0.013243335249882287
Hydroxylamine--Acetamide,-7.973221,0.784,0.07545727376337649
Glycerol--2-Picoline,-6.992364,0.8774,0.031141987226181462
Hydrazine--Hexamethylphosphoramide_(HMPA),-5.543961,0.88,0.03560861905729508
Thymine--Acetophenone,-11.281232,0.8444,0.022070501797056028
Formic_Acid--Sulfate_Ion,-32.653125,0.66,0.26956635766345244
Trifluoroethanol--Hexamethylphosphoramide_(HMPA),-11.586065,0.9019,0.050763003432795176
Resorcinol--Methanol,-6.3283,0.8241,0.027501066395686634
Adenine--Oxime,-5.498919,0.7209,0.018129871350701023
Aspartic_Acid--Dimethyl_Ether,-9.850308,0.8467,0.054243074431514486
Pyrrolidone--Diethyl_Carbonate,-7.886586,0.876,0.005486230555639146
Cyclohexanol--Tetrahydrofuran_(THF),-7.288654,0.9605,0.0240652715656839
Propan-2-ol--Diethyl_Ether,-3.930261,0.9328,0.016443391764582857
Phenol--Acetaldehyde,-5.186387,0.8689,0.006905209968696889
Serine--Phosphate_Ion,-62.509669,0.7554,0.058157373811282415
Cyclohexanol--Pyrazine,-5.793956,0.9343,0.020363555620406894
"Piperidine--N,N-Dimethylacetamide_(DMAc)",-6.741964,0.9177,0.020845597760018684
Formic_Acid--2-Picoline,-12.155432,0.8719,0.05224597360663013
Benzoic_Acid--Benzaldehyde,-6.117591,0.8635,0.021508549047349505
Ethanol--Diethyl_Carbonate,-4.551439,0.9002,0.010866052632717664
N-Methylformamide--Acetone,-8.484216,0.7623,0.03167869451152888
Tryptophan--Ethylene_Carbonate,-6.437601,0.7908,0.011064601079121699
Serine--Propylene_Carbonate,-12.281392,0.8232,0.02939152521938002
Dimethylamine--Acetophenone,-4.236627,0.9448,0.02549070343142059
Saccharin--Valerolactone,-7.263061,0.7127,0.02283826582497345
Pyrrolidone--Valerolactone,-11.508073,0.8539,0.028961903350218098
Piperidine--2-Picoline,-4.254419,0.9735,0.01298012883518577
Ethylene_Glycol--Methanol,-5.396382,0.7995,0.04601380087886993
Propan-1-ol--Gamma-Butyrolactone_(GBL),-7.412561,0.8568,0.010901374320573032
Benzyl_Alcohol--Ethylene_Carbonate,-8.744292,0.859,0.019629368810695533
Hydrogen_Peroxide--Phosphate_Ion,-27.450736,0.7274,1.0
Hydrazine--Gamma-Butyrolactone_(GBL),-6.82263,0.8048,0.025104368039827598
Benzyl_Alcohol--Acetamide,-5.693118,0.7936,0.013278378934606292
Benzyl_Alcohol--18-Crown-6,-7.293236,0.9191,0.013223927851281814
Pyrrolidone--Phenol,-10.933065,0.8809,0.03229301888113728
Ammonia--Pyrazine,-2.429883,0.8811,0.01482402908445408
Uracil--Isoquinoline,-11.981108,0.8238,0.0484604869777794
Barbituric_Acid--Sulfate_Ion,-5.751041,0.6906,0.0357108560988696
Fructose--Acetaldehyde,-4.874885,0.7915,0.04313325614307655
Propan-2-ol--Pyridine,-4.36972,0.9036,0.01448081197853554
Cyclohexanol--Pyridine,-6.475457,0.9383,0.021161128534084746
Sulfuric_Acid--Phosphate_Ion,-70.923099,0.4932,0.061560774326403035
Threonine--Formaldehyde,-8.799993,0.8552,0.16520925030899736
Propylamine--Diethyl_Ether,-4.106462,0.9601,0.02123137853536461
Indole--N-Methyl-2-pyrrolidone_(NMP),-6.82746,0.8768,0.0
Butylamine--Quinoline,-3.834652,0.9639,0.008482239721997313
Pyrrolidone--Pyrimidine,-7.155461,0.8244,0.03341398727746748
Histidine--Hexamethylphosphoramide_(HMPA),-9.323155,0.858,0.037366727540224666
Histidine--Carbon_Dioxide,-1.831469,0.7977,0.00972323319026231
"N-Methylformamide--N,N-Dimethylformamide_(DMF)",-10.962997,0.7285,0.028530176997351758
Formamide--Urea,-16.172994,0.7196,0.14590959599213005
Acetic_Acid--Butan-2-one_(MEK),-10.662091,0.8724,0.07261606230062406
N-Methylacetamide--Cyclohexanone,-5.389257,0.8111,0.00888769477894982
Formic_Acid--Ethyl_Acetate,-6.950327,0.8565,0.04163821646329346
Formamide--Quinoline,-8.566593,0.8593,0.10006819736515944
Butylamine--Propylene_Carbonate,-2.7562,0.8398,0.002506249659819731
Pyrrole--Isoquinoline,-6.311608,0.9433,0.026291886215759203
Citric_Acid--Butan-2-one_(MEK),-11.642893,0.7932,0.037494444958804295
Methylamine--Trioxane,-2.608236,0.9024,0.009565800016971257
Urea--Acetone,-10.631076,0.7959,0.03438765571464481
Catechol--Methanol,-6.321816,0.8033,0.034205123028638616
Formamide--Acetophenone,-9.022488,0.8507,0.05838743113259517
Hydrogen_Peroxide--Formaldehyde,-5.026534,0.8112,0.11807649516648397
Propan-2-ol--Ethyl_Acetate,-3.20365,0.8992,0.012658338820617057
Pyrrole--Urea,-6.45999,0.733,0.012962862060696795
N-Methylformamide--Methyl_Acetate,-4.615382,0.7648,0.01721091114974468
Dimethylamine--Propan-1-ol,-2.724015,0.9291,0.0037743567734865946
"Formic_Acid--N,N-Dimethylacetamide_(DMAc)",-13.267877,0.7993,0.076313319075674
"Glucose--N,N-Dimethylacetamide_(DMAc)",-9.452512,0.7889,0.025382464302239935
Methylamine--Benzaldehyde,-2.631364,0.9077,0.005304187155144153
Propan-1-ol--Hexamethylphosphoramide_(HMPA),-6.676636,0.8935,0.03306011570153944
Lactic_Acid--N-Methyl-2-pyrrolidone_(NMP),-13.914617,0.8462,0.05334148942626836
Glycerol--Cyclohexanone,-6.570064,0.8602,0.024087830129778384
Adenine--Acetic_Acid,-7.960297,0.7053,0.031090245283372116
Pyrrole--Dimethyl_Ether,-4.662244,0.9393,0.014434941461860591
Tryptophan--Acetone,-5.561691,0.8666,0.01222550184524092
Sulfuric_Acid--Propan-1-ol,-16.406161,0.8128,0.14027565403270362
Barbituric_Acid--Isoquinoline,-12.556046,0.8233,0.021030518492923284
Oxalic_Acid--Quinoline,-14.610947,0.816,0.017208302090356835
Formamide--Ethanol,-9.249455,0.8425,0.0746752106443974
Butanoic_Acid--Sulfate_Ion,-39.104915,0.7927,0.08200388471289652
Guanine--Pyrimidine,-9.492904,0.6394,0.04134271442482646
Butylamine--Urea,-8.304063,0.8609,0.05254986299957036
Methylamine--Tetrahydrofuran_(THF),-2.851944,0.9318,0.006657536978965298
Uracil--Dimethyl_Ether,-8.412589,0.782,0.033788846699797793
Histidine--Anisole,8.099609,0.8827,0.02834701463425303
"Benzyl_Alcohol--1,4-Dioxane",-4.953224,0.9117,0.011217028806032555
Ethanol--Ethylene_Carbonate,-4.733105,0.7953,0.013813198578691755
Hydroquinone--Phosphate_Ion,-53.321099,0.6861,0.06079958229251104
Benzyl_Alcohol--Anisole,-5.472686,0.9533,0.013636783351591214
Salicylic_Acid--Benzaldehyde,-8.875439,0.8315,0.015293145468473133
Diethanolamine--Vinyl_Acetate,-6.898284,0.8662,0.023793538794948475
Tryptophan--Gamma-Butyrolactone_(GBL),-6.61558,0.8251,0.011715477300441753
Tryptophan--Carbon_Dioxide,-2.222107,0.8767,0.009797116692469087
Phenol--Phenol,-5.906336,0.9185,0.01144566275131273
Cytosine--N-Methyl-2-pyrrolidone_(NMP),-13.728802,0.8618,0.035228894580165905
Ethanol--Sulfate_Ion,-28.430469,0.6699,0.12753802871902176
Threonine--Ethylene_Carbonate,-9.68859,0.7865,0.02092308557282358
Serine--Diethyl_Carbonate,23.823813,0.8671,0.006631080810969106
Propylamine--Dimethyl_Ether,-3.389808,0.9499,0.01797117187314661
Ethylene_Glycol--Ethyl_Acetate,-4.4877,0.8411,0.018104292282584287
Acetic_Acid--Methanol,-10.067052,0.9018,0.17573882741173202
Hydrogen_Peroxide--Sulfate_Ion,-23.684314,0.6855,0.5855259307094125
N-Methylacetamide--18-Crown-6,-9.218673,0.8581,0.020089380592162434
"Propan-2-ol--N,N-Dimethylformamide_(DMF)",-7.291074,0.8045,0.015073192170969781
Thymine--Methanol,-9.613464,0.8333,0.05366300699776833
Pyrrolidine--Dimethyl_Ether,-3.237232,0.9521,0.007583747501587596
Aspartic_Acid--Anisole,-8.415573,0.8763,0.027834597872508478
Catechol--2-Picoline,-8.834635,0.8711,0.03732323673035418
Dimethylamine--Pyridine,-3.427725,0.9446,0.020875706889160985
Formamide--Propan-1-ol,-7.450395,0.8112,0.02808018444873919
Pyrrolidone--Urea,-16.499282,0.7985,0.09183373766409929
Methanol--Acetamide,-5.335214,0.6999,0.014899237271581803
Salicylic_Acid--Methanol,-10.328274,0.8337,0.052631615380410376
"Trifluoroethanol--1,4-Dioxane",-7.455157,0.8723,0.028939430967094344
Cyclohexanol--Carbon_Dioxide,-2.49994,0.9274,0.013659840931306486
Urea--Acetamide,-15.84572,0.7413,0.18330279499052315
Sulfuric_Acid--Benzaldehyde,-12.251766,0.7886,0.03361830567886296
Propylamine--Pyridine,-3.60493,0.9486,0.013527518390855827
Hydrazine--Diethyl_Ether,-4.598224,0.9183,0.029076417010073626
N-Methylformamide--Ethanol,-6.446596,0.7856,0.022905766375284124
Trifluoroethanol--Pyridine,-8.730202,0.8686,0.0502541798615235
Propan-2-ol--Ethanol,-4.658028,0.8979,0.02422818418069413
Pyrrolidone--Pyridine,-8.572962,0.8749,0.04925311004570334
Glycine--Carbon_Dioxide,-4.796356,0.8708,0.026844831664009552
N-Methylformamide--Dimethyl_Ether,-5.089794,0.7991,0.022372992834245497
"Benzoic_Acid--N,N-Dimethylacetamide_(DMAc)",-13.315633,0.8432,0.048775040570838736
Alanine--Valerolactone,-11.776205,0.8394,0.03835676758180799
Hydroxylamine--Tetrahydrofuran_(THF),-3.750469,0.9177,0.01835708469997993
Cysteine--Pyrimidine,-10.139927,0.8625,0.04582286415820262
"Catechol--N,N-Dimethylacetamide_(DMAc)",-11.145866,0.7748,0.05324035744714101
Glycine--Valerolactone,-11.590567,0.8607,0.05329916066948697
Uracil--Acetamide,-17.830987,0.7668,0.10766191127900641
Benzyl_Alcohol--Acetaldehyde,-4.147573,0.8641,0.007847647534096865
Hydroquinone--Isoquinoline,-7.481132,0.8943,0.011985088907284882
Glucose--Pyrimidine,-7.542097,0.8337,0.04256309674093218
Indole--Isoquinoline,-6.993248,0.9484,0.051628000445922584
"Ethanol--N,N-Dimethylformamide_(DMF)",-9.120066,0.7853,0.03998770909235804
Pyrrolidone--Trioxane,-7.779568,0.8739,0.020122870239382116
Benzoic_Acid--Quinoline,-11.111319,0.9215,0.05218660464791183
Adenine--Morpholine,-7.912056,0.7786,0.020898667167780285
Aniline--Isoquinoline,-5.829854,0.9539,0.025680988234744847
Lactic_Acid--Trioxane,-9.005358,0.8823,0.041503233432875646
"Lactic_Acid--N,N-Dimethylformamide_(DMF)",-14.587142,0.8429,0.06800031931995675
N-Methylacetamide--Propan-2-ol,-6.744323,0.8104,0.019384492532465453
Chloroacetic_Acid--Benzophenone,-12.184413,0.9076,0.03472574783283667
"Propan-2-ol--1,4-Dioxane",-4.178382,0.9215,0.012167182348343521
Resorcinol--Carbon_Dioxide,-2.606008,0.8429,0.00739144439552964
Thymine--Dimethyl_Sulfoxide_(DMSO),-13.940681,0.7805,0.043754866974757986
N-Methylacetamide--Acetone,-5.35825,0.7764,0.011039541876860607
"Butanoic_Acid--1,4-Dioxane",-7.559441,0.9069,0.022218402242972633
Ethylamine--N-Methyl-2-pyrrolidone_(NMP),-7.200768,0.8741,0.01289375882233381
Glycine--Propylene_Carbonate,-11.847725,0.8377,0.04397086289768638
"Resorcinol--1,4-Dioxane",-6.63301,0.8746,0.017603961706975757
Butan-1-ol--Pyrazine,-4.77819,0.9159,0.01951423242382575
"Alanine--N,N-Dimethylacetamide_(DMAc)",-14.027367,0.8611,0.0723513379888303
Tryptophan--Phosphate_Ion,-64.245766,0.6884,0.1462911650200358
Pyrrole--Pyruvic_Acid,-4.024608,0.8347,0.00571825752913761
"Resorcinol--N,N-Dimethylacetamide_(DMAc)",-11.127375,0.7925,0.040400563202651785
Aspartic_Acid--18-Crown-6,-11.965871,0.8757,0.027927701121202058
Urea--Propylene_Carbonate,-11.523506,0.7403,0.041442530059126806
Ammonia--Vinyl_Acetate,-4.258494,0.9205,0.01931553663576209
Lactic_Acid--Propylene_Carbonate,-12.336364,0.8426,0.04161692976352497
Aspartic_Acid--Gamma-Butyrolactone_(GBL),-12.386851,0.8071,0.032077884767916114
Acetic_Acid--Pyrimidine,-9.337313,0.8787,0.08568161871804647
Histidine--18-Crown-6,-14.531394,0.8913,0.03043853922270494
Propan-2-ol--Benzophenone,-4.071882,0.9131,0.010766353759732488
Chloroacetic_Acid--Ethanol,-10.810488,0.9097,0.0829509607605433
Guanine--N-Methyl-2-pyrrolidone_(NMP),-16.076572,0.735,0.03285526770417871
Citric_Acid--Anisole,-7.397659,0.8198,0.020357047567101678
Glutamic_Acid--Propan-1-ol,-11.335142,0.8873,0.058486497548456494
Urea--Dimethyl_Sulfoxide_(DMSO),-11.086095,0.7421,0.08009006945612164
Chloroacetic_Acid--Acetone,-12.79088,0.8583,0.06103038744224716
N-Methylformamide--Morpholine,-6.859109,0.8184,0.0227832086948226
Formamide--Acetone,-10.784241,0.83,0.057165105574601215
Glutamic_Acid--Butan-2-one_(MEK),-11.563065,0.8516,0.05494514214944379
Uracil--2-Picoline,-11.505122,0.7885,0.07257536959227075
Glutamic_Acid--Methanol,-11.058755,0.8652,0.09043294799592665
Formic_Acid--Pyridine,-11.225631,0.856,0.18535271502035086
Propan-1-ol--Isoquinoline,-6.240345,0.9191,0.02163519615387338
Cysteine--Urea,-17.63785,0.7671,0.06384823274180852
Barbituric_Acid--Anisole,-8.772521,0.8405,0.030634484169783757
Cysteine--Cyclohexanone,-10.519403,0.8912,0.023076171174684593
N-Methylacetamide--Phosphate_Ion,-42.439798,0.7001,0.08844032997153553
Hydroquinone--18-Crown-6,-8.361629,0.8984,0.012654131243223872
Chloroacetic_Acid--Vinyl_Acetate,-11.23825,0.9077,0.08093279702841119
Methylamine--Pyruvic_Acid,-4.461686,0.8437,0.01960340192821054
Propanoic_Acid--Isoquinoline,-10.580094,0.9145,0.04896037413839341
Piperidine--18-Crown-6,-4.075078,0.9266,0.00911036138701528
Dimethylamine--Valerolactone,-3.146298,0.8103,0.007089552455088257
Benzyl_Alcohol--Quinoline,-7.727695,0.9355,0.01967645281103888
Ethylene_Glycol--Cyclohexanone,-6.957809,0.8568,0.030651828785149517
Hydroxylamine--Acetone,-6.23145,0.8436,0.02478282822807711
Phenol--Ethylene_Carbonate,-6.614958,0.7411,0.01088258964898681
Sulfuric_Acid--Vinyl_Acetate,-15.769757,0.7968,0.07488442468093619
Hydrogen_Peroxide--Anisole,-5.432571,0.9135,0.038895294397650174
Threonine--Ethyl_Acetate,-7.716258,0.8558,0.024011047054911486
Imidazole--Morpholine,-6.095464,0.8536,0.009655639508902632
Adenine--Phenol,-6.575334,0.7759,0.01573083915855419
Formamide--Benzophenone,-8.524564,0.8792,0.025748730647779806
Butan-1-ol--Benzophenone,-5.321559,0.9246,0.013859644561848627
Glycerol--Anisole,-4.836273,0.9033,0.019377857987735468
Oxalic_Acid--Oxime,-9.215128,0.7966,0.11683154710367533
"Methanol--1,4-Dioxane",-4.484902,0.8837,0.016064605548022033
N-Methylacetamide--Benzaldehyde,-5.18158,0.8097,0.0072849678062018265
N-Methylacetamide--Diethyl_Ether,-6.054096,0.8484,0.029394113428533014
Acetamide--Ethyl_Acetate,-6.520984,0.7962,0.026265013043065964
Butanoic_Acid--Valerolactone,-11.533179,0.8805,0.028537235496857074
Imidazole--Pyrimidine,-5.994079,0.8183,0.06998901889021131
Glycerol--Acetophenone,-7.277845,0.859,0.0277485406131793
Butan-1-ol--Pyrimidine,-4.747848,0.9027,0.018876341728771673
Hydrogen_Peroxide--Methanol,-5.673866,0.7942,0.08281361331349324
Butan-2-ol--Urea,-10.55578,0.8231,0.058790247939831036
N-Methylformamide--Diethyl_Ether,-5.997924,0.8438,0.028582791869993584
Cytosine--Hexamethylphosphoramide_(HMPA),-11.422018,0.9031,0.037761268194239854
"Butan-1-ol--N,N-Dimethylformamide_(DMF)",-8.999131,0.8329,0.015309006937133069
Citric_Acid--Isoquinoline,-10.751592,0.7983,0.018237137468921912
Glycine--Ethanol,-8.267344,0.8529,0.045972874647886276
Oxalic_Acid--Benzaldehyde,-11.771891,0.8169,0.05769275829796013
Hydrazine--Acetic_Acid,-11.195042,0.8064,0.14859915535670815
Dimethylamine--Butan-2-one_(MEK),-4.630425,0.9384,0.014173358585451233
N-Methylacetamide--Phenol,-5.707936,0.8245,0.01155740610996422
Cysteine--Carbon_Dioxide,-4.967843,0.8449,0.018989849017291668
"Hydroxylamine--N,N-Dimethylacetamide_(DMAc)",-7.009199,0.8365,0.03905653204379394
Ethylene_Glycol--Valerolactone,-6.088899,0.736,0.017256403582160976
Indole--Tetrahydrofuran_(THF),-5.776445,0.9516,0.016836016977022947
"Fructose--N,N-Dimethylacetamide_(DMAc)",-9.18324,0.7697,0.03834800909315438
Aspartic_Acid--Pyruvic_Acid,-10.115939,0.7916,0.029474627305422805
Indole--Formaldehyde,-3.584227,0.9225,0.019178094667647375
Hydrogen_Peroxide--Morpholine,-6.167047,0.8603,0.03161733783042134
Ethylamine--Benzophenone,-3.327704,0.9292,0.0062814070823246524
Salicylic_Acid--Carbon_Dioxide,-5.090944,0.7919,0.03590107696147365
"N-Methylformamide--N,N-Dimethylacetamide_(DMAc)",-10.701224,0.7456,0.04729495745952299
Hydrogen_Peroxide--Benzaldehyde,-5.059466,0.8255,0.03993986475345042
Butan-1-ol--Acetaldehyde,-4.476622,0.8831,0.0059736548358741304
Guanine--Ethyl_Acetate,-8.740365,0.6856,0.02634214223183141
Guanine--Dimethyl_Ether,-8.954401,0.6851,0.030873960237187102
Propan-1-ol--Pyridine,-5.774625,0.9101,0.01633161643557126
Formamide--Pyridine,-8.22488,0.8239,0.1465498372036598
Lactic_Acid--Sulfate_Ion,-36.633875,0.7719,0.12371445010111162
Thymine--Valerolactone,-8.886795,0.7115,0.01526679077161989
Acetamide--Acetic_Acid,-8.959961,0.8015,0.03954900069084751
Pyrrolidone--Ethanol,-9.810523,0.8793,0.04262813279348332
N-Methylacetamide--N-Methyl-2-pyrrolidone_(NMP),-10.326408,0.7715,0.025428002605172906
Glycerol--Tetrahydrofuran_(THF),-4.914239,0.878,0.014438779295089061
Glycerol--Acetamide,-7.276714,0.761,0.05982264453850887
Methanol--Butan-2-one_(MEK),-6.698222,0.8647,0.03242859822827187
Fructose--Acetamide,-6.796312,0.7386,0.032700520041136626
Aniline--Trioxane,-4.534273,0.933,0.007864192890459955
Glutamic_Acid--Phenol,-7.062399,0.8552,0.03476243590608269
Chloroacetic_Acid--Phenol,-7.7487,0.8673,0.045851693082925
"Trifluoroethanol--N,N-Dimethylformamide_(DMF)",-12.924593,0.7967,0.03207581781463443
Ethanol--Diethyl_Ether,-6.384671,0.9363,0.029440794324335887
Citric_Acid--Phenol,-10.275319,0.8524,0.014393373043643489
Dimethylamine--Formaldehyde,-2.056694,0.9192,0.023240212482408155
Pyrrolidine--Formaldehyde,-2.036498,0.9177,0.004589794168385859
Tryptophan--Oxime,-3.691284,0.8762,0.010915792952981191
Glucose--Vinyl_Acetate,-6.953842,0.8439,0.04122452556357431
Glycerol--N-Methyl-2-pyrrolidone_(NMP),-13.250755,0.8237,0.037149201210058116
Serine--Sulfate_Ion,-38.062041,0.7275,0.05584790032790427
Chloroacetic_Acid--Propylene_Carbonate,-8.214742,0.8003,0.01743087556737329
Chloroacetic_Acid--Isoquinoline,-12.415115,0.897,0.032889620551121275
"Butan-2-ol--N,N-Dimethylformamide_(DMF)",-10.254284,0.8581,0.0333600157495446
Thymine--Phosphate_Ion,-52.779725,0.5977,0.2774931193286727
Ammonia--Sulfate_Ion,-2.539343,0.7647,0.012641956096085816
Guanine--Cyclohexanone,-11.104267,0.7499,0.02374660908634303
Diethanolamine--Dimethyl_Ether,-5.804197,0.8688,0.029423791652821708
Tryptophan--Benzophenone,-6.430354,0.9089,0.008043103195664482
Hydroquinone--Propylene_Carbonate,-6.846012,0.7332,0.006104180086080528
Butan-1-ol--Acetophenone,-6.514356,0.9234,0.020292447979466777
Ammonia--Gamma-Butyrolactone_(GBL),-5.113112,0.8166,0.01508032295128925
Saccharin--Acetic_Acid,-15.67011,0.7786,0.10839405754573356
Citric_Acid--Quinoline,-11.284037,0.808,0.02235617642482933
Ethanol--Gamma-Butyrolactone_(GBL),-5.531575,0.7591,0.010242886373516249
Cyclohexanol--Acetone,-6.662181,0.8704,0.0169678182616023
Chloroacetic_Acid--Acetophenone,-11.108774,0.9,0.062449514196964526
Citric_Acid--Benzaldehyde,-6.753006,0.765,0.013466785826778193
Threonine--Pyruvic_Acid,-9.517425,0.8118,0.028788450246482234
Butanoic_Acid--Dimethyl_Sulfoxide_(DMSO),-15.296156,0.889,0.05263031988581822
Hydrazine--Urea,-9.573812,0.6995,0.1018660338855765
Glycerol--Phosphate_Ion,-40.13933,0.5206,0.0024350711280811204
Pyrrole--Quinoline,-7.112109,0.9514,0.02523994599694652
Butanoic_Acid--Acetamide,-16.548137,0.8727,0.05863772430183986
Piperidine--Methanol,-2.860284,0.9524,0.004893896233721581
Hydrogen_Peroxide--Trioxane,-5.758929,0.8768,0.03973268152978624
Butylamine--Trioxane,-2.598775,0.9344,0.004804593287833737
Cyclohexanol--Propan-2-ol,-5.810361,0.9232,0.01895384900179577
Glycerol--Methanol,-4.991129,0.8235,0.03375821492476852
Uracil--Phenol,-7.258212,0.7641,0.02341719344588102
Ethylene_Glycol--Benzaldehyde,-5.500262,0.8433,0.022019746765363026
Hydroxylamine--Morpholine,-5.832172,0.8792,0.031491987608505266
Fructose--Tetrahydrofuran_(THF),-5.787464,0.8378,0.025342287289695304
Ethanol--Dimethyl_Sulfoxide_(DMSO),-8.184242,0.8266,0.057204199764949185
Urea--Methanol,-6.472881,0.7035,0.051543292891796176
Methanol--Ethanol,-4.986903,0.8589,0.03574715913777868
Histidine--Phenol,-4.508341,0.8365,0.00718762778978627
Diethanolamine--Valerolactone,-7.954172,0.8002,0.0161683604866938
Ethylene_Glycol--Acetamide,-9.603093,0.7826,0.07630311497073732
Acetic_Acid--Benzaldehyde,-9.091675,0.888,0.04941412389932636
Glycine--Tetrahydrofuran_(THF),-9.440063,0.9097,0.04785799442144182
Methylamine--2-Picoline,-3.501989,0.942,0.017759344607173006
Pyrrolidone--Methyl_Acetate,-6.849097,0.8104,0.025983242969272662
Formamide--Pyruvic_Acid,-11.687565,0.7002,0.08850501852017245
Sulfuric_Acid--N-Methyl-2-pyrrolidone_(NMP),-22.318313,0.7837,0.03965138924412862
Glutamic_Acid--Acetic_Acid,-17.116584,0.8609,0.1126573787368029
Glycerol--Benzophenone,-8.16515,0.8712,0.02149672140412565
Indole--Acetaldehyde,-4.429691,0.9002,0.0065515329949608035
Saccharin--Urea,-16.439847,0.6851,0.08287936661412329
Salicylic_Acid--Pyruvic_Acid,-9.150933,0.7758,0.012463856170009212
Sulfuric_Acid--Formaldehyde,-39.264961,0.6724,0.06390350393437051
Threonine--Diethyl_Ether,-9.224619,0.8736,0.023884441648857314
Indole--Benzophenone,-8.072701,0.9608,0.016079897110262673
Cyclohexanol--Ethanol,-5.566242,0.9198,0.02228419863408805
N-Methylacetamide--Propan-1-ol,-6.278569,0.8139,0.019089005784170682
Hydrogen_Peroxide--Dimethyl_Sulfoxide_(DMSO),-9.560441,0.7559,0.10222752830736653
Hydroquinone--Trioxane,-5.895919,0.8684,0.014413560241027436
Dimethylamine--Propan-2-ol,-2.594546,0.9312,0.010234048653970207
Fructose--Phenol,-3.297194,0.8206,0.02158341529062565
Propanoic_Acid--Quinoline,-10.945455,0.9121,0.0456694244998936
Cytosine--Urea,-17.330495,0.7917,0.11365546279899222
Salicylic_Acid--Acetaldehyde,-9.162249,0.7982,0.03977338674828045
Tryptophan--Pyridine,-7.300673,0.8876,0.024467594917361602
Propan-2-ol--Vinyl_Acetate,-3.524653,0.893,0.013678412930497215
Urea--Quinoline,-8.187532,0.8288,0.0623851634221322
Methanol--Acetone,-7.684923,0.8456,0.030968392340848597
Glutamic_Acid--2-Picoline,-11.486911,0.8631,0.050106136243994244
Hydroquinone--Dimethyl_Ether,-6.598512,0.8809,0.023399996172174885
Benzyl_Alcohol--Benzaldehyde,-5.85162,0.905,0.01847815089364169
"Butan-1-ol--1,4-Dioxane",-5.197298,0.9304,0.021508658858586393
Saccharin--Oxime,-7.391146,0.7777,0.03194854242103367
Glutamic_Acid--Diethyl_Ether,-10.076124,0.8769,0.03743012337430076
Indole--Propan-2-ol,-5.116061,0.9347,0.021647546442984198
Thymine--Anisole,-8.131322,0.8555,0.03850260107444291
Cytosine--Propan-1-ol,-8.254826,0.8636,0.02760022872262828
N-Methylacetamide--Valerolactone,-7.472783,0.7212,0.007613746819493013
Resorcinol--Tetrahydrofuran_(THF),-6.62532,0.8871,0.012143008586055822
Guanine--Isoquinoline,-11.611402,0.7511,0.03436243388055187
"Butanoic_Acid--N,N-Dimethylacetamide_(DMAc)",-13.969733,0.9005,0.04979892332361857
N-Methylformamide--Benzaldehyde,-6.632001,0.8204,0.013392563160751153
Glycerol--Formaldehyde,-3.564413,0.8108,0.043838063581865434
Acetamide--Pyrimidine,-6.36367,0.7843,0.05308969365009864
Formamide--Phosphate_Ion,-27.979784,0.533,0.017173646220001084
Threonine--Methyl_Acetate,-6.85263,0.842,0.0201891795462749
N-Methylformamide--Methanol,-6.042884,0.7383,0.02908234959689692
Barbituric_Acid--Diethyl_Ether,-10.067772,0.8298,0.04387351454117688
Chloroacetic_Acid--2-Picoline,-12.86343,0.8778,0.02964336964609772
Aniline--2-Picoline,-6.817213,0.9579,0.017532915226724545
"Chloroacetic_Acid--N,N-Dimethylformamide_(DMF)",-9.61985,0.7393,0.046719335295847327
Resorcinol--Sulfate_Ion,-5.257524,0.7906,0.016086274502096147
Glycine--Acetaldehyde,-9.463381,0.8614,0.048807343144687494
"Diethanolamine--N,N-Dimethylacetamide_(DMAc)",-14.503104,0.8137,0.05269924242214582
Thymine--Methyl_Acetate,-6.90087,0.7664,0.027868344672624674
Diethanolamine--Acetic_Acid,-13.290187,0.8542,0.07651878841003333
Catechol--Gamma-Butyrolactone_(GBL),-7.4238,0.7348,0.015036536068083868
Sulfuric_Acid--Ethanol,-15.060724,0.7815,0.12395594447124866
Lactic_Acid--18-Crown-6,-10.584372,0.9052,0.025910656351673694
Lactic_Acid--Oxime,-8.316092,0.9034,0.05755369557158957
Barbituric_Acid--18-Crown-6,-11.206021,0.8555,0.024440500732178932
Dimethylamine--Ethylene_Carbonate,-2.9433,0.7499,0.008278405046050406
Thymine--Dimethyl_Ether,-8.198903,0.8118,0.0229755298710841
Acetic_Acid--Sulfate_Ion,-36.542795,0.6791,0.1358846918739158
Benzyl_Alcohol--Propan-2-ol,-6.821029,0.9127,0.020348498970812253
Chloroacetic_Acid--Morpholine,-9.313173,0.8723,0.05199418200050739
Catechol--Ethylene_Carbonate,-6.288863,0.6776,0.00456770403956773
"Acetic_Acid--1,4-Dioxane",-8.581227,0.8904,0.04432838604474488
Hydrogen_Peroxide--Diethyl_Ether,-6.297662,0.9024,0.03519837122635787
Indole--Dimethyl_Sulfoxide_(DMSO),-8.702466,0.8839,0.03161222257280425
Ethylamine--Acetaldehyde,-2.962468,0.8908,0.007524058839268232
Ammonia--Pyridine,-2.90768,0.8923,0.014744949703722126
N-Methylformamide--Butan-2-one_(MEK),-7.916185,0.7976,0.026066033691808318
Butylamine--Benzophenone,-2.978968,0.9391,0.007410356948556287
Resorcinol--Isoquinoline,-7.984605,0.8832,0.017634282118497897
Barbituric_Acid--Butan-2-one_(MEK),-9.79409,0.7701,0.053466460173910116
Methanol--Pyrimidine,-4.595873,0.8511,0.04480238416375067
Citric_Acid--Benzophenone,-10.200532,0.8453,0.01214215372642688
Propanoic_Acid--Propylene_Carbonate,-7.748202,0.8236,0.017953817527671254
Propylamine--Acetophenone,-3.759139,0.9202,0.01554929616369565
Phenol--Vinyl_Acetate,-7.273682,0.9299,0.021837340570781603
Tryptophan--Isoquinoline,-7.609976,0.8983,0.024054661576175425
Benzoic_Acid--Gamma-Butyrolactone_(GBL),-11.688811,0.8995,0.041360877759414084
Butan-2-ol--Methyl_Acetate,-4.532285,0.9015,0.022022950751451987
Pyrrole--Pyrazine,-4.996243,0.9188,0.047677595409468844
Butylamine--Anisole,-2.882099,0.9785,0.009138008798429364
"Propylamine--1,4-Dioxane",-3.738654,0.9407,0.011027006715667436
Butan-2-ol--Dimethyl_Sulfoxide_(DMSO),-8.369667,0.8665,0.03758082609178151
Serine--Methyl_Acetate,-7.002334,0.8361,0.025289330473201907
Acetamide--Acetaldehyde,-8.283863,0.8152,0.06054373601071737
Ethylene_Glycol--Carbon_Dioxide,-2.095142,0.8097,0.00875840664267799
Ethanol--Butan-2-one_(MEK),-6.891907,0.8803,0.03616769308457633
Saccharin--2-Picoline,-13.681328,0.8197,0.010265533898612761
Formamide--Anisole,-5.341649,0.8249,0.0306407628705056
Serine--Gamma-Butyrolactone_(GBL),-11.986849,0.8469,0.028302489652733874
Tryptophan--Cyclohexanone,-5.648973,0.8775,0.003909388454452391
Ethylene_Glycol--2-Picoline,-7.321263,0.8687,0.03712718197203849
Cytosine--Diethyl_Ether,-8.130762,0.889,0.02215685651973576
Methylamine--Dimethyl_Sulfoxide_(DMSO),-6.679021,0.8688,0.03804258234289772
Thymine--Propan-1-ol,-10.483801,0.868,0.03974965501097162
Hydroxylamine--N-Methyl-2-pyrrolidone_(NMP),-7.527271,0.8298,0.01826200901906933
Ethylamine--Valerolactone,-5.17251,0.8634,0.006983914045201505
Histidine--Butan-2-one_(MEK),-7.725496,0.8339,0.020986461946680482
Propanoic_Acid--Ethyl_Acetate,-7.595266,0.8922,0.02643346765049992
Salicylic_Acid--Pyridine,-9.718318,0.8187,0.0449779598213945
Urea--Phosphate_Ion,-51.051539,0.0,0.1369318768491665
Urea--Benzaldehyde,-8.000126,0.8081,0.04574107424693987
Acetic_Acid--Propan-1-ol,-9.100778,0.8657,0.06772504756935906
Imidazole--Diethyl_Ether,-6.241751,0.8922,0.01942256645132132
"Alanine--1,4-Dioxane",-9.401471,0.8956,0.046071682520835426
Acetic_Acid--Carbon_Dioxide,-4.794129,0.8595,0.049196004032474344
N-Methylacetamide--Trioxane,-5.671474,0.8078,0.01513187863200058
Glutamic_Acid--Pyrimidine,-10.062563,0.857,0.06836819113358024
Diethanolamine--Benzaldehyde,-5.741337,0.8559,0.01767578103593216
Barbituric_Acid--Benzophenone,-8.856813,0.8406,0.02161566226384814
Cytosine--Acetone,-11.482435,0.8703,0.03434034097170243
Butylamine--Acetamide,-4.668017,0.8725,0.014335516421959809
Pyrrolidine--Ethylene_Carbonate,-3.60907,0.7774,0.0033717484685992483
Histidine--Propan-1-ol,-7.505062,0.8394,0.05088568621466581
N-Methylformamide--Anisole,-5.958777,0.863,0.018390167072612165
Formamide--2-Picoline,-8.899832,0.8382,0.07307429764208155
Glycerol--Urea,-10.084191,0.7248,0.05765853750250497
Glycerol--Oxime,-7.445574,0.8431,0.06254720727735691
Glycine--Butan-2-one_(MEK),-10.818244,0.873,0.04002261655554769
Glucose--Ethylene_Carbonate,-9.122557,0.8101,0.03948193660545308
Ascorbic_Acid--Diethyl_Ether,-18.3902,0.799,0.03997083430228429
Salicylic_Acid--Acetone,-11.514983,0.8114,0.035615740107504956
Hydrazine--Pyrazine,-3.763134,0.8837,0.005644330936445473
Phenol--Dimethyl_Sulfoxide_(DMSO),-8.649623,0.7949,0.01915222091621139
Imidazole--Dimethyl_Ether,-5.434378,0.8547,0.021806419672495712
Guanine--Pyrazine,-10.80136,0.69,0.059214131824361624
Benzoic_Acid--Ethanol,-11.091362,0.949,0.08321993574021559
Sulfuric_Acid--Propylene_Carbonate,-17.241457,0.694,0.0970589385695605
Methanol--Propylene_Carbonate,-5.071202,0.6984,0.01398911896021847
Glycine--Ethylene_Carbonate,-7.492826,0.7849,0.02631633937119392
N-Methylacetamide--Methyl_Acetate,-4.794665,0.7763,0.02345304750973295
Benzoic_Acid--Phenol,-10.175341,0.9678,0.04185804882943466
Chloroacetic_Acid--Diethyl_Carbonate,15.396105,0.8728,0.02177183886298543
Tryptophan--Dimethyl_Ether,-5.351946,0.8903,0.018386483531121604
Thymine--Benzophenone,-10.664592,0.8749,0.018475974129123118
Hydroxylamine--Gamma-Butyrolactone_(GBL),-5.939012,0.814,0.013079986169955822
Benzyl_Alcohol--Acetophenone,-7.410399,0.9203,0.0338313742288181
Guanine--Methanol,-13.629626,0.6649,0.07288519574208124
Indole--Acetophenone,-5.69521,0.9207,0.02524953710497856
Ethanol--Tetrahydrofuran_(THF),-5.927675,0.9187,0.02825005548212744
Dimethylamine--Ethyl_Acetate,-2.858113,0.9187,0.015605620988125518
Hydroquinone--Anisole,-6.082651,0.9145,0.015556322692840859
Resorcinol--Dimethyl_Ether,-6.676113,0.8744,0.023543383237253808
N-Methylformamide--N-Methyl-2-pyrrolidone_(NMP),-7.238338,0.7559,0.02310381163602039
Ethanol--Phenol,-3.823131,0.9227,0.010561077637549461
Pyrrole--Methyl_Acetate,-3.318965,0.8901,0.008126734877672513
Adenine--Tetrahydrofuran_(THF),-7.922442,0.7906,0.028055838324510047
Pyrrolidone--Benzaldehyde,-8.511852,0.8832,0.021179482300817353
Hydrogen_Peroxide--Pyrimidine,-6.115724,0.8239,0.12558987173542957
Butanoic_Acid--Formaldehyde,-7.707371,0.9111,0.03917663356658987
Propan-2-ol--Acetophenone,-5.052033,0.9042,0.016692900964997103
Thymine--Sulfate_Ion,-36.186163,0.6455,0.07219125961574432
Propylamine--Trioxane,-3.311489,0.927,0.004376625537303429
Diethanolamine--Dimethyl_Sulfoxide_(DMSO),-14.666164,0.8349,0.06828019480240982
Ascorbic_Acid--Anisole,-14.240356,0.8151,0.020123430415691812
Ethanol--2-Picoline,-7.031573,0.9148,0.033257472904525576
Propylamine--Acetone,-5.887554,0.9175,0.013071550164934602
Formic_Acid--Isoquinoline,-11.749499,0.8919,0.08737684150264602
Resorcinol--Diethyl_Carbonate,-6.660658,0.8904,0.014908466975543065
Glycerol--Pyrazine,-5.582717,0.8508,0.03642092752695086
Glycerol--Pyrimidine,-5.749539,0.8499,0.028651465593518607
Pyrrolidine--Quinoline,-4.980075,0.9621,0.017041746244310096
Methanol--Methanol,-4.855174,0.8355,0.04689440498779207
Glycine--Acetophenone,-8.081072,0.8329,0.02537800791204418
Formic_Acid--Dimethyl_Ether,-8.640042,0.8786,0.0628741069894801
Citric_Acid--Acetone,-12.392783,0.774,0.02982397299037225
"Pyrrolidone--N,N-Dimethylacetamide_(DMAc)",-12.024482,0.8256,0.048702031388480095
Aniline--Diethyl_Carbonate,-7.680588,0.9432,0.008176320906198133
Chloroacetic_Acid--Sulfate_Ion,-33.525855,0.7267,0.15159508807220518
"Barbituric_Acid--1,4-Dioxane",-8.252508,0.8047,0.03867699521877844
Histidine--N-Methyl-2-pyrrolidone_(NMP),-11.340208,0.8168,0.026734693773441686
Butanoic_Acid--Oxime,-6.822426,0.9073,0.019124153720068947
"Hydrogen_Peroxide--N,N-Dimethylformamide_(DMF)",-10.378368,0.7398,0.05513341143006567
Lactic_Acid--Benzaldehyde,-10.061034,0.8941,0.042081188042823445
Butan-2-ol--Benzaldehyde,-4.904983,0.8939,0.015015751163967488
Imidazole--Acetophenone,-6.342602,0.8501,0.03563521839690392
Alanine--Propan-1-ol,-10.707766,0.9336,0.06874839933615799
Fructose--Sulfate_Ion,-32.575434,0.7316,0.08643115269062475
Ethanol--Vinyl_Acetate,-6.243255,0.9173,0.030528527446311595
Ammonia--Benzophenone,-2.667112,0.9047,0.01019041328247142
Thymine--Carbon_Dioxide,-5.05008,0.7621,0.028661413935574444
Ethanol--Ethanol,-5.994103,0.8881,0.047138734989869015
Resorcinol--Pyridine,-7.631108,0.8681,0.026062382120677862
Adenine--Propan-2-ol,-7.598582,0.7608,0.02094306426785901
Propan-1-ol--Ethylene_Carbonate,-5.243931,0.7275,0.019493523970570494
Ammonia--Dimethyl_Ether,-2.676091,0.9021,0.012974964927020697
Fructose--Dimethyl_Sulfoxide_(DMSO),-9.518696,0.7789,0.045119812309188295
"Formic_Acid--1,4-Dioxane",-9.076555,0.8774,0.0633345496758006
"Cyclohexanol--N,N-Dimethylformamide_(DMF)",-9.425265,0.8404,0.01990887037893691
"Butan-2-ol--1,4-Dioxane",-5.589539,0.9266,0.02431497814832142
Trifluoroethanol--Acetophenone,-9.936928,0.8879,0.03256677551466904
Ethanol--Trioxane,-4.932983,0.8959,0.025300674390977187
Diethanolamine--Quinoline,-6.724166,0.8813,0.027314176010596325
Ethylamine--Ethylene_Carbonate,-5.549419,0.8227,0.013207745289005153
Tryptophan--Acetic_Acid,-5.297049,0.8555,0.011682280946525658
Serine--Phenol,-10.099435,0.9146,0.034297971904467
Butanoic_Acid--Ethanol,-10.31928,0.9481,0.04317781448497146
Lactic_Acid--Cyclohexanone,-11.171221,0.8902,0.04956983067317164
Piperidine--Acetic_Acid,-2.584533,0.9161,0.006061715107764779
Barbituric_Acid--Diethyl_Carbonate,-8.615051,0.8143,0.020543861501330866
Methylamine--Quinoline,-4.102794,0.9502,0.01565437578728836
Cyclohexanol--Dimethyl_Sulfoxide_(DMSO),-6.828648,0.829,0.02273141254140264
Salicylic_Acid--N-Methyl-2-pyrrolidone_(NMP),-12.753149,0.792,0.03834113129568446
Propylamine--Benzophenone,-4.273456,0.9378,0.014906017767955755
"Oxalic_Acid--1,4-Dioxane",-11.241822,0.8191,0.05300647897278766
Piperidine--Propylene_Carbonate,-3.298299,0.8228,0.006165413055794615
Propan-1-ol--Pyruvic_Acid,-4.136641,0.8087,0.004611447832287749
Hydrazine--Sulfate_Ion,-31.989511,0.5371,0.024121839642853714
Saccharin--Benzophenone,-13.326504,0.8536,0.025062905262800413
"Methylamine--1,4-Dioxane",-2.690858,0.9184,0.006418668348403983
Urea--Diethyl_Carbonate,-4.262581,0.765,0.010081241452785038
Hydrogen_Peroxide--Cyclohexanone,-6.810855,0.8594,0.04073638125522909
Chloroacetic_Acid--Pyrazine,-10.386591,0.8689,0.10140464181856237
Threonine--Diethyl_Carbonate,-9.471851,0.8711,0.02484373315409619
Cysteine--Propan-1-ol,-11.0196,0.9112,0.043356139593584475
Acetamide--Urea,-15.846971,0.7469,0.17762610309957133
Cytosine--Quinoline,-9.918136,0.8894,0.09127267174438182
Butan-1-ol--Dimethyl_Sulfoxide_(DMSO),-6.693316,0.8268,0.01774743634304106
Acetamide--Pyruvic_Acid,-11.026571,0.7377,0.08357803713378732
Trifluoroethanol--Gamma-Butyrolactone_(GBL),-10.338564,0.8102,0.024243901087725755
Adenine--Pyrimidine,-7.785775,0.7242,0.07214482475271271
Piperidine--Pyridine,-3.717703,0.9649,0.007954000412031221
Fructose--Phosphate_Ion,-33.373933,0.6184,0.09267858918031245
Threonine--Phosphate_Ion,-66.96201,0.7324,0.05845454803858457
Catechol--Acetic_Acid,-5.96799,0.7865,0.009726929241893788
Guanine--Valerolactone,-13.935613,0.7124,0.026728715316101718
Propan-1-ol--Diethyl_Carbonate,-2.781308,0.9286,0.005020546120276773
"Guanine--N,N-Dimethylacetamide_(DMAc)",-14.281171,0.6849,0.05499021062708476
Pyrrolidine--Oxime,-3.132713,0.9523,0.013102004017959797
Propanoic_Acid--Ethanol,-10.358436,0.9376,0.06804062699397312
"Ethylamine--N,N-Dimethylformamide_(DMF)",-6.453908,0.8273,0.01073213713432429
Lactic_Acid--Phenol,-7.560634,0.8744,0.035162487972177144
Benzyl_Alcohol--Carbon_Dioxide,-2.025783,0.9122,0.004985374554112341
Saccharin--Gamma-Butyrolactone_(GBL),-12.159014,0.7726,0.033995993783054894
Cysteine--Propan-2-ol,-10.145808,0.876,0.045536522322914046
Ascorbic_Acid--Gamma-Butyrolactone_(GBL),-14.068966,0.6146,0.02276507594057943
Trifluoroethanol--Oxime,-6.370301,0.8599,0.036031632792024496
Cytosine--Butan-2-one_(MEK),-10.47116,0.8849,0.0503634156319301
Trifluoroethanol--Acetic_Acid,-9.384534,0.8595,0.027837362613649885
Pyrrole--18-Crown-6,-6.231805,0.9194,0.016954476891328174
Threonine--Propylene_Carbonate,-7.586077,0.7836,0.014397379068766435
"Saccharin--N,N-Dimethylformamide_(DMF)",-14.309894,0.7504,0.04793558787543664
Pyrrolidine--Isoquinoline,-4.151382,0.9541,0.01384829925405769
Glutamic_Acid--Pyruvic_Acid,-10.315951,0.8031,0.04495504124324491
Benzoic_Acid--Propan-1-ol,-10.583555,0.9582,0.04951386725281255
Pyrrolidone--Methanol,-6.877193,0.8234,0.029524268934574698
Oxalic_Acid--Diethyl_Ether,-11.97667,0.8468,0.048503223009148236
Guanine--Acetophenone,-11.300804,0.7552,0.03170127670588952
Glycerol--Carbon_Dioxide,-3.445439,0.8325,0.0220426305931212
Aspartic_Acid--Methanol,-10.929173,0.8459,0.0588862424210908
Butan-1-ol--Propylene_Carbonate,-5.223777,0.7697,0.013597190145622447
Imidazole--Benzaldehyde,-5.681263,0.8533,0.021145223974939453
Fructose--Methyl_Acetate,-4.447388,0.796,0.033133329216199624
Pyrrole--Morpholine,-5.223834,0.919,0.008337562722388865
Propylamine--Oxime,-3.053133,0.9433,0.009933507808747253
Ethanol--Phosphate_Ion,-32.464606,0.6461,0.19754716808586548
Uracil--18-Crown-6,-10.318888,0.8493,0.01759638473163045
Ascorbic_Acid--Acetone,-20.145442,0.7697,0.023516603195609578
Uracil--Hexamethylphosphoramide_(HMPA),-13.478511,0.8652,0.04917883316906568
Ethylene_Glycol--Pyridine,-6.13148,0.8418,0.052673713394592724
Aspartic_Acid--Ethylene_Carbonate,-7.921808,0.7512,0.018677376277670594
Diethanolamine--Morpholine,-6.194805,0.8486,0.022044728126747334
Acetamide--Morpholine,-8.198271,0.8355,0.029890104375260962
N-Methylacetamide--Methanol,-5.943328,0.7599,0.02220163170407314
"Ammonia--1,4-Dioxane",-2.534584,0.888,0.007932583050790991
Resorcinol--Diethyl_Ether,-7.906902,0.8987,0.028703896984093733
Butan-1-ol--Phenol,-3.809429,0.9409,0.007266543148670722
Ascorbic_Acid--Sulfate_Ion,-39.058891,0.6599,0.09183852348800571
Piperidine--Cyclohexanone,-2.675459,0.9225,0.0014499545219542457
"Glutamic_Acid--1,4-Dioxane",-14.153174,0.8719,0.060250904192327114
Oxalic_Acid--Phosphate_Ion,-52.23279,0.6921,0.04665203351777558
Serine--Acetone,-11.881458,0.8465,0.03200918185406229
Formic_Acid--Propan-2-ol,-11.542383,0.9255,0.09562142885778173
Uracil--Acetaldehyde,-10.531025,0.7678,0.052613839860191004
Ammonia--Phenol,-7.044413,0.8509,0.0467839390535292
Butylamine--Ethylene_Carbonate,-5.732719,0.8579,0.011824207105149264
Urea--Valerolactone,-11.035649,0.7776,0.03137649537762734
Alanine--Sulfate_Ion,-37.125276,0.7251,0.07307264213343428
Methanol--Carbon_Dioxide,-1.889953,0.853,0.009447480494247366
Butan-1-ol--Vinyl_Acetate,-6.012405,0.9423,0.018639378809675856
Butan-2-ol--Trioxane,-4.390279,0.9045,0.016489918368647823
Hydroxylamine--Diethyl_Ether,-3.966185,0.932,0.02219940489899092
"Glycine--N,N-Dimethylacetamide_(DMAc)",-12.376652,0.8208,0.06452726234024174
Acetic_Acid--Dimethyl_Sulfoxide_(DMSO),-15.41912,0.8511,0.15417272754614333
"Fructose--1,4-Dioxane",-4.919513,0.8292,0.029877652615007196
Hydrazine--Isoquinoline,-3.208886,0.8904,0.012110165296116557
Barbituric_Acid--Formaldehyde,-4.591062,0.6983,0.031149665672669715
Hydrogen_Peroxide--Propan-1-ol,-6.489297,0.9026,0.04766037867554351
Aspartic_Acid--Phenol,-9.950867,0.8941,0.01853570310189653
Thymine--Acetaldehyde,-9.764856,0.8213,0.043543363582432416
Pyrrolidone--Benzophenone,-8.381566,0.8944,0.014707497121864857
Aniline--Propan-2-ol,-4.665211,0.9358,0.014197607408584402
Saccharin--Diethyl_Carbonate,-8.803358,0.8291,0.011598917537539392
Propan-2-ol--Ethylene_Carbonate,-3.040127,0.7535,0.006460071354757924
Thymine--Gamma-Butyrolactone_(GBL),-12.713435,0.8023,0.04305576416022468
"Barbituric_Acid--N,N-Dimethylformamide_(DMF)",-13.367157,0.7227,0.06493848179212305
"Hydroxylamine--1,4-Dioxane",-4.360514,0.9081,0.01259829014424258
Fructose--Pyrimidine,-5.862163,0.7847,0.03374697108812053
Propan-1-ol--Propan-2-ol,-6.335724,0.9046,0.020310319410766473
Hydroquinone--Butan-2-one_(MEK),-6.477961,0.8403,0.011972582936420501
Ethylene_Glycol--Acetophenone,-7.118266,0.8596,0.03707298387156355
Acetic_Acid--Dimethyl_Ether,-7.924853,0.888,0.06361291282121904
Pyrrolidone--Propylene_Carbonate,-5.349726,0.6817,0.004430545634647003
N-Methylformamide--Propylene_Carbonate,-7.362252,0.6861,0.017524547332470507
"Threonine--1,4-Dioxane",-9.467953,0.8777,0.026661533079376454
Pyrrolidone--Dimethyl_Sulfoxide_(DMSO),-11.736348,0.8343,0.05030839325217066
Cytosine--Pyrazine,-8.54537,0.8619,0.07594042930552941
N-Methylacetamide--Vinyl_Acetate,-7.098231,0.8419,0.019050150676515686
Hydroxylamine--Isoquinoline,-3.783256,0.907,0.020376819149804236
Pyrrolidine--Anisole,-3.093106,0.986,0.018157702244181808
Fructose--Pyruvic_Acid,-4.55496,0.757,0.023426418979795315
Threonine--18-Crown-6,-10.988223,0.8914,0.016146713772870195
Threonine--Trioxane,-8.551045,0.8693,0.02572609424280855
Chloroacetic_Acid--Dimethyl_Ether,-9.881553,0.8999,0.06831069035590472
Acetic_Acid--Phenol,-6.859224,0.8636,0.02776568506629048
Ethylamine--Acetamide,-7.779721,0.8674,0.04097813694830962
Thymine--Propylene_Carbonate,-12.297261,0.8024,0.011040001972043013
Acetamide--N-Methyl-2-pyrrolidone_(NMP),-12.35893,0.8334,0.05024081625099886
Methanol--Valerolactone,-5.420507,0.7478,0.009833284899859457
Acetic_Acid--Ethyl_Acetate,-6.626475,0.8667,0.03583658579505999
Histidine--Gamma-Butyrolactone_(GBL),-8.971474,0.7956,0.015946208184421364
Hydroxylamine--Methyl_Acetate,-3.577918,0.8556,0.016227929607666676
Serine--2-Picoline,-11.302052,0.8514,0.03368847922928169
Ascorbic_Acid--Dimethyl_Ether,-15.663193,0.7658,0.018622170415844467
Methylamine--Isoquinoline,-3.300819,0.9389,0.011220963940357003
Benzoic_Acid--Benzophenone,-11.241768,0.9245,0.023693785711352684
Indole--Ethyl_Acetate,-4.605571,0.9171,0.005123150125984695
Formic_Acid--Vinyl_Acetate,-10.767981,0.9056,0.07303677694945711
Catechol--Dimethyl_Ether,-5.802375,0.8651,0.025496651308416107
Hydroxylamine--Propan-1-ol,-4.612622,0.9206,0.019510163847998245
Propylamine--Ethanol,-3.065204,0.9276,0.004044078191566612
Hydroxylamine--Sulfate_Ion,-26.697781,0.6559,0.27543443803016004
Cytosine--Cyclohexanone,-9.588307,0.8812,0.032720046981083585
Tryptophan--Hexamethylphosphoramide_(HMPA),-7.637742,0.8908,0.029273510110084975
Adenine--Pyruvic_Acid,-6.461868,0.6978,0.010364193039886636
Formamide--Propylene_Carbonate,-4.515925,0.6185,0.01040234201958797
Indole--Dimethyl_Ether,-5.057784,0.9477,0.008236193050584198
Formic_Acid--Oxime,-7.254835,0.8433,0.07602601534955092
Aspartic_Acid--Diethyl_Ether,-10.503676,0.8678,0.046462803736334844
Pyrrole--Acetophenone,-5.315207,0.914,0.0315471128494233
Phenol--Diethyl_Ether,-7.841235,0.9469,0.037519297048732525
Ethanol--Propan-1-ol,-5.251795,0.8908,0.021492769589613322
Chloroacetic_Acid--Methyl_Acetate,-7.003815,0.8478,0.03515189883290352
Fructose--Morpholine,-4.743115,0.8196,0.025847252177503662
Salicylic_Acid--Acetamide,-16.4574,0.7896,0.09044734994814693
Formic_Acid--N-Methyl-2-pyrrolidone_(NMP),-14.23442,0.8308,0.04832873156371673
Ammonia--Formaldehyde,-2.033273,0.8282,0.01777042581198915
Ammonia--Phosphate_Ion,-30.757295,0.4162,0.2138045618554097
Butan-2-ol--N-Methyl-2-pyrrolidone_(NMP),-9.582008,0.8631,0.024094788548156405
Pyrrole--Sulfate_Ion,-3.956994,0.8476,0.01605233865985063
Pyrrolidone--Formaldehyde,-7.331361,0.8576,0.03496367125275135
Trifluoroethanol--Butan-2-one_(MEK),-10.284113,0.8691,0.0414283060289106
Guanine--Diethyl_Ether,-9.312559,0.7345,0.029494172315573306
Butylamine--Pyrazine,-2.742454,0.9476,0.008082731152024668
Cytosine--Acetophenone,-9.813653,0.8813,0.04647567806134828
Pyrrolidine--Phosphate_Ion,-51.306898,0.6124,0.047339235018255224
Threonine--Benzophenone,-12.571465,0.8891,0.030442332575432395
Hydrazine--Vinyl_Acetate,-5.606859,0.8972,0.028632259747188374
Ethanol--Pyridine,-5.650971,0.8929,0.04596615948224819
Ascorbic_Acid--Ethyl_Acetate,-13.962572,0.7652,0.021288782011944164
Fructose--Trioxane,-4.516561,0.8154,0.02382506574006073
Histidine--Acetaldehyde,-5.646461,0.8092,0.02025864696873997
Propylamine--Ethylene_Carbonate,-3.969702,0.7939,0.004412343379620989
Alanine--Oxime,-6.983092,0.871,0.028914096541733204
Propylamine--Pyrazine,-3.074228,0.9395,0.0007933069556270876
Threonine--Pyrazine,-9.468567,0.8412,0.03174085462168606
Formic_Acid--Formaldehyde,-8.189302,0.8432,0.18859875186296327
"Aspartic_Acid--N,N-Dimethylformamide_(DMF)",-15.356712,0.7762,0.04313193423818691
Hydroxylamine--Propan-2-ol,-4.370262,0.8913,0.020464326195463473
Histidine--Isoquinoline,-6.774648,0.8513,0.019776450537390272
Guanine--Pyruvic_Acid,-17.141966,0.6347,0.01453997799496794
Ethylamine--Acetone,-5.749627,0.9073,0.014066749944636024
Ascorbic_Acid--Pyruvic_Acid,-17.857678,0.7514,0.017490582299896192
Ammonia--Dimethyl_Sulfoxide_(DMSO),-6.781757,0.8342,0.049928439422458115
Butanoic_Acid--N-Methyl-2-pyrrolidone_(NMP),-14.417533,0.8824,0.03370745711304421
Uracil--Butan-2-one_(MEK),-11.884479,0.7975,0.03182139768890465
Tryptophan--Formaldehyde,-3.819618,0.8665,0.011732297879904891
Benzyl_Alcohol--Acetone,-6.372682,0.8694,0.011453805463030362
Benzoic_Acid--Anisole,-7.005788,0.9328,0.025931765129438115
Glutamic_Acid--Vinyl_Acetate,-10.947472,0.8679,0.03912488884374921
Serine--18-Crown-6,-11.236544,0.8908,0.020231630624434078
Dimethylamine--Cyclohexanone,-2.445781,0.8996,0.00267898968552365
Chloroacetic_Acid--Propan-1-ol,-9.427537,0.8717,0.05350239763870145
Hydroquinone--Ethylene_Carbonate,-4.856325,0.71,0.004753714544747278
Uracil--Sulfate_Ion,-34.438206,0.5571,0.09112933054981957
Uracil--Benzaldehyde,-10.021871,0.8242,0.026635442485498005
Indole--2-Picoline,-7.712346,0.9517,0.030668306030745423
Lactic_Acid--Ethanol,-10.736842,0.9151,0.07393032071412854
Benzoic_Acid--Oxime,-8.51643,0.933,0.07980828409215611
Fructose--Isoquinoline,-7.947123,0.8228,0.04108530020537189
Catechol--Hexamethylphosphoramide_(HMPA),-8.409035,0.8565,0.013666121022043986
Imidazole--Ethyl_Acetate,-4.288684,0.8243,0.021436334953946565
Lactic_Acid--Dimethyl_Ether,-8.878109,0.886,0.0546732536969548
Ascorbic_Acid--Diethyl_Carbonate,-20.352536,0.8524,0.017801018666580026
Propylamine--Acetic_Acid,-10.555904,0.8971,0.06671717918696142
Saccharin--Propylene_Carbonate,-11.091731,0.7501,0.024339296472237423
N-Methylacetamide--2-Picoline,-8.694497,0.8356,0.0285931141262611
Thymine--Quinoline,-11.506148,0.8333,0.0569562112416635
Citric_Acid--Hexamethylphosphoramide_(HMPA),-10.689701,0.8208,0.02453001635046227
Adenine--Acetamide,-9.266253,0.6565,0.02661545962041561
Pyrrolidine--Butan-2-one_(MEK),-4.268214,0.9209,0.012629483485597202
Acetic_Acid--N-Methyl-2-pyrrolidone_(NMP),-13.249792,0.8391,0.03889700272689241
Dimethylamine--Benzophenone,-2.884408,0.9358,0.012104634423818084
N-Methylformamide--Acetamide,-8.994163,0.7002,0.0408756163435411
Benzoic_Acid--2-Picoline,-10.813675,0.9158,0.053484351065429
Glutamic_Acid--Benzophenone,-12.953167,0.8769,0.03276066184856011
Trifluoroethanol--Propylene_Carbonate,-10.142292,0.7879,0.022861331744782668
Serine--Dimethyl_Sulfoxide_(DMSO),-16.119961,0.8363,0.07017091216901536
Saccharin--Ethanol,-10.492126,0.8087,0.037400179657021616
Acetamide--Benzaldehyde,-7.755899,0.8533,0.03025825002196885
Fructose--N-Methyl-2-pyrrolidone_(NMP),-8.039088,0.7813,0.03343485836255458
Chloroacetic_Acid--Diethyl_Ether,-10.60692,0.9185,0.08095040018668913
Chloroacetic_Acid--Valerolactone,-12.887339,0.8701,0.07543764396227094
"Pyrrole--N,N-Dimethylformamide_(DMF)",-5.889228,0.8284,0.010396868137931427
Chloroacetic_Acid--Acetaldehyde,-9.63286,0.8478,0.09022035900137311
Lactic_Acid--Benzophenone,-10.369401,0.9267,0.02064606240249831
Serine--Isoquinoline,-10.582278,0.8623,0.027015090511766055
Cytosine--Propan-2-ol,-10.788312,0.9077,0.04343025939845291
Propan-2-ol--Sulfate_Ion,-2.921052,0.8313,0.015425797442634462
Ammonia--Ethylene_Carbonate,-4.427144,0.722,0.017243703009104643
Glucose--Quinoline,-7.504192,0.8476,0.03307958426082881
Tryptophan--Ethanol,-5.568485,0.8723,0.016507659138475773
Propan-1-ol--Oxime,-4.572155,0.9085,0.015747284433789987
Adenine--Acetaldehyde,-6.661644,0.7069,0.024345493162035516
Cytosine--Formaldehyde,-7.280511,0.8621,0.05887110654060372
Oxalic_Acid--Propylene_Carbonate,-13.994255,0.7724,0.047976393175058155
Alanine--N-Methyl-2-pyrrolidone_(NMP),-14.747916,0.843,0.044993047051333585
Benzyl_Alcohol--Gamma-Butyrolactone_(GBL),-5.75905,0.8126,0.006914138039260623
Pyrrolidone--Oxime,-8.529884,0.8298,0.058617289681669
Butan-1-ol--N-Methyl-2-pyrrolidone_(NMP),-9.36859,0.8684,0.01818922779927841
Lactic_Acid--Propan-2-ol,-11.706311,0.925,0.06508832964997487
Butylamine--Diethyl_Carbonate,-4.936658,0.9355,0.01000443335763632
Butylamine--Carbon_Dioxide,-1.111775,0.9518,0.001561657570151689
Pyrrole--Oxime,-3.830916,0.9238,0.010562552444161344
Cysteine--Phenol,-9.864633,0.9094,0.02331788516729541
Pyrrole--Dimethyl_Sulfoxide_(DMSO),-6.379029,0.8122,0.02228566927065296
Chloroacetic_Acid--Anisole,-7.795205,0.9095,0.03838422178104577
Tryptophan--N-Methyl-2-pyrrolidone_(NMP),-7.31076,0.8487,0.006726017490314027
Cyclohexanol--Butan-2-one_(MEK),-7.627331,0.9147,0.028887996217745158
Oxalic_Acid--Dimethyl_Sulfoxide_(DMSO),-18.018774,0.7502,0.06710365219010443
Propylamine--Pyrimidine,-3.344173,0.9324,0.008980312912179171
Alanine--Benzaldehyde,-9.376812,0.8894,0.02296795706578576
Phenol--N-Methyl-2-pyrrolidone_(NMP),-8.158785,0.85,0.008546786489037252
N-Methylformamide--Urea,-9.914751,0.6295,0.04983269236398527
Phenol--Propylene_Carbonate,-6.755836,0.7804,0.010524871899736358
Ammonia--Oxime,-6.798072,0.7895,0.0840715580226931
Phenol--Benzophenone,-7.476914,0.9315,0.01040983976404084
Glucose--2-Picoline,-8.45474,0.8405,0.05084621672009051
Threonine--Acetophenone,-10.478269,0.8708,0.020143908126348038
Citric_Acid--Dimethyl_Ether,-8.479667,0.79,0.026753058660299547
Phenol--Anisole,-6.101233,0.9559,0.013458740416156538
Benzyl_Alcohol--Dimethyl_Sulfoxide_(DMSO),-8.726973,0.8712,0.03808720879555982
Uracil--Pyrazine,-9.87405,0.7632,0.05313157621185419
Adenine--Hexamethylphosphoramide_(HMPA),-10.231976,0.835,0.027226296440741062
"Urea--1,4-Dioxane",-7.470699,0.7929,0.026284950037631687
"Glycerol--N,N-Dimethylformamide_(DMF)",-9.863019,0.793,0.045766496243287394
Hydroquinone--Propan-2-ol,-7.470003,0.8666,0.016155201208470717
Propanoic_Acid--Valerolactone,-11.541472,0.8506,0.04038030094442237
Guanine--Ethylene_Carbonate,-14.866985,0.6807,0.03852833165426624
Piperidine--Gamma-Butyrolactone_(GBL),-3.426096,0.8625,0.004505024063554896
Phenol--Acetamide,-10.315948,0.8489,0.03655818879303018
Indole--Cyclohexanone,-5.314675,0.9199,0.011775582967458162
Glycerol--Acetic_Acid,-6.230773,0.8128,0.030942827172888425
Propan-1-ol--Sulfate_Ion,-4.536481,0.8338,0.016060771884840536
Aniline--N-Methyl-2-pyrrolidone_(NMP),-8.381596,0.8809,0.009575375834831068
Imidazole--Propan-1-ol,-5.617576,0.8471,0.01754023921922031
Acetic_Acid--Oxime,-8.252632,0.8982,0.11586808277143468
Fructose--Dimethyl_Ether,-5.053287,0.8132,0.039005447578390265
Propan-1-ol--Methyl_Acetate,-4.160385,0.8781,0.010249206774707793
Salicylic_Acid--Quinoline,-10.385512,0.8498,0.032426848198559934
N-Methylformamide--Propan-1-ol,-6.454575,0.8102,0.024117504184020103
Guanine--Acetic_Acid,-11.782813,0.6691,0.043143567279218815
Barbituric_Acid--2-Picoline,-13.217337,0.8302,0.05574499468879883
Propan-2-ol--2-Picoline,-5.493232,0.9255,0.03054910523809511
Aspartic_Acid--Tetrahydrofuran_(THF),-10.738863,0.8638,0.04050542320377072
Piperidine--Diethyl_Ether,-3.596537,0.9724,0.012390799727118243
"Ethylene_Glycol--1,4-Dioxane",-5.596417,0.865,0.030126078993224784
Cyclohexanol--Acetic_Acid,-12.064422,0.9527,0.05692704315312086
"Glutamic_Acid--N,N-Dimethylformamide_(DMF)",-12.60525,0.7922,0.06027112336007117
Hydrogen_Peroxide--Propylene_Carbonate,-4.924205,0.7332,0.013931263728550447
Diethanolamine--Butan-2-one_(MEK),-7.577251,0.8341,0.03628005778022642
"Guanine--1,4-Dioxane",-9.780732,0.7156,0.02480915095457025
Sulfuric_Acid--Dimethyl_Sulfoxide_(DMSO),-24.270315,0.7135,0.10951637286723521
Saccharin--Butan-2-one_(MEK),-10.411526,0.7931,0.03751115155698358
Glycine--Urea,-17.309233,0.7691,0.11832917360259575
Propanoic_Acid--Methanol,-10.00088,0.9194,0.07151827241537129
Saccharin--Pyrazine,-9.450484,0.7824,0.044905330113310174
Methanol--N-Methyl-2-pyrrolidone_(NMP),-9.600924,0.8321,0.03165461805033716
Resorcinol--Pyruvic_Acid,-6.739446,0.8098,0.015105825568544864
Alanine--Acetone,-12.099621,0.869,0.0713007155048603
Piperidine--Formaldehyde,-2.175819,0.9541,0.008804512071998942
Hydroquinone--Gamma-Butyrolactone_(GBL),-7.145972,0.7764,0.007205168397359639
Guanine--Butan-2-one_(MEK),-12.574054,0.7358,0.04182979120114724
Cyclohexanol--Anisole,-5.181121,0.966,0.020450977875111062
Ammonia--Carbon_Dioxide,-1.007469,0.8485,0.00409426331684032
Butan-1-ol--Methanol,-4.801064,0.9011,0.014937052647525501
"Chloroacetic_Acid--N,N-Dimethylacetamide_(DMAc)",-13.769684,0.8274,0.06908890869157705
"Cysteine--1,4-Dioxane",-9.775143,0.887,0.030300477307607286
Citric_Acid--Pyrimidine,-10.033494,0.7862,0.035596592641832306
Pyrrolidone--Hexamethylphosphoramide_(HMPA),-10.752794,0.8999,0.03764442208811218
Butan-2-ol--Acetaldehyde,-4.057316,0.8639,0.014623643037351735
"Hydrogen_Peroxide--1,4-Dioxane",-5.609841,0.879,0.019807599398243877
Methylamine--Vinyl_Acetate,-2.964047,0.9075,0.013834583969571879
Guanine--Acetone,-13.654551,0.7117,0.039122407665801794
Glycerol--Ethyl_Acetate,-5.423718,0.855,0.01993163188531728
Ethylene_Glycol--Pyrimidine,-5.060247,0.8176,0.04417365367187502
Glucose--Ethanol,-5.162068,0.8201,0.031278054468811586
Ethylamine--Trioxane,-2.896014,0.919,0.0037866625820963925
Propylamine--Diethyl_Carbonate,-1.150963,0.9184,0.001037985851633896
Methanol--Vinyl_Acetate,-5.904375,0.9063,0.023189518611404048
N-Methylacetamide--Ethyl_Acetate,-5.277066,0.8025,0.017993017359209138
Cysteine--Acetamide,-16.813213,0.823,0.05917692666529127
Propylamine--Valerolactone,-3.714635,0.8286,0.0005307427281640193
Ethanol--Carbon_Dioxide,-2.026962,0.8758,0.009086941013213577
Benzoic_Acid--Butan-2-one_(MEK),-10.746688,0.9078,0.05412419195244959
Methylamine--Ethanol,-2.605233,0.9024,0.009120872685412127
Pyrrolidine--Acetaldehyde,-2.349022,0.8979,0.003671779178076153
Cytosine--Phenol,-10.776967,0.9078,0.06690823822900652
Sulfuric_Acid--Phenol,-14.252999,0.8218,0.07941354744593332
Threonine--Vinyl_Acetate,-10.375805,0.8702,0.03269271788325492
Methanol--Phenol,-3.610511,0.9106,0.008150497195325795
Acetic_Acid--Ethanol,-10.937607,0.9209,0.13634268535264898
Methanol--Acetaldehyde,-4.459075,0.8182,0.033253762952737534
Thymine--Trioxane,-8.892594,0.8133,0.02863504116851766
"Adenine--N,N-Dimethylacetamide_(DMAc)",-10.453505,0.7211,0.03269367560404246
Benzoic_Acid--Pyridine,-10.173091,0.9056,0.13196535924745453
Propan-1-ol--Pyrimidine,-4.789251,0.8904,0.029312983774707254
Oxalic_Acid--Anisole,-8.973726,0.8355,0.032596321687470335
Pyrrole--Vinyl_Acetate,-4.788433,0.9229,0.01523574894197186
"Acetamide--1,4-Dioxane",-7.641473,0.8411,0.03215448158068499
"Propanoic_Acid--1,4-Dioxane",-9.204391,0.9127,0.044412851736147
Piperidine--Quinoline,-4.456986,0.9741,0.011004770635205339
Histidine--Pyrazine,-5.173704,0.823,0.021134682096198155
Catechol--Quinoline,-6.841714,0.8899,0.03547096858683184
Indole--Methyl_Acetate,-3.655058,0.9094,0.001072406809343647
Salicylic_Acid--Valerolactone,-12.06712,0.8206,0.028316047865450465
Propan-1-ol--Valerolactone,-5.750053,0.7996,0.001350963166938391
Cytosine--Ethanol,-10.124862,0.8981,0.05654497232956298
Sulfuric_Acid--Ethylene_Carbonate,-16.978745,0.661,0.11113715614336525
Trifluoroethanol--Phosphate_Ion,-45.567933,0.7413,0.24747157507290318
Barbituric_Acid--Trioxane,-9.362918,0.7887,0.04927788012470782
Propan-2-ol--Dimethyl_Ether,-3.867126,0.9205,0.020625511021012274
Cyclohexanol--Quinoline,-6.662762,0.9573,0.019673376706390345
Tryptophan--Methyl_Acetate,-4.69703,0.8662,0.01458540787667968
Pyrrolidine--Propan-2-ol,-2.826322,0.9233,0.008721062482041953
Butanoic_Acid--Urea,-17.310591,0.8192,0.07501172370480312
Alanine--18-Crown-6,-10.517667,0.9062,0.014513598277832874
Propan-2-ol--Methanol,-3.635369,0.878,0.02746311896825554
Phenol--2-Picoline,-9.022979,0.9386,0.03505633525649737
Hydrogen_Peroxide--18-Crown-6,-7.534244,0.8959,0.017905752176274194
Methylamine--Diethyl_Ether,-3.131467,0.9478,0.02232742812101505
Sulfuric_Acid--Sulfate_Ion,-55.742753,0.6469,0.3188184627278359
Catechol--Vinyl_Acetate,-6.093014,0.8472,0.018545423481384646
Fructose--2-Picoline,-7.634287,0.8192,0.043444879583131306
Catechol--Pyridine,-7.10375,0.8533,0.04870130163026027
Butan-2-ol--Dimethyl_Ether,-5.315126,0.9239,0.0157443612308637
Oxalic_Acid--Cyclohexanone,-12.556511,0.8154,0.05315425014724818
Butanoic_Acid--Pyrazine,-9.141844,0.9113,0.036867417236108244
Hydroxylamine--18-Crown-6,-4.998948,0.9064,0.017598211212203507
"Citric_Acid--N,N-Dimethylacetamide_(DMAc)",-15.324201,0.7967,0.038558314291983774
N-Methylformamide--Pyruvic_Acid,-6.38998,0.7335,0.015962914782600642
Resorcinol--Gamma-Butyrolactone_(GBL),-7.596405,0.7522,0.010711304969675579
Fructose--Butan-2-one_(MEK),-5.381176,0.8028,0.027888256646908575
Acetic_Acid--Vinyl_Acetate,-10.021871,0.9066,0.05875789393540297
Ethylamine--Ethanol,-3.941501,0.9223,0.015074151281772984
Piperidine--Benzophenone,-3.316715,0.9492,0.009554223966581288
Butan-1-ol--Cyclohexanone,-4.759593,0.8882,0.004784896765976646
Chloroacetic_Acid--Butan-2-one_(MEK),-12.018869,0.8729,0.08968511401249667
Fructose--Ethylene_Carbonate,-4.499326,0.7313,0.029614066726036368
"Acetic_Acid--N,N-Dimethylacetamide_(DMAc)",-12.185966,0.8125,0.06545795844338857
Hydrazine--Morpholine,-3.481537,0.8675,0.00954405739206733
Glucose--Diethyl_Carbonate,-7.641042,0.8375,0.02175263857671782
Propan-2-ol--18-Crown-6,-5.742232,0.9145,0.01819094724864589
Hydrogen_Peroxide--Dimethyl_Ether,-6.105885,0.8879,0.05863205859802268
Citric_Acid--Gamma-Butyrolactone_(GBL),-12.742377,0.7911,0.03377271278806912
Ethylamine--Formaldehyde,-2.354224,0.9031,0.008178917455445068
Thymine--Acetone,-12.586015,0.8046,0.04071006964886121
N-Methylformamide--Tetrahydrofuran_(THF),-6.907198,0.8376,0.027431159728274014
Glucose--Cyclohexanone,-7.681745,0.8504,0.03356083826156318
Acetamide--18-Crown-6,-8.376503,0.8768,0.022087133334389837
Ammonia--Acetamide,-7.606258,0.7995,0.09552700787424549
Pyrrole--Hexamethylphosphoramide_(HMPA),-6.283595,0.9157,0.018907650441425814
Catechol--Butan-2-one_(MEK),-8.170307,0.8325,0.023428877917492222
Aspartic_Acid--Isoquinoline,-10.626051,0.8273,0.02333414279041754
"Saccharin--N,N-Dimethylacetamide_(DMAc)",-13.692441,0.7442,0.0464937899653566
N-Methylacetamide--Urea,-8.711447,0.6375,0.03154962460771517
Methanol--Methyl_Acetate,-3.843191,0.8546,0.02493387566944075
Catechol--Morpholine,-7.183429,0.8457,0.024576371982601448
Guanine--Pyridine,-11.560744,0.7031,0.05176686301003857
Ethylamine--Methanol,-2.825654,0.9066,0.009795996339849693
Sulfuric_Acid--Tetrahydrofuran_(THF),-14.701457,0.7997,0.08202712994472547
Butylamine--Propan-1-ol,-2.532467,0.9385,0.0032438044774675593
Aniline--Pyruvic_Acid,-5.715944,0.8706,0.008698980693317765
Glycerol--Valerolactone,-7.539258,0.787,0.027443364065740862
Propanoic_Acid--N-Methyl-2-pyrrolidone_(NMP),-14.31425,0.8637,0.04383038791540849
Lactic_Acid--Vinyl_Acetate,-10.869752,0.9074,0.03195480027152066
Citric_Acid--Trioxane,-9.097113,0.8085,0.022969893357595705
Propanoic_Acid--Acetaldehyde,-8.134856,0.8799,0.02721603117511547
Pyrrolidine--Propan-1-ol,-2.995016,0.9441,0.00983501685936785
Thymine--Ethyl_Acetate,-7.689174,0.788,0.026049941480549354
Glycine--Phosphate_Ion,-60.271778,0.7399,0.1137833623096229
Resorcinol--Acetic_Acid,-6.137944,0.8107,0.01638599662809724
Ascorbic_Acid--Trioxane,-15.508871,0.7738,0.017451083614992088
Oxalic_Acid--Acetamide,-18.82975,0.7268,0.10702738720187314
Salicylic_Acid--Trioxane,-8.37745,0.8332,0.04115148441085556
Glycerol--Dimethyl_Ether,-5.318702,0.8627,0.03458868672901192
Sulfuric_Acid--Isoquinoline,-14.636723,0.7997,0.019634406227435834
Cysteine--Acetone,-12.9193,0.8531,0.045717045046280484
Trifluoroethanol--Ethanol,-7.789707,0.8528,0.03000770525989028
Hydroxylamine--Quinoline,-5.132094,0.9298,0.02761908706504431
Acetic_Acid--Pyruvic_Acid,-8.942095,0.8131,0.04872594521783997
Aniline--Pyridine,-6.176607,0.9504,0.02507653019626853
Alanine--Ethyl_Acetate,-7.764552,0.8799,0.02668329794453089
Aspartic_Acid--Trioxane,-9.108495,0.8485,0.03166801919128453
Pyrrole--Formaldehyde,-3.304135,0.8963,0.013767073689151609
Benzoic_Acid--N-Methyl-2-pyrrolidone_(NMP),-14.291253,0.8692,0.02138273734023537
Formic_Acid--Diethyl_Ether,-10.077725,0.9127,0.055358538365843694
Urea--Gamma-Butyrolactone_(GBL),-11.033093,0.7788,0.04377273423601071
Trifluoroethanol--Isoquinoline,-9.181544,0.8891,0.03139556222239189
Phenol--Pyruvic_Acid,-5.351476,0.8313,0.006240465561168774
Citric_Acid--Phosphate_Ion,-46.343399,0.7297,0.0796220984450038
Propylamine--Pyruvic_Acid,-3.524292,0.8589,0.0023458362929604615
Trifluoroethanol--Methanol,-7.403162,0.8123,0.04221350780324279
Butan-1-ol--Acetic_Acid,-6.076837,0.9005,0.015471976542785223
Ethylene_Glycol--Propylene_Carbonate,-5.742393,0.692,0.011118700488485001
Salicylic_Acid--Butan-2-one_(MEK),-10.49359,0.8232,0.016628988045096674
Hydrazine--Carbon_Dioxide,-3.185992,0.8243,0.0645873916375243
Aspartic_Acid--Acetamide,-17.614229,0.793,0.05565671062438743
Benzoic_Acid--Pyruvic_Acid,-9.356732,0.8666,0.027281281290077758
Thymine--Ethanol,-10.349377,0.8495,0.04475462461579811
Ammonia--Ethanol,-3.554029,0.876,0.02307942103129023
Guanine--Diethyl_Carbonate,-9.878008,0.7516,0.01460307914572479
Serine--Ethanol,-11.115297,0.8837,0.044472116443691034
Glycine--Cyclohexanone,-10.180392,0.8843,0.036976899039286096
Indole--Trioxane,-4.66793,0.9273,0.0121217357864439
Glycine--Ethyl_Acetate,-6.750321,0.8747,0.021219884495898386
Glycine--Acetone,-11.848511,0.8623,0.0450309777985768
Piperidine--Oxime,-9.32024,0.9436,0.05694915691220516
Cyclohexanol--Dimethyl_Ether,-5.650767,0.9414,0.024930421480533562
Trifluoroethanol--Trioxane,-6.717335,0.8599,0.017992090218766046
Ethanol--Morpholine,-6.440247,0.8844,0.01136884631607007
Aspartic_Acid--Methyl_Acetate,-7.463464,0.8126,0.024987471893136288
Uracil--Urea,-18.652077,0.7015,0.1240062060473835
Ethylamine--Quinoline,-4.072218,0.9482,0.007581194042826024
Pyrrolidone--Carbon_Dioxide,-5.551437,0.8044,0.031190921337364032
Glutamic_Acid--N-Methyl-2-pyrrolidone_(NMP),-15.398901,0.8407,0.0502731549652547
Ascorbic_Acid--Acetaldehyde,-16.264522,0.7551,0.021245570595220704
Trifluoroethanol--Quinoline,-9.956082,0.894,0.03491153593551112
"Catechol--1,4-Dioxane",-5.900726,0.8624,0.022772290121838307
Butan-2-ol--Sulfate_Ion,-4.49864,0.8525,0.020546282908605037
Hydroquinone--Cyclohexanone,-6.434353,0.8613,0.007267781652620946
Glycerol--18-Crown-6,-6.388214,0.8767,0.012288701687109401
Hydroquinone--Ethyl_Acetate,-5.93397,0.8811,0.013164599203017567
Phenol--Methanol,-6.355276,0.881,0.022975094796183516
Barbituric_Acid--Urea,-15.326277,0.643,0.10936388119960415
Glutamic_Acid--Isoquinoline,-10.510786,0.8615,0.041760136126568495
Hydrazine--Quinoline,-3.812029,0.8963,0.011808369266755497
Hydrazine--Benzaldehyde,-3.605349,0.882,0.006667959316360109
"Hydroquinone--1,4-Dioxane",-6.022853,0.8818,0.008836556102935536
Hydroquinone--Quinoline,-8.864596,0.8999,0.01753310426885387
Catechol--Ethyl_Acetate,-5.407079,0.8588,0.011408186539189295
Butan-1-ol--Propan-2-ol,-5.873097,0.9209,0.01750945176243748
Cysteine--Pyridine,-11.210492,0.8651,0.04791084003668268
Benzyl_Alcohol--Phenol,-4.665257,0.912,0.011280171657259109
Glucose--Dimethyl_Sulfoxide_(DMSO),-10.931645,0.7973,0.04090072280633453
Piperidine--Hexamethylphosphoramide_(HMPA),-3.861078,0.9236,0.020416031491483033
Thymine--Propan-2-ol,-9.621102,0.8105,0.027384357901108998
Hydroquinone--Pyruvic_Acid,-5.709633,0.7867,0.0072853236502099725
Pyrrolidone--Acetone,-11.291376,0.8752,0.03479660110091158
Saccharin--Propan-2-ol,-9.958432,0.7882,0.032461064823968135
Sulfuric_Acid--Benzophenone,-18.123577,0.8524,0.0419169465728453
Methanol--Acetic_Acid,-9.348093,0.9162,0.07555004757835941
Butylamine--Propan-2-ol,-2.71634,0.9425,0.005256758430917912
Histidine--Acetone,-8.22638,0.8182,0.021567423160493975
Trifluoroethanol--Methyl_Acetate,-5.252566,0.8284,0.034730402995271345
Lactic_Acid--Valerolactone,-12.325384,0.8644,0.0643165721070754
Butan-1-ol--Sulfate_Ion,-4.136148,0.8688,0.013740539680278635
Thymine--Morpholine,-9.607734,0.8381,0.024263568419254054
Glucose--Phosphate_Ion,-48.723391,0.6152,0.1778534943708543
Propanoic_Acid--Trioxane,-7.682672,0.8771,0.03192967295849238
Glucose--Trioxane,-6.706001,0.7959,0.021565916383521986
Histidine--Formaldehyde,-3.306604,0.7969,0.016422541529730605
Pyrrole--Benzophenone,-5.364479,0.9429,0.00641959965889405
Propylamine--Urea,-8.161809,0.8423,0.03403704233541635
Ethylamine--Benzaldehyde,-2.732095,0.908,0.0
Cytosine--Trioxane,-7.61725,0.8791,0.02620140731662569
Guanine--Phenol,-14.611672,0.7281,0.04928705700807412
Acetic_Acid--Morpholine,-9.235199,0.8979,0.050360682861148795
Imidazole--Acetone,-5.831834,0.8144,0.012178773688905714
Dimethylamine--Sulfate_Ion,-3.02429,0.8695,0.018685228476115954
Benzoic_Acid--Acetophenone,-10.201484,0.912,0.03993127862673826
Hydrogen_Peroxide--Pyruvic_Acid,-6.680028,0.7571,0.03982226247880544
Uracil--N-Methyl-2-pyrrolidone_(NMP),-14.839009,0.7842,0.030977380182085578
Glycine--Pyridine,-10.519934,0.8795,0.06086143242917676
Sulfuric_Acid--Pyrimidine,-12.329553,0.7197,0.02936792136351162
Butan-2-ol--Ethylene_Carbonate,-4.164345,0.7835,0.008700526390728144
Oxalic_Acid--Methanol,-11.694819,0.7817,0.124793901509804
Diethanolamine--Ethylene_Carbonate,-9.602519,0.8091,0.019819304720089928
Hydrogen_Peroxide--Urea,-11.506304,0.6217,0.18624728739660837
Aspartic_Acid--Butan-2-one_(MEK),-11.93918,0.8336,0.03347718155927333
Hydroquinone--Benzophenone,-7.527456,0.9014,0.01117711172641575
Salicylic_Acid--Vinyl_Acetate,-10.071224,0.8506,0.026276552953048857
Histidine--Benzophenone,-8.116594,0.8729,0.016670325720714745
Ethylamine--Hexamethylphosphoramide_(HMPA),-4.062077,0.9021,0.019089588200730888
Aniline--Diethyl_Ether,-6.171104,0.9661,0.016977061865720133
Histidine--Ethyl_Acetate,-8.04843,0.8574,0.021006070897551195
Pyrrolidone--Propan-1-ol,-7.887243,0.858,0.01809224640690231
Lactic_Acid--Acetophenone,-8.988221,0.8336,0.054578043184525485
Hydroquinone--Urea,-10.993763,0.7281,0.033174525110220704
Dimethylamine--Diethyl_Carbonate,-1.086423,0.9174,0.006322457024701761
Propan-2-ol--Trioxane,-2.874056,0.8945,0.012003973659998394
Propan-2-ol--N-Methyl-2-pyrrolidone_(NMP),-8.180644,0.8502,0.01870315133799495
Ethylene_Glycol--N-Methyl-2-pyrrolidone_(NMP),-10.208852,0.7993,0.027538596818420687
Propanoic_Acid--Gamma-Butyrolactone_(GBL),-11.519178,0.869,0.029760585496390095
Benzoic_Acid--Carbon_Dioxide,-5.015152,0.915,0.052379745933410854
Acetic_Acid--Formaldehyde,-7.688161,0.8666,0.0911181117334534
Aniline--Quinoline,-7.032155,0.9618,0.01322833559092958
Lactic_Acid--Ethyl_Acetate,-7.072988,0.8736,0.015634397092252936
Butylamine--18-Crown-6,-4.284472,0.926,0.007420034237559044
Aniline--Benzaldehyde,-4.696129,0.9298,0.008836439341620364
"Adenine--1,4-Dioxane",-6.718144,0.7688,0.009842937168580392
Ethanol--Valerolactone,-5.816059,0.7551,0.019692187788274043
Ethanol--18-Crown-6,-7.009259,0.9102,0.014795885437450515
Benzoic_Acid--Acetone,-11.603364,0.8914,0.04217620117302949
Urea--Acetaldehyde,-7.325381,0.7474,0.048636291988006605
Butan-1-ol--Dimethyl_Ether,-4.690132,0.9275,0.01221506560768954
"Propanoic_Acid--N,N-Dimethylformamide_(DMF)",-14.015949,0.869,0.04538570423413378
Indole--Ethanol,-5.326432,0.9263,0.014076603765627197
Barbituric_Acid--Pyrazine,-10.600797,0.7873,0.05822015803846951
Hydrogen_Peroxide--Diethyl_Carbonate,-48.786135,0.7974,0.02166750150775346
Catechol--Anisole,-6.216057,0.8926,0.021662355669791925
Glycine--Methyl_Acetate,-6.824398,0.8537,0.029168627868715533
Ethylene_Glycol--Gamma-Butyrolactone_(GBL),-5.522382,0.7369,0.019231772902266665
Butanoic_Acid--Methanol,-10.144039,0.9339,0.05785457419061714
Hydroquinone--Sulfate_Ion,-5.253012,0.7901,0.016910446755382853
Threonine--Cyclohexanone,-10.30114,0.8817,0.022418175293170323
Imidazole--Pyridine,-7.189753,0.844,0.08455048374720232
Aspartic_Acid--Urea,-18.475725,0.7379,0.08381752293130026
Sulfuric_Acid--Urea,-21.11074,0.6485,0.09355724865733071
Methylamine--Pyrimidine,-2.611502,0.9006,0.011581853705336312
Cytosine--Vinyl_Acetate,-8.15308,0.8769,0.03357447431515656
Guanine--Propylene_Carbonate,-14.711022,0.6946,0.031252022255590726
Guanine--Urea,-19.377386,0.6319,0.10971365500937588
Pyrrolidone--Gamma-Butyrolactone_(GBL),-11.369682,0.8634,0.022244715239356172
Hydrazine--Pyridine,-3.851143,0.8901,0.01174208359012888
Butan-1-ol--Ethyl_Acetate,-4.398894,0.9169,0.015681229499762403
Ethanol--Benzaldehyde,-4.490596,0.8765,0.011459564297896551
Ethylamine--Morpholine,-3.481799,0.9147,0.003910863261064274
Hydroxylamine--Ethyl_Acetate,-3.182082,0.8785,0.013805820375585372
Cysteine--Phosphate_Ion,-62.940858,0.7293,0.06466340603373298
Barbituric_Acid--Valerolactone,-10.342132,0.7348,0.029355604434776566
Benzoic_Acid--Ethyl_Acetate,-7.148478,0.8993,0.023091414086377243
Formamide--Hexamethylphosphoramide_(HMPA),-10.239479,0.8836,0.053538362903805925
Benzoic_Acid--Diethyl_Ether,-9.225582,0.9314,0.02477098251464972
Uracil--Diethyl_Ether,-9.853045,0.8186,0.03798643544047193
Acetamide--Ethanol,-7.335908,0.8179,0.0493096155721686
Aspartic_Acid--Benzaldehyde,-10.155686,0.8455,0.01426258230044664
Methanol--Tetrahydrofuran_(THF),-4.924144,0.8994,0.02462480012808494
Ethylamine--Cyclohexanone,-4.17833,0.9165,0.007136088789262822
Acetamide--Isoquinoline,-8.216091,0.8707,0.05348943157265467
"Citric_Acid--1,4-Dioxane",-10.273307,0.816,0.03362997069025496
Hydroquinone--Valerolactone,-7.169553,0.7716,0.0070026653564119615
Guanine--Morpholine,-12.073667,0.715,0.02509049429355691
Aspartic_Acid--Acetone,-12.955465,0.8272,0.03868789989160616
Cytosine--Isoquinoline,-9.479556,0.8855,0.07330099946559876
Butanoic_Acid--Cyclohexanone,-10.102572,0.9265,0.03340033037363925
Adenine--Phosphate_Ion,-50.695021,0.6929,0.09570106146474511
Dimethylamine--Phenol,-2.087523,0.9372,0.007653096772721836
Imidazole--Vinyl_Acetate,-6.052682,0.8517,0.02696008759222582
Pyrrole--Benzaldehyde,-4.626605,0.9135,0.01208213563039685
Diethanolamine--Sulfate_Ion,-33.848073,0.7132,0.09468397449851144
Tryptophan--Pyrazine,-6.003334,0.8776,0.0094013208543158
Salicylic_Acid--Tetrahydrofuran_(THF),-7.819785,0.8359,0.02922023915005313
Acetic_Acid--Gamma-Butyrolactone_(GBL),-11.643594,0.8654,0.05948399085399166
"Histidine--N,N-Dimethylformamide_(DMF)",-9.606203,0.7797,0.018674574006106455
Aspartic_Acid--Carbon_Dioxide,-4.998969,0.8089,0.028836649039382354
Butylamine--Formaldehyde,-2.038505,0.9333,0.006778394670278535
Glutamic_Acid--Cyclohexanone,-11.64175,0.8567,0.035637026807273445
Piperidine--Phosphate_Ion,-52.083378,0.6398,0.05779693441137592
Citric_Acid--Propan-1-ol,-8.969434,0.792,0.019995329352790907
Formic_Acid--Propan-1-ol,-11.101206,0.9302,0.09558762645703926
Ethylene_Glycol--Dimethyl_Sulfoxide_(DMSO),-8.534627,0.7795,0.062440094060858285
Propan-1-ol--Phosphate_Ion,-32.415358,0.6953,0.011475503607433268
Aniline--Dimethyl_Ether,-4.918352,0.9548,0.014782631638162768
Trifluoroethanol--Morpholine,-7.777456,0.8704,0.021812427320164477
Pyrrole--Trioxane,-4.231812,0.9149,0.012939971282860337
Dimethylamine--Pyruvic_Acid,-4.527664,0.8738,0.013824181092396264
Saccharin--Pyridine,-10.823262,0.7885,0.04445517215283444
Hydroxylamine--Propylene_Carbonate,-5.966199,0.7819,0.021215269643917758
Cysteine--Ethanol,-8.536884,0.8418,0.03333770321822138
Acetamide--Phenol,-10.347029,0.8497,0.03850127638952196
Lactic_Acid--Pyridine,-11.410126,0.8721,0.06721460184981588
Formic_Acid--18-Crown-6,-10.488366,0.901,0.027395330684703907
Cytosine--Pyruvic_Acid,-12.980215,0.7976,0.06637115146938478
Alanine--Methanol,-8.170533,0.8439,0.03792849680786449
Ammonia--Quinoline,-3.777327,0.9311,0.016568470933445847
Pyrrolidone--Propan-2-ol,-9.939783,0.8874,0.022705351137852988
Hydrogen_Peroxide--Propan-2-ol,-6.978502,0.8633,0.06639983305244754
Sulfuric_Acid--Methyl_Acetate,-10.262428,0.7047,0.07345412915041631
Lactic_Acid--Carbon_Dioxide,-4.857981,0.8749,0.03563977764825828
Glycine--Isoquinoline,-11.028598,0.9009,0.05727839602067875
"Serine--1,4-Dioxane",-9.452864,0.871,0.02500941607031045
Butanoic_Acid--Acetic_Acid,-10.204863,0.8888,0.03331208661968191
Butylamine--2-Picoline,-3.875932,0.958,0.008828776185304333
Butanoic_Acid--Tetrahydrofuran_(THF),-9.097935,0.9321,0.034058247024261086
Trifluoroethanol--Pyruvic_Acid,-8.803507,0.8196,0.022104440419332863
Dimethylamine--Pyrazine,-2.949862,0.938,0.02069823108011429
Threonine--Propan-2-ol,-9.50581,0.8443,0.03195506020444848
Glycerol--Butan-2-one_(MEK),-6.558827,0.8435,0.034435951808640904
Glutamic_Acid--Trioxane,-13.331144,0.8743,0.048460484197748094
Methanol--Pyridine,-5.510696,0.8773,0.04664464697457525
Ascorbic_Acid--Butan-2-one_(MEK),-19.687632,0.7863,0.02788112725660476
Trifluoroethanol--Acetone,-11.161053,0.8487,0.04737390200873623
Cyclohexanol--Hexamethylphosphoramide_(HMPA),-9.992769,0.9356,0.043527838497561436
Phenol--Diethyl_Carbonate,-6.385573,0.9319,0.006221022022161222
Citric_Acid--Formaldehyde,-8.296175,0.7683,0.0347074830271061
N-Methylformamide--Dimethyl_Sulfoxide_(DMSO),-8.974669,0.7194,0.03701142702820141
Sulfuric_Acid--Acetophenone,-16.546577,0.8164,0.07124336067882871
Aspartic_Acid--Formaldehyde,-8.378236,0.8146,0.04309500013216964
Aspartic_Acid--Pyrazine,-10.011265,0.8232,0.03685569662408996
Salicylic_Acid--Pyrazine,-8.916338,0.8197,0.04676427589204786
Hydrogen_Peroxide--Acetic_Acid,-5.013542,0.7538,0.04047723646628179
Adenine--Cyclohexanone,-7.902075,0.7894,0.017441436906333783
Ethylamine--Pyridine,-3.519995,0.9375,0.00931448379620315
Benzyl_Alcohol--Trioxane,-5.418205,0.9264,0.01746917605878122
Propan-2-ol--Butan-2-one_(MEK),-3.404284,0.8562,0.011041843742788295
Benzoic_Acid--Propylene_Carbonate,-7.8431,0.8437,0.018420027388951904
Alanine--Urea,-17.402795,0.7795,0.11613957645947715
Formic_Acid--Acetone,-12.472131,0.8527,0.06981957737166102
Formic_Acid--Trioxane,-8.523326,0.8865,0.05769277358813236
Ethylamine--Methyl_Acetate,-4.042311,0.8953,0.01459459032010861
Ascorbic_Acid--Morpholine,-20.213746,0.7418,0.033263825276077234
Sulfuric_Acid--Diethyl_Ether,-14.296855,0.8075,0.0973329704261923
Adenine--Ethylene_Carbonate,-8.355614,0.6301,0.02100816843117733
Uracil--Carbon_Dioxide,-4.984629,0.7152,0.025922821768702156
Trifluoroethanol--Tetrahydrofuran_(THF),-8.190979,0.8854,0.026535765852763342
Guanine--Hexamethylphosphoramide_(HMPA),-12.890793,0.7933,0.039831065447960064
Urea--Ethylene_Carbonate,-11.462131,0.7702,0.028996865024018353
Pyrrolidone--Ethyl_Acetate,-7.400274,0.8304,0.02487425928793554
Propan-1-ol--Cyclohexanone,-5.089238,0.8809,0.0018631158257081443
Chloroacetic_Acid--Trioxane,-8.926642,0.8955,0.055922232805168205
Acetamide--Tetrahydrofuran_(THF),-7.017551,0.8667,0.039768888657615
Ascorbic_Acid--Acetamide,-23.184812,0.7604,0.03706111313785433
Dimethylamine--Quinoline,-3.995053,0.9557,0.017248650074827253
Pyrrole--Valerolactone,-5.679604,0.8186,0.004137009078318746
Cysteine--Pyruvic_Acid,-9.434327,0.805,0.01980469009547416
Formamide--Benzaldehyde,-8.09396,0.8508,0.056040236794338005
Tryptophan--Acetamide,-6.697203,0.8147,0.014360064098459191
Butan-1-ol--Ethylene_Carbonate,-3.540155,0.8003,0.0035256579522002724
Salicylic_Acid--Oxime,-8.732165,0.829,0.044820355676177655
Adenine--Acetone,-7.725325,0.7431,0.009205253585859182
Trifluoroethanol--Valerolactone,-10.359318,0.8117,0.025436562321587582
Methanol--2-Picoline,-6.479602,0.9053,0.035401670746276905
Thymine--Oxime,-8.419815,0.8066,0.04698507848911753
Hydroxylamine--Benzaldehyde,-3.543066,0.8939,0.011798131801443042
Butanoic_Acid--Acetone,-11.769895,0.9013,0.03861974325390548
Urea--Phenol,-11.169092,0.7861,0.06873431708753878
Hydroquinone--Benzaldehyde,-5.896039,0.8636,0.005290592802020486
Pyrrolidone--Butan-2-one_(MEK),-10.231795,0.8853,0.045344854454011256
Methanol--Oxime,-4.098583,0.8757,0.028686427267318862
Serine--Methanol,-10.474153,0.8742,0.04607244285939971
Butan-2-ol--Diethyl_Ether,-5.662351,0.9403,0.01894278447716751
Indole--Propan-1-ol,-5.034417,0.9351,0.013747350756997036
Glucose--Acetone,-8.852664,0.8159,0.04024194156597415
Glutamic_Acid--Tetrahydrofuran_(THF),-9.182055,0.8724,0.021109743825299208
Hydrazine--Acetophenone,-4.669712,0.882,0.020273992741591227
Sulfuric_Acid--Morpholine,-13.896522,0.7802,0.06522074810150585
Ethylamine--Phosphate_Ion,-42.261359,0.5836,0.2178591082548878
Butylamine--Morpholine,-3.265264,0.9398,0.003984033685239103
N-Methylacetamide--Dimethyl_Ether,-4.927958,0.8103,0.020826309902764694
Dimethylamine--Trioxane,-2.765076,0.9274,0.009964309165686651
Acetic_Acid--Pyrazine,-9.108744,0.8788,0.11194667763162912
Tryptophan--Vinyl_Acetate,-5.665341,0.8881,0.011760124603338704
Acetic_Acid--Anisole,-6.919293,0.9056,0.046089709633888684
"Cyclohexanol--N,N-Dimethylacetamide_(DMAc)",-10.097639,0.8693,0.034574076274443116
Alanine--Ethanol,-10.588491,0.9205,0.06251096817916804
Formic_Acid--Pyrazine,-9.89875,0.8518,0.1935003751937211
Propanoic_Acid--Acetophenone,-10.130518,0.9016,0.027072192354948083
Fructose--Diethyl_Carbonate,-6.26843,0.8198,0.041614206722853264
N-Methylformamide--Acetophenone,-7.202381,0.8098,0.01772753826891373
Formamide--Pyrimidine,-6.73566,0.7571,0.1050201017322713
Hydroquinone--Tetrahydrofuran_(THF),-7.241799,0.8936,0.014721076184816299
Benzyl_Alcohol--Pyrimidine,-5.09989,0.9021,0.023659445374551027
Hydroxylamine--Trioxane,-3.422124,0.8916,0.00986458249238834
Indole--Acetamide,-6.157503,0.8325,0.012860100983219653
Glycerol--Pyridine,-5.921999,0.8549,0.041005972011837366
Propan-2-ol--Propan-1-ol,-4.595151,0.9068,0.023104420462878077
Methanol--Diethyl_Ether,-5.940884,0.9251,0.0382407137846047
Alanine--Morpholine,-8.936171,0.8833,0.03853019844529334
Sulfuric_Acid--Methanol,-11.144074,0.6286,0.09622432451865978
Resorcinol--Cyclohexanone,-6.388572,0.8504,0.0074179325338859375
Propan-1-ol--Ethanol,-5.37656,0.8891,0.02978267840523954
Ethylamine--Acetic_Acid,-10.497745,0.8774,0.06508082912549068
N-Methylformamide--Phosphate_Ion,-30.926897,0.6596,0.034745914179985765
Methanol--Urea,-9.870791,0.7438,0.08159835876514551
Ethylamine--Pyrazine,-3.063168,0.9326,0.006496281262617998
Urea--Pyrimidine,-6.245353,0.7147,0.06744369311024714
Butan-1-ol--18-Crown-6,-6.424403,0.9234,0.011847008921983685
Barbituric_Acid--N-Methyl-2-pyrrolidone_(NMP),-13.709599,0.7569,0.072096004622814
Pyrrolidine--Sulfate_Ion,-14.102077,0.869,0.3898177130270615
Lactic_Acid--Anisole,-8.582739,0.9227,0.04138282610663521
Histidine--Phosphate_Ion,-64.734985,0.6666,0.15331915368168367
Formic_Acid--Tetrahydrofuran_(THF),-9.946241,0.9078,0.07459151085162219
Ethylene_Glycol--Quinoline,-7.177329,0.8732,0.033955007781398
Cysteine--Dimethyl_Ether,-8.436112,0.8755,0.03528927964032933
Formic_Acid--Gamma-Butyrolactone_(GBL),-12.108375,0.8257,0.06606094028523736
Propylamine--Gamma-Butyrolactone_(GBL),-5.932814,0.8896,0.010890341766304877
Hydroxylamine--Acetic_Acid,-9.065085,0.8639,0.08860070580797207
Imidazole--Phosphate_Ion,-35.223218,0.6865,0.0073276315567565005
Trifluoroethanol--18-Crown-6,-8.610487,0.884,0.0174426434399239
Ethylene_Glycol--Anisole,-4.816224,0.8918,0.021596569008786103
Guanine--Benzophenone,-10.501257,0.7878,0.015341073208320172
Propanoic_Acid--Pyrimidine,-7.890685,0.8553,0.03652528990246465
Propanoic_Acid--Carbon_Dioxide,-4.829055,0.893,0.024201475029848398
Catechol--Valerolactone,-7.064613,0.7449,0.01713325792507662
Thymine--Pyridine,-10.875899,0.8061,0.06155636797677093
Ethanol--Benzophenone,-5.304902,0.9089,0.009778191629301528
Trifluoroethanol--Diethyl_Carbonate,-10.750477,0.8853,0.011263159255635329
Pyrrolidine--Pyrazine,-3.495926,0.9438,0.01122769856621428
Dimethylamine--Acetamide,-7.767475,0.8693,0.0710205995496986
Ammonia--Propan-1-ol,-2.932435,0.8998,0.013267064207159805
Ascorbic_Acid--Acetic_Acid,-22.100477,0.7907,0.030213212124672335
"Aniline--N,N-Dimethylacetamide_(DMAc)",-8.613492,0.8884,0.030618485089573797
Saccharin--Cyclohexanone,-9.698428,0.8103,0.011484890383163752
Catechol--Pyruvic_Acid,-6.441359,0.7818,0.021025864720504262
Butanoic_Acid--Diethyl_Carbonate,-8.324646,0.9079,0.014307005810822842
Citric_Acid--Urea,-18.259278,0.7098,0.03541930865494625
Pyrrolidine--Acetic_Acid,-10.498327,0.9085,0.08402058753857329
Propan-1-ol--Vinyl_Acetate,-5.268529,0.8919,0.013704445143718076
Salicylic_Acid--Isoquinoline,-10.209335,0.8475,0.03036074560645554
Hydrogen_Peroxide--Acetamide,-8.351067,0.6677,0.058285670866390936
Methanol--Propan-1-ol,-5.02189,0.8794,0.02285055356337971
Glycerol--Sulfate_Ion,-31.563339,0.6655,0.1345268759297893
Trifluoroethanol--N-Methyl-2-pyrrolidone_(NMP),-13.859214,0.8486,0.04814874121634685
Serine--Dimethyl_Ether,-9.159639,0.8728,0.035151751491243895
"Urea--N,N-Dimethylformamide_(DMF)",-11.996249,0.7441,0.04988108436906168
Butanoic_Acid--Dimethyl_Ether,-8.038991,0.9158,0.025531102846470307
Oxalic_Acid--Acetone,-14.233865,0.7689,0.08844621112777952
Hydrazine--Trioxane,-4.165055,0.8776,0.016910406444928805
Ammonia--N-Methyl-2-pyrrolidone_(NMP),-6.623566,0.8516,0.018668906912273613
Methylamine--Formaldehyde,-2.044772,0.8871,0.01700101739554971
Hydroquinone--Acetic_Acid,-7.238089,0.829,0.019696121532582836
Oxalic_Acid--Pyruvic_Acid,-11.064575,0.7194,0.06654726228305649
Hydroquinone--N-Methyl-2-pyrrolidone_(NMP),-11.294516,0.8145,0.02116501918790818
Trifluoroethanol--2-Picoline,-9.801197,0.8787,0.04568139392471445
Histidine--Cyclohexanone,-5.418961,0.8338,0.014137004115962852
Hydrazine--Butan-2-one_(MEK),-5.59219,0.8622,0.03352152166871013
Serine--Pyrimidine,-9.517498,0.8458,0.041674027436660016
"Butan-2-ol--N,N-Dimethylacetamide_(DMAc)",-8.703257,0.8455,0.039560960385558765
Resorcinol--Acetone,-6.288489,0.8257,0.014021803788372858
Piperidine--Pyrimidine,-3.336955,0.9556,0.004534050370500542
Ethanol--Quinoline,-6.543879,0.9154,0.026359392326132502
Propanoic_Acid--Cyclohexanone,-10.042084,0.9403,0.03562329484259975
Glutamic_Acid--Hexamethylphosphoramide_(HMPA),-9.998891,0.8572,0.03408377605181418
"Glycine--N,N-Dimethylformamide_(DMF)",-14.17052,0.8484,0.05632166631429538
Hydrogen_Peroxide--Hexamethylphosphoramide_(HMPA),-7.686289,0.8761,0.045202447349970386
Benzoic_Acid--Vinyl_Acetate,-8.741504,0.9186,0.031126357890136215
Lactic_Acid--Acetaldehyde,-9.3221,0.8552,0.0706802875765028
Butan-1-ol--Hexamethylphosphoramide_(HMPA),-6.151845,0.8943,0.01502106936387047
Acetamide--Pyridine,-7.705422,0.8403,0.0647713532596257
Aspartic_Acid--Cyclohexanone,-11.074089,0.8431,0.022741538805462553
Thymine--Acetamide,-17.634181,0.8013,0.10184920774605073
N-Methylformamide--18-Crown-6,-7.400383,0.8606,0.023143229700016397
Uracil--Dimethyl_Sulfoxide_(DMSO),-14.284043,0.7512,0.05819885882856011
Guanine--Formaldehyde,-9.395185,0.6516,0.056168408748037406
Formamide--Methanol,-6.508694,0.7424,0.05231618885751857
Dimethylamine--Dimethyl_Ether,-2.806799,0.9484,0.012107884280423722
Propanoic_Acid--Ethylene_Carbonate,-7.683559,0.8069,0.017573934588757202
Benzyl_Alcohol--Acetic_Acid,-11.270665,0.9425,0.05145901207247642
Butylamine--Hexamethylphosphoramide_(HMPA),-3.580815,0.9165,0.021943327874598215
Propan-1-ol--Acetone,-8.06158,0.8787,0.020090602415924776
Adenine--Sulfate_Ion,-5.348642,0.6519,0.011376355180648194
Sulfuric_Acid--18-Crown-6,-13.108736,0.8184,0.03792112694485205
Fructose--Carbon_Dioxide,-3.085168,0.791,0.04120168621631716
Indole--Quinoline,-7.069709,0.9576,0.043469357758847846
Pyrrolidone--Quinoline,-8.586837,0.8918,0.039925685203735226
Saccharin--Acetone,-11.340321,0.7685,0.030134437157369222
Alanine--Cyclohexanone,-10.067313,0.9098,0.0382267858277234
"Aniline--1,4-Dioxane",-3.984427,0.937,0.004614683788736819
Pyrrolidine--Acetone,-5.843257,0.93,0.008683208185659866
Piperidine--Butan-2-one_(MEK),-5.247354,0.9569,0.011166532317251721
Fructose--Benzaldehyde,-5.754159,0.8209,0.016918583907037855
Methylamine--Propan-1-ol,-2.787015,0.9257,0.007083594847983141
Cyclohexanol--Propylene_Carbonate,-8.131275,0.8849,0.016428517207039264
Phenol--Acetophenone,-7.995251,0.911,0.02280103703563693
N-Methylformamide--Pyrazine,-5.466221,0.7738,0.03426002725706722
Salicylic_Acid--Diethyl_Carbonate,-8.888051,0.8353,0.010572410435199488
Barbituric_Acid--Phosphate_Ion,-34.486319,0.7016,0.06954727469450628
"Ethylamine--N,N-Dimethylacetamide_(DMAc)",-6.403216,0.8531,0.030744915353655214
Propan-2-ol--Gamma-Butyrolactone_(GBL),-4.041703,0.7876,0.006492097315490979
Propan-2-ol--Acetamide,-5.831198,0.7904,0.025636958098799525
Hydrogen_Peroxide--Ethyl_Acetate,-5.293922,0.866,0.031236123256508055
Butylamine--Pyridine,-3.193835,0.9512,0.009058725085395855
Urea--Dimethyl_Ether,-6.616692,0.7734,0.027298089359399983
Propan-1-ol--Tetrahydrofuran_(THF),-6.019159,0.93,0.0003819429421174532
Imidazole--Propylene_Carbonate,-6.980373,0.7194,0.013289323917888066
Threonine--Acetone,-12.083227,0.8294,0.03033972995974013
Propan-1-ol--Urea,-9.973733,0.8009,0.035926583748776234
Hydroxylamine--Pyrazine,-3.563155,0.8993,0.02260351442078763
Saccharin--Methyl_Acetate,-8.668099,0.7695,0.024523508297157052
Imidazole--Acetaldehyde,-5.025429,0.7865,0.01602221841058307
Methylamine--Methanol,-2.811476,0.8984,0.018915627741280285
Butan-2-ol--Acetophenone,-5.323047,0.8947,0.020719002084074106
N-Methylacetamide--Formaldehyde,-3.707607,0.758,0.00810806974743278
Hydrogen_Peroxide--Benzophenone,-7.314804,0.8923,0.023149640452225638
Benzyl_Alcohol--Ethanol,-5.858113,0.9036,0.021354998187787938
Butan-1-ol--Pyridine,-5.634022,0.9173,0.020919584123384065
Pyrrolidine--Gamma-Butyrolactone_(GBL),-5.570097,0.8948,0.01070251451066187
Propan-1-ol--Butan-2-one_(MEK),-5.483257,0.8672,0.015924861713979627
Methylamine--Butan-2-one_(MEK),-4.192922,0.913,0.020258670599006132
Propan-2-ol--Pyrazine,-3.521565,0.8973,0.0220211284409259
Hydrazine--Formaldehyde,-9.62153,0.6753,0.32667931124062555
Trifluoroethanol--Formaldehyde,-6.224069,0.8314,0.03588911031668412
Hydroxylamine--Hexamethylphosphoramide_(HMPA),-4.654272,0.8893,0.031034266572840797
Urea--18-Crown-6,-8.91251,0.8566,0.018688147508995268
Phenol--Acetone,-6.334026,0.8791,0.0180794679929692
Benzoic_Acid--Dimethyl_Ether,-8.856992,0.9319,0.04199229098150739
Acetamide--Diethyl_Carbonate,-7.107339,0.8501,0.020406494594061617
Alanine--Tetrahydrofuran_(THF),-9.423607,0.9072,0.047625897947160524
"Threonine--N,N-Dimethylformamide_(DMF)",-13.792777,0.8043,0.024726507573694215
Hydroxylamine--Urea,-8.559635,0.706,0.0781770353881459
Ethanol--N-Methyl-2-pyrrolidone_(NMP),-8.734025,0.8347,0.026978954274735793
Indole--Ethylene_Carbonate,-9.365531,0.8703,0.015899979043706953
N-Methylacetamide--Pyridine,-7.686345,0.8111,0.03611084144421253
Fructose--Ethyl_Acetate,-5.55004,0.806,0.028308354128789986
Ethylene_Glycol--Propan-2-ol,-6.473711,0.8427,0.04017628139639311
"Propan-1-ol--1,4-Dioxane",-5.724013,0.9255,0.01807864649371602
Acetamide--Quinoline,-8.028487,0.8675,0.051232949656161354
Cytosine--Carbon_Dioxide,-5.35659,0.8317,0.03751842411890004
Oxalic_Acid--Acetic_Acid,-17.973597,0.806,0.1591442505942355
Resorcinol--Pyrazine,-6.334809,0.8605,0.0350946871784846
Dimethylamine--Acetone,-5.458816,0.9297,0.012773220834621641
Glucose--Phenol,-5.259262,0.8312,0.00945037867689183
Cyclohexanol--Acetaldehyde,-4.465592,0.8776,0.01336059280064437
"Pyrrolidone--N,N-Dimethylformamide_(DMF)",-12.61803,0.8353,0.033970379964546736
Adenine--Urea,-10.433685,0.599,0.027961290849549035
Acetic_Acid--Acetaldehyde,-9.363617,0.854,0.07777098540449227
Aspartic_Acid--Pyrimidine,-9.483266,0.794,0.04641572251602281
"Imidazole--1,4-Dioxane",-5.298655,0.8544,0.013459928879543115
Threonine--Gamma-Butyrolactone_(GBL),-11.965,0.8428,0.028964801532862565
Cytosine--Tetrahydrofuran_(THF),-8.325444,0.8865,0.019338136900326274
Oxalic_Acid--Propan-1-ol,-12.23438,0.8515,0.08085756799104862
Acetic_Acid--18-Crown-6,-10.025802,0.9091,0.023628500845998976
Alanine--Methyl_Acetate,-6.666272,0.863,0.02709473284883902
Dimethylamine--Tetrahydrofuran_(THF),-3.102951,0.9496,0.007430541365908922
Hydroquinone--Dimethyl_Sulfoxide_(DMSO),-8.641689,0.7658,0.026947335588590183
Thymine--Pyrimidine,-10.079868,0.8084,0.06413773964274766
"Hydrazine--1,4-Dioxane",-4.569958,0.8856,0.009981468908970052
Imidazole--Methyl_Acetate,-3.679245,0.8004,0.016012307598949966
Benzyl_Alcohol--Diethyl_Carbonate,-7.09476,0.9118,0.006090120077711828
Formamide--Oxime,-8.166977,0.7637,0.1265424119346233
Methylamine--Gamma-Butyrolactone_(GBL),-5.617324,0.8489,0.015883733930725737
Propan-1-ol--Trioxane,-4.650647,0.9011,0.0017872571112530322
Cysteine--Trioxane,-8.818177,0.8684,0.025829377966172653
Formamide--Gamma-Butyrolactone_(GBL),-10.569924,0.8237,0.046599611857310055
Glutamic_Acid--Valerolactone,-12.269155,0.8178,0.050992135003680494
Urea--Diethyl_Ether,-7.316477,0.8277,0.042353493500009484
Indole--Pyridine,-6.684228,0.94,0.06972350921957145
Guanine--Trioxane,-10.021098,0.7203,0.03392314862254376
Cytosine--Benzaldehyde,-8.679926,0.8898,0.02660374873850693
Piperidine--Dimethyl_Sulfoxide_(DMSO),-3.825186,0.8777,0.009071602190440604
Salicylic_Acid--Formaldehyde,-7.608238,0.7996,0.04889579401097771
Guanine--Tetrahydrofuran_(THF),-10.694536,0.7473,0.019440567154077094
Methanol--Sulfate_Ion,-3.977754,0.7725,0.025136236928791432
Pyrrolidone--2-Picoline,-9.847814,0.8906,0.049017781785019934
Barbituric_Acid--Cyclohexanone,-7.085804,0.7898,0.022919663751820977
Butan-2-ol--Cyclohexanone,-4.977626,0.8852,0.008105107624068103
Pyrrole--Butan-2-one_(MEK),-4.934139,0.8881,0.016129239886048353
Butanoic_Acid--Acetaldehyde,-8.543727,0.9271,0.03943054494658925
Butan-1-ol--Oxime,-3.092017,0.9388,0.012397861006654872
"Methylamine--N,N-Dimethylacetamide_(DMAc)",-5.702408,0.8538,0.0311162413561859
Catechol--N-Methyl-2-pyrrolidone_(NMP),-11.636025,0.798,0.02422981327904392
Dimethylamine--Urea,-8.08774,0.8275,0.0759840354866994
Hydrazine--Valerolactone,-6.840419,0.8108,0.017141410366903847
Fructose--Valerolactone,-7.644425,0.7896,0.037550821213813465
Glutamic_Acid--Oxime,-7.162848,0.8434,0.04366488570122962
Butylamine--Pyruvic_Acid,-3.000116,0.8793,0.00836689483277901
Benzyl_Alcohol--Vinyl_Acetate,-6.859389,0.9435,0.02528942360425091
Threonine--Oxime,-7.153813,0.8421,0.026165394790988887
Oxalic_Acid--Isoquinoline,-14.101275,0.8145,0.015959678826151572
Hydroxylamine--Ethylene_Carbonate,-3.020216,0.6479,0.010661910763310599
Salicylic_Acid--Gamma-Butyrolactone_(GBL),-11.36667,0.8083,0.023552850633892387
Hydroxylamine--Valerolactone,-6.135639,0.817,0.027672217633494818
Salicylic_Acid--Methyl_Acetate,-7.073523,0.8033,0.017284612559900416
Guanine--Dimethyl_Sulfoxide_(DMSO),-14.426786,0.6803,0.03790146239335506
Aniline--Benzophenone,-8.522009,0.9619,0.012189765932719821
Hydrazine--Acetone,-6.724559,0.8395,0.021494634990624772
Propanoic_Acid--Benzophenone,-9.358714,0.928,0.023465228216933632
Citric_Acid--Sulfate_Ion,-36.342887,0.6871,0.03251438443454797
Butan-1-ol--Carbon_Dioxide,-1.933109,0.9218,0.002497960996458133
Glycine--Acetic_Acid,-16.674819,0.897,0.13885060303125693
Glutamic_Acid--Formaldehyde,-7.174168,0.8321,0.04943383710137133
Methylamine--Acetone,-4.336542,0.8673,0.013296848072638416
Ethanol--Methyl_Acetate,-4.17622,0.8714,0.01286144651837545
Aniline--Urea,-9.009553,0.8284,0.03740030614844639
Serine--Acetaldehyde,-8.844312,0.8335,0.02249485689689427
"Butanoic_Acid--N,N-Dimethylformamide_(DMF)",-14.219326,0.8852,0.04521489633019284
Citric_Acid--Acetamide,-12.227521,0.7086,0.027880337727711688
Benzoic_Acid--Cyclohexanone,-10.016036,0.9245,0.031538526722711145
Acetic_Acid--Cyclohexanone,-9.969542,0.8839,0.03477373534335695
Barbituric_Acid--Carbon_Dioxide,-2.980485,0.7127,0.013295601228594252
Phenol--Cyclohexanone,-6.431292,0.8976,0.005039968809049473
Glycerol--Propan-1-ol,-4.602176,0.8551,0.02269562380828658
N-Methylformamide--Acetic_Acid,-5.2255,0.7373,0.018022018645872964
Imidazole--Urea,-7.915822,0.6415,0.014620901926476493
Pyrrole--Propan-2-ol,-4.980604,0.9178,0.012194997951652077
Ascorbic_Acid--Propan-1-ol,-17.59927,0.7593,0.040432589163384845
Threonine--Benzaldehyde,-9.495203,0.861,0.019179041268309667
"Acetamide--N,N-Dimethylacetamide_(DMAc)",-11.990417,0.8475,0.056660275518311584
N-Methylacetamide--Carbon_Dioxide,-2.094373,0.7702,0.004390778676721136
Benzyl_Alcohol--Isoquinoline,-6.228969,0.9196,0.016054226301112584
Acetic_Acid--Tetrahydrofuran_(THF),-9.419772,0.9173,0.052651284101954327
Oxalic_Acid--Urea,-19.833101,0.6531,0.12936638859324684
Serine--Cyclohexanone,-10.972768,0.8735,0.022048132275090875
Sulfuric_Acid--Ethyl_Acetate,-10.267539,0.7475,0.05327430579952744
Benzyl_Alcohol--Sulfate_Ion,-4.220757,0.8498,0.01040323301962399
Glycerol--Diethyl_Ether,-5.472538,0.8888,0.025644378002375616
Piperidine--Ethyl_Acetate,-3.231398,0.9464,0.0019649094522881413
Threonine--Anisole,-7.359189,0.8824,0.019669014837259254
Histidine--Vinyl_Acetate,-4.496745,0.831,0.017849658094443357
Phenol--Sulfate_Ion,-5.352639,0.8416,0.01509994163226956
Methanol--Trioxane,-4.159752,0.8674,0.019380482337295536
Saccharin--Acetamide,-15.658842,0.7391,0.07087227931905363
Ascorbic_Acid--Benzaldehyde,-18.628402,0.8085,0.017234895869903052
Glucose--Butan-2-one_(MEK),-7.948432,0.8375,0.017862469868752236
Imidazole--Pyruvic_Acid,-4.867355,0.7561,0.01291553063756653
Butanoic_Acid--Propan-2-ol,-11.454158,0.9521,0.03410991668625627
Ethanol--Pyrimidine,-4.60287,0.8707,0.03971879666339029
"Indole--N,N-Dimethylformamide_(DMF)",-6.380488,0.8578,0.017896077667302748
Guanine--Phosphate_Ion,-60.726483,0.1836,0.07737173259740047
Trifluoroethanol--Dimethyl_Ether,-7.463631,0.8742,0.036123825580462864
Pyrrolidine--Pyruvic_Acid,-3.440966,0.8645,0.014254239426474425
Catechol--Diethyl_Carbonate,-7.846695,0.8867,0.013231631318051893
Ethylamine--Tetrahydrofuran_(THF),-3.662237,0.9517,0.005840149392099519
Glucose--Morpholine,-5.56435,0.8304,0.020018734436420386
Catechol--Propan-2-ol,-7.513713,0.8483,0.021275827066022632
Benzoic_Acid--Propan-2-ol,-9.229174,0.911,0.04341215305450721
Glycerol--Methyl_Acetate,-5.723882,0.8438,0.014823709380853013
Lactic_Acid--Ethylene_Carbonate,-7.560318,0.7882,0.024870292183250986
Threonine--Ethanol,-10.792401,0.8908,0.04384517768199702
Saccharin--Pyruvic_Acid,-8.898555,0.7389,0.020696205827302312
Glutamic_Acid--Gamma-Butyrolactone_(GBL),-12.227784,0.8126,0.05659459449849567
Cysteine--Sulfate_Ion,-35.579237,0.6981,0.06119114831302064
Thymine--Diethyl_Ether,-9.606222,0.8376,0.03678663925624366
Benzoic_Acid--Morpholine,-8.633028,0.9063,0.03139564284329999
Acetamide--Propan-2-ol,-7.336413,0.8305,0.03731646874412115
Uracil--Cyclohexanone,-11.352819,0.8265,0.03132633805266677
Propan-2-ol--Formaldehyde,-2.468652,0.8796,0.018290843503854334
Formamide--Sulfate_Ion,-34.92554,0.3994,0.1328004639738821
Histidine--Acetamide,-11.175116,0.7825,0.034096800498518556
Hydrogen_Peroxide--Tetrahydrofuran_(THF),-6.541083,0.8922,0.03595863472979111
Diethanolamine--Pyrazine,-6.181606,0.8652,0.029897180944969813
Uracil--Pyrimidine,-9.173233,0.7265,0.06393321829906629
Aspartic_Acid--Phosphate_Ion,-77.887772,0.6405,0.4966884037639417
Phenol--Pyrazine,-6.452676,0.9102,0.021832292033916043
Propylamine--Methanol,-3.164149,0.9301,0.012842650726663976
Barbituric_Acid--Gamma-Butyrolactone_(GBL),-10.63216,0.7558,0.05069180405082172
Butan-1-ol--Morpholine,-5.134694,0.9057,0.012065419302107973
Acetamide--Propylene_Carbonate,-10.301624,0.8147,0.012172280925772725
Oxalic_Acid--Trioxane,-9.612976,0.7639,0.05713231093520994
Cysteine--Ethylene_Carbonate,-7.679657,0.7732,0.0071523047119152455
Hydroquinone--Methanol,-6.243069,0.8315,0.017188322005305755
Benzoic_Acid--Acetaldehyde,-8.564634,0.8925,0.05374252423343218
Ethylene_Glycol--Methyl_Acetate,-4.046131,0.8253,0.0320014756072609
Diethanolamine--Phosphate_Ion,-55.698799,0.6494,0.1531907773956827
Uracil--Propan-1-ol,-10.557284,0.8428,0.03886442353992793
Acetic_Acid--Trioxane,-8.465325,0.8853,0.05922404263599473
Saccharin--Ethylene_Carbonate,-12.771683,0.7232,0.03298331733650032
Pyrrole--Methanol,-4.456107,0.8927,0.017817140068167786
Glycerol--Phenol,-8.11377,0.8778,0.03952996025638044
Formamide--Dimethyl_Sulfoxide_(DMSO),-11.353545,0.7733,0.09138798049319305
Histidine--Propylene_Carbonate,-6.84492,0.7812,0.018014911495819658
Butylamine--Ethanol,-2.69015,0.9392,0.006869091801870166
"Acetic_Acid--N,N-Dimethylformamide_(DMF)",-14.083764,0.8487,0.08376556970611108
Pyrrolidone--Sulfate_Ion,-40.265889,0.5794,0.06069575646304078
Glycerol--Morpholine,-5.580401,0.8567,0.018181431201459326
Propan-1-ol--Dimethyl_Ether,-4.825607,0.918,0.019891780136436346
Propanoic_Acid--Diethyl_Ether,-9.211715,0.9238,0.030957179084545056
Pyrrolidone--Acetophenone,-9.34935,0.881,0.040516605879729814
N-Methylacetamide--Anisole,-6.189293,0.8641,0.028304489885264034
Methylamine--Hexamethylphosphoramide_(HMPA),-3.611024,0.9001,0.030026152157671893
Uracil--Acetophenone,-11.61326,0.8267,0.03757447372022986
Aniline--Ethyl_Acetate,-3.969286,0.9143,0.006176224597573336
Acetic_Acid--Acetic_Acid,-16.822558,0.8959,0.1966860297562014
Chloroacetic_Acid--Urea,-18.360367,0.7474,0.095169812770882
Pyrrolidine--Urea,-8.139595,0.8542,0.048690606849796716
Sulfuric_Acid--Acetaldehyde,-13.774066,0.7428,0.207783528335873
Alanine--Pyrazine,-8.562735,0.8702,0.05862347108129486
Benzoic_Acid--Sulfate_Ion,-38.901851,0.7696,0.05201745364263382
Glucose--Acetaldehyde,-6.715185,0.8217,0.03509012792713024
Hydrogen_Peroxide--N-Methyl-2-pyrrolidone_(NMP),-10.80983,0.7971,0.07325409060722815
Methylamine--Pyrazine,-2.737732,0.9233,0.011608949280534638
"Cysteine--N,N-Dimethylacetamide_(DMAc)",-14.91293,0.835,0.06486100370942775
Cyclohexanol--2-Picoline,-6.34278,0.9418,0.01982449642856814
Formic_Acid--Anisole,-8.404616,0.9301,0.04955971969928395
Oxalic_Acid--Carbon_Dioxide,-4.735988,0.7004,0.05243641826175492
Oxalic_Acid--Vinyl_Acetate,-12.470039,0.8348,0.057577820683329284
Cytosine--Dimethyl_Sulfoxide_(DMSO),-12.247491,0.8243,0.06668047443352751
Formic_Acid--Benzophenone,-10.581854,0.9066,0.03490875173415053
Guanine--Quinoline,-12.263591,0.7438,0.042528404730169354
Butanoic_Acid--Butan-2-one_(MEK),-10.606151,0.9034,0.03275411626483216
Glycine--Hexamethylphosphoramide_(HMPA),-11.021742,0.9054,0.0673128314762518
Butan-1-ol--Propan-1-ol,-4.821233,0.9144,0.02121310260950878
Propan-1-ol--Pyrazine,-4.952738,0.9044,0.027086420555211255
N-Methylformamide--Isoquinoline,-8.275949,0.8377,0.03345325660978821
Serine--Butan-2-one_(MEK),-11.003859,0.8473,0.026623521711225145
Alanine--Diethyl_Ether,-9.637713,0.9088,0.04647014023897152
Butan-1-ol--Isoquinoline,-5.879464,0.9252,0.02188060480810002
Urea--Benzophenone,-8.768581,0.8663,0.02419625135101008
Pyrrole--2-Picoline,-6.641091,0.9439,0.03718922671089615
Hydroxylamine--Formaldehyde,-5.682748,0.8301,0.2671529360292263
Oxalic_Acid--Diethyl_Carbonate,-1.853614,0.7635,0.01944634961920945
Pyrrolidone--N-Methyl-2-pyrrolidone_(NMP),-13.240976,0.8642,0.025626442630355708
Resorcinol--Phosphate_Ion,-52.409091,0.7044,0.22270746201562944
Urea--Morpholine,-8.396453,0.7872,0.02056133816818402
Fructose--Vinyl_Acetate,-4.97363,0.8166,0.02952925909078267
Tryptophan--18-Crown-6,-7.437842,0.8955,0.015147649749642821
Threonine--N-Methyl-2-pyrrolidone_(NMP),-13.660408,0.8189,0.019803358460474926
Glucose--Oxime,-5.044248,0.8166,0.019853934180148202
Glycerol--Propylene_Carbonate,-4.727795,0.7488,0.015465526870137594
Butylamine--Dimethyl_Sulfoxide_(DMSO),-5.400405,0.9039,0.01737011103293555
Phenol--Carbon_Dioxide,-2.606248,0.9156,0.007560974875081969
Uracil--Ethanol,-10.420501,0.8219,0.04060638560098794
Chloroacetic_Acid--Pyrimidine,-10.596285,0.8702,0.1129055952226563
Lactic_Acid--Urea,-17.988599,0.77,0.07960040169061655
Butylamine--Gamma-Butyrolactone_(GBL),-5.415699,0.9011,0.0070922602055877365
Butanoic_Acid--Pyrimidine,-8.593983,0.8795,0.022699907836540894
Adenine--Carbon_Dioxide,-2.812181,0.6954,0.01408352326356683
Propylamine--Morpholine,-3.817993,0.932,0.01341912635995292
Ethylamine--Phenol,-2.428671,0.9436,0.002917948667102658
Catechol--Acetone,-9.326158,0.8173,0.04010242847453078
Cyclohexanol--N-Methyl-2-pyrrolidone_(NMP),-10.938248,0.8899,0.021663122958434484
Histidine--Methanol,-7.284768,0.8109,0.05874623031402663
Acetamide--Sulfate_Ion,-38.457061,0.4648,0.09902533811863275
Cyclohexanol--Ethyl_Acetate,-6.029318,0.9232,0.020736232718156004
Indole--Diethyl_Ether,-6.045109,0.9598,0.0066529818976579095
Butanoic_Acid--Pyridine,-10.203138,0.9055,0.0280915853571564
Histidine--2-Picoline,-8.266707,0.8508,0.030371694759784285
Chloroacetic_Acid--Dimethyl_Sulfoxide_(DMSO),-16.537712,0.8422,0.08937799422317
Pyrrolidone--Anisole,-6.097807,0.858,0.02490658966209744
Acetamide--Oxime,-5.751644,0.7873,0.03521015716911202
Urea--Formaldehyde,-7.077002,0.7277,0.07078121105328164
Glycine--Vinyl_Acetate,-10.189689,0.9065,0.05703828610613589
Benzoic_Acid--Diethyl_Carbonate,-7.419878,0.9153,0.011626318916182219
Diethanolamine--2-Picoline,-8.775016,0.8667,0.04889262477528017
Propylamine--Cyclohexanone,-4.282838,0.928,0.006288220939074367
Ammonia--Acetaldehyde,-2.669656,0.835,0.012359050379500894
Phenol--18-Crown-6,-8.232992,0.9154,0.012669781429503974
Cysteine--Valerolactone,-11.730927,0.8334,0.03742032654395151
Hydroxylamine--Acetophenone,-2.854705,0.857,0.01870407847843804
Aniline--Sulfate_Ion,-23.214462,0.8488,0.4468702259434449
Formamide--Ethylene_Carbonate,-10.502294,0.7613,0.0408253505973593
Butan-2-ol--Ethyl_Acetate,-5.052904,0.911,0.01731028475906616
N-Methylacetamide--Ethylene_Carbonate,-7.297898,0.659,0.012128719225103748
Ethylene_Glycol--Ethanol,-5.2122,0.8194,0.02857531636579122
Ethanol--Ethyl_Acetate,-4.412995,0.8885,0.021510700791586256
Formic_Acid--Methanol,-10.402544,0.8827,0.1759476202735268
Histidine--Methyl_Acetate,-5.551709,0.8159,0.0271021916728535
Propan-1-ol--Acetic_Acid,-11.14942,0.9296,0.07268416611772979
Acetamide--Propan-1-ol,-9.686255,0.864,0.06989644940752995
Catechol--Benzophenone,-7.287709,0.8783,0.033002231279542625
Salicylic_Acid--Dimethyl_Sulfoxide_(DMSO),-15.719629,0.8005,0.09018159146470449
Fructose--Diethyl_Ether,-5.058458,0.84,0.03398417169989367
Dimethylamine--Ethanol,-2.861159,0.9328,0.015053495649112687
Lactic_Acid--Formaldehyde,-8.126275,0.8728,0.08087444695116934
Sulfuric_Acid--Propan-2-ol,-16.73532,0.8091,0.10033095897484577
Pyrrolidine--Dimethyl_Sulfoxide_(DMSO),-3.793164,0.8501,0.013194770882864427
Pyrrole--Gamma-Butyrolactone_(GBL),-5.721799,0.8154,0.01028533606165977
N-Methylacetamide--Acetaldehyde,-4.631951,0.7563,0.007981193288325526
Barbituric_Acid--Tetrahydrofuran_(THF),-10.530291,0.8139,0.0746971339713367
Pyrrole--Phenol,-4.353279,0.9278,0.00704042374171373
Ethylamine--18-Crown-6,-4.657237,0.9188,0.01325188801621868
Sulfuric_Acid--Butan-2-one_(MEK),-15.619129,0.7668,0.07381006072954774
Glycerol--Pyruvic_Acid,-6.639542,0.8091,0.029953861613407826
Glucose--Valerolactone,-8.613629,0.8029,0.039184886089544395
Alanine--Carbon_Dioxide,-4.882057,0.8733,0.02388178393892148
Resorcinol--Vinyl_Acetate,-7.495501,0.8856,0.013830691925732792
Piperidine--Anisole,-3.39204,0.9879,0.01541449661534454
Pyrrolidone--Pyruvic_Acid,-13.055272,0.7633,0.05723320939170695
Hydrogen_Peroxide--Pyridine,-7.101374,0.8541,0.11807856489979697
Alanine--Dimethyl_Sulfoxide_(DMSO),-15.917873,0.8582,0.11033908143403529
Sulfuric_Acid--Pyrazine,-12.115956,0.7134,0.04051160460339659
Ethanol--Propan-2-ol,-6.221219,0.8936,0.03682952262927211
Chloroacetic_Acid--Cyclohexanone,-11.250249,0.8876,0.06346386978243254
"Uracil--N,N-Dimethylformamide_(DMF)",-14.893681,0.7582,0.04218130392050566
Cytosine--2-Picoline,-10.705687,0.8816,0.0362502905949357
Methanol--Acetophenone,-6.365745,0.8878,0.03130601602376411
Cyclohexanol--Methyl_Acetate,-2.0006,0.9115,0.009636397522165318
Cyclohexanol--Cyclohexanone,-5.369022,0.8948,0.00947756877315482
Histidine--Propan-2-ol,-8.295387,0.8418,0.04994406736848771
Histidine--Acetic_Acid,-10.9546,0.8131,0.06589769267645383
Alanine--Propylene_Carbonate,-7.571534,0.8076,0.017764879649518454
Fructose--Urea,-9.917081,0.7167,0.059415756375414186
"Methanol--N,N-Dimethylformamide_(DMF)",-8.91607,0.758,0.0362574074750986
"Phenol--1,4-Dioxane",-6.18207,0.9176,0.00919784480240835
Tryptophan--Anisole,-5.364662,0.9163,0.01438471741614849
Glycine--Formaldehyde,-7.714988,0.8719,0.056739599541799135
Guanine--Acetaldehyde,-10.031331,0.6815,0.03650140109338659
Dimethylamine--Acetic_Acid,-4.296937,0.9139,0.022632510147388825
Propylamine--Carbon_Dioxide,-1.301816,0.9396,0.00046690069906208704
Glycine--Pyrimidine,-9.528539,0.8791,0.07524226753159577
Pyrrolidine--Trioxane,-3.293668,0.9364,0.009085129822812744
Ethylamine--Dimethyl_Sulfoxide_(DMSO),-6.937771,0.8885,0.03234865425780137
Hydroquinone--Phenol,-4.84578,0.8876,0.008676598661211702
Alanine--Quinoline,-11.448787,0.8936,0.04417018419279561
Propanoic_Acid--Methyl_Acetate,-6.854484,0.8706,0.03231097927343901
Sulfuric_Acid--Hexamethylphosphoramide_(HMPA),-17.850112,0.8397,0.049777170968605046
Urea--Oxime,-9.189316,0.6885,0.09328848913008521
Cyclohexanol--Ethylene_Carbonate,-5.993741,0.8057,0.015329189964470046
Thymine--Hexamethylphosphoramide_(HMPA),-13.117197,0.8719,0.03170791264063517
Pyrrole--Pyrimidine,-5.106688,0.9089,0.038462485222587176
"Aniline--N,N-Dimethylformamide_(DMF)",-8.582961,0.8582,0.013612150884136764
Benzyl_Alcohol--Ethyl_Acetate,-4.944701,0.9142,0.01752606661958341
Propanoic_Acid--Tetrahydrofuran_(THF),-9.017647,0.924,0.04422509815133381
Pyrrolidine--Ethanol,-2.724703,0.9191,0.007614099883469844
Cyclohexanol--Urea,-11.173337,0.8413,0.046812987600725345
Butylamine--Benzaldehyde,-2.561873,0.9291,0.0028789003472713647
Propan-1-ol--2-Picoline,-7.211243,0.9274,0.022738031795960404
Glycerol--Hexamethylphosphoramide_(HMPA),-12.380752,0.8727,0.0645502240088767
N-Methylacetamide--Acetophenone,-7.568245,0.8334,0.023539496753477347
Oxalic_Acid--Dimethyl_Ether,-10.387225,0.7865,0.07581804954707194
Threonine--Carbon_Dioxide,-4.890317,0.8421,0.022067477122986793
Formic_Acid--Butan-2-one_(MEK),-11.018196,0.8491,0.08480821906027361
Methanol--Benzaldehyde,-4.791617,0.8698,0.017427642390955532
Histidine--Diethyl_Carbonate,-6.633454,0.8558,0.01605445009363333
Hydroxylamine--Benzophenone,-4.679755,0.9185,0.020191235379431332
Propan-2-ol--Dimethyl_Sulfoxide_(DMSO),-4.505012,0.7877,0.015088000007761847
Trifluoroethanol--Dimethyl_Sulfoxide_(DMSO),-12.912383,0.8182,0.08627844835059818
Acetamide--Cyclohexanone,-8.663618,0.8846,0.023970735210848148
Hydroxylamine--Methanol,-4.552579,0.8832,0.03303433508115246
"Formamide--N,N-Dimethylformamide_(DMF)",-12.349501,0.7817,0.05747413802547167
Formic_Acid--Pyrimidine,-10.117563,0.8541,0.19593120955408022
Histidine--Quinoline,40.85797,0.7439,0.0656486950018013
Methylamine--Propylene_Carbonate,-4.43785,0.8078,0.008248982584642567
Benzoic_Acid--Phosphate_Ion,-43.856219,0.7983,0.03817308813288492
Ascorbic_Acid--2-Picoline,-19.54932,0.7753,0.05323178939063239
Guanine--18-Crown-6,-11.893976,0.8109,0.016939442481984045
"Pyrrole--1,4-Dioxane",-4.601418,0.9265,0.01224041810325422
Saccharin--Acetophenone,-10.509626,0.8119,0.022922795457095784
Piperidine--Urea,-9.150675,0.8754,0.06311524134556201
Threonine--Hexamethylphosphoramide_(HMPA),-12.297877,0.8734,0.02977805521316497
Fructose--Propan-2-ol,-7.965162,0.8351,0.037156224959172014
Thymine--Formaldehyde,-8.070509,0.7963,0.042746623288133
"N-Methylacetamide--1,4-Dioxane",-4.980859,0.8165,0.013109533732772773
Formamide--Dimethyl_Ether,-6.586861,0.8169,0.04735056781590525
Resorcinol--2-Picoline,-8.790213,0.8848,0.02273456787694362
"Glycine--1,4-Dioxane",-8.712867,0.8913,0.03359967807904596
"Tryptophan--N,N-Dimethylformamide_(DMF)",-6.861597,0.8294,0.017846340127070533
Ammonia--2-Picoline,-3.732719,0.9274,0.028088015796949695
Hydroxylamine--Acetaldehyde,-4.420819,0.85,0.08858706975437869
Tryptophan--Morpholine,-6.100387,0.8828,0.011220292562794762
Hydroquinone--Acetamide,-7.376656,0.7541,0.010927459354388852
Serine--Acetophenone,-10.479903,0.8632,0.022362166002294553
Pyrrolidone--Vinyl_Acetate,-7.886924,0.8685,0.023913916930860108
Aspartic_Acid--Diethyl_Carbonate,71.517037,0.8099,0.03514103864057681
Methanol--Dimethyl_Ether,-4.532619,0.885,0.032284619016523144
Glutamic_Acid--Benzaldehyde,-8.614416,0.8513,0.03573736230742944
Butan-1-ol--Anisole,-4.623132,0.9474,0.016041999723395223
Formic_Acid--Dimethyl_Sulfoxide_(DMSO),-15.996108,0.826,0.10955100649734047
Propanoic_Acid--Benzaldehyde,-9.126079,0.9062,0.025112524651701797
Cysteine--2-Picoline,-12.161358,0.8742,0.0158992339953149
Piperidine--Valerolactone,-3.425722,0.8626,0.003822466605384676
Salicylic_Acid--Diethyl_Ether,-8.883668,0.8479,0.024811117826724644
Hydrazine--Propan-2-ol,-4.635026,0.8838,0.019481244572258177
Propanoic_Acid--Diethyl_Carbonate,14.814716,0.9018,0.018286374603517667
Propylamine--Dimethyl_Sulfoxide_(DMSO),-7.036073,0.9024,0.02612288394215646
Diethanolamine--Acetaldehyde,-5.811981,0.8396,0.03203440368815523
Histidine--Valerolactone,-9.27133,0.7932,0.01584106740013975
Oxalic_Acid--Morpholine,-10.879244,0.8053,0.05751698247806173
Barbituric_Acid--Dimethyl_Sulfoxide_(DMSO),-13.360366,0.7336,0.11059218799496937
Formamide--Ethyl_Acetate,-6.472821,0.7832,0.04093365783730714
Butanoic_Acid--18-Crown-6,-9.261201,0.9077,0.015413262281441287
Dimethylamine--Gamma-Butyrolactone_(GBL),-2.577512,0.8143,0.003781251251144405
Cysteine--Methanol,-10.592384,0.8789,0.06144824838893676
Ethylene_Glycol--Phenol,-4.006667,0.8734,0.0024364361234561144
Ammonia--18-Crown-6,-4.057239,0.9049,0.016585409664239815
Phenol--Trioxane,-5.665788,0.9126,0.012322545788321574
N-Methylacetamide--Hexamethylphosphoramide_(HMPA),-8.324934,0.8426,0.04292668452630136
Diethanolamine--Formaldehyde,-4.507935,0.834,0.026003323135451034
Lactic_Acid--Hexamethylphosphoramide_(HMPA),-13.046264,0.9033,0.0550634032915101
Glycine--Acetamide,-16.45656,0.8312,0.10501074275685394
Ethylamine--Propylene_Carbonate,-5.383509,0.8345,0.008923433471502233
N-Methylformamide--Phenol,-5.994273,0.8197,0.011980282233143609
Serine--Urea,-17.554106,0.7593,0.04780237850499694
Glutamic_Acid--Ethanol,-7.413295,0.8199,0.03806952362635813
N-Methylacetamide--Pyrimidine,-5.626959,0.784,0.028376463505958346
Citric_Acid--18-Crown-6,-10.457991,0.845,0.013006276419706149
Glucose--Urea,-10.874474,0.7338,0.03151921384517534
Hydroxylamine--Dimethyl_Ether,-3.423049,0.9023,0.01507072072313196
Glycerol--Propan-2-ol,-5.202788,0.8498,0.02454564012644489
Aniline--Acetone,-7.597942,0.9172,0.018096260772119198
"Indole--1,4-Dioxane",-5.091331,0.9356,0.010278078789915532
Butan-2-ol--Methanol,-5.122826,0.8932,0.029431788412895375
Butanoic_Acid--2-Picoline,-11.283789,0.9189,0.056264873054589166
"Oxalic_Acid--N,N-Dimethylacetamide_(DMAc)",-16.589291,0.7267,0.055663605102045245
Propan-2-ol--Acetaldehyde,-3.170102,0.8582,0.013208337435674958
Glycine--Propan-2-ol,-11.169339,0.9283,0.06448938997365611
Acetic_Acid--Benzophenone,-9.577816,0.9161,0.01736594932605904
Formamide--Acetaldehyde,-7.348811,0.7953,0.05062765621827529
Imidazole--Propan-2-ol,-5.964773,0.8438,0.019768858271872736
Propanoic_Acid--Acetone,-11.642287,0.8793,0.0454192411418858
Cytosine--Methyl_Acetate,-6.776841,0.8214,0.020919971937752312
Propylamine--Butan-2-one_(MEK),-4.882045,0.9295,0.011243416863261562
Phenol--Gamma-Butyrolactone_(GBL),-6.673599,0.8121,0.005087808977910131
Butylamine--Acetophenone,-4.235762,0.9444,0.012020282713699823
Resorcinol--Phenol,-5.979689,0.8702,0.012951452812185644
Benzoic_Acid--Pyrimidine,-8.660055,0.8791,0.10871118822782062
Ethylene_Glycol--Vinyl_Acetate,-5.078345,0.8366,0.016654575453307355
Indole--Phenol,-5.29402,0.941,0.009753211657932876
Imidazole--Methanol,-5.197223,0.7905,0.029229849718304363
"Formamide--1,4-Dioxane",-7.144977,0.8316,0.03970915829482593
Guanine--Vinyl_Acetate,-9.445425,0.7152,0.019528278532037882
Piperidine--Isoquinoline,-3.817659,0.9658,0.007196469679379281
Ascorbic_Acid--Benzophenone,-20.70847,0.8383,0.01369211709485777
Histidine--Pyruvic_Acid,-7.972941,0.7849,0.022774216683538656
N-Methylformamide--Oxime,-5.297743,0.7801,0.019037109549623434
Histidine--Trioxane,-6.073295,0.8222,0.021222005659790693
Cyclohexanol--Gamma-Butyrolactone_(GBL),-6.033489,0.8232,0.009417392215339914
Serine--Oxime,-8.413353,0.8703,0.0376323928926181
Hydrazine--Acetamide,-9.263253,0.7706,0.08639727661905247
Methylamine--18-Crown-6,-4.546247,0.9134,0.016245314533486484
Propanoic_Acid--Dimethyl_Sulfoxide_(DMSO),-15.234143,0.8685,0.09023053669601232
Salicylic_Acid--Propylene_Carbonate,-13.104078,0.7993,0.03828803269759406
Barbituric_Acid--Methyl_Acetate,-7.878436,0.7548,0.021564545828084366
Chloroacetic_Acid--Ethyl_Acetate,-7.344537,0.8614,0.030814954072555235
Serine--Ethylene_Carbonate,-11.423648,0.8062,0.03510976189828278
Thymine--Isoquinoline,-11.601423,0.8436,0.05482359501036477
Indole--Phosphate_Ion,-45.85041,0.6217,0.17885720382640674
Butan-2-ol--Phosphate_Ion,-45.303251,0.6688,0.46864879387222497
Barbituric_Acid--Acetone,-10.903609,0.748,0.05150006201485353
Piperidine--Pyrazine,-3.215446,0.9596,0.005120951121215611
Hydrazine--Propylene_Carbonate,-6.449544,0.7896,0.015093878383974526
Saccharin--Trioxane,-6.792926,0.7883,0.02596622639760191
Glycerol--Isoquinoline,-5.701956,0.8703,0.02652050070082018
N-Methylformamide--Hexamethylphosphoramide_(HMPA),-7.224825,0.8405,0.037076093336587845
N-Methylacetamide--Diethyl_Carbonate,-8.4254,0.8466,0.01731539445662062
Hydroxylamine--Phenol,-2.935623,0.8953,0.009032053464972857
Guanine--2-Picoline,-12.659557,0.7332,0.04539323811899373
"N-Methylacetamide--N,N-Dimethylformamide_(DMF)",-10.500757,0.7319,0.02632805581316523
Methanol--Phosphate_Ion,-25.341155,0.6132,0.21528231808051593
"Ethylamine--1,4-Dioxane",-3.100523,0.9306,0.008724202527410702
"Cyclohexanol--1,4-Dioxane",-6.602217,0.9455,0.01688869301035367
Glucose--Propan-1-ol,-8.635324,0.8298,0.043830469926332244
Pyrrolidine--Hexamethylphosphoramide_(HMPA),-4.840424,0.9061,0.03173158182723944
Sulfuric_Acid--Acetic_Acid,-21.604071,0.7369,0.1361990369646266
Hydroquinone--Morpholine,-6.549181,0.876,0.013369697403196521
Phenol--Morpholine,-7.256164,0.9117,0.01216327918437918
Formic_Acid--Hexamethylphosphoramide_(HMPA),-12.77644,0.9024,0.06982689163404719
Resorcinol--Formaldehyde,-4.883141,0.8255,0.025034810266344833
Pyrrolidine--Morpholine,-3.645538,0.9307,0.010946125874644243
Hydrazine--Anisole,-3.668335,0.9348,0.01644088834638493
Aniline--Acetic_Acid,-9.385783,0.917,0.06304222243309378
Aspartic_Acid--N-Methyl-2-pyrrolidone_(NMP),-15.650427,0.8157,0.04423858964329887
N-Methylformamide--Gamma-Butyrolactone_(GBL),-6.039739,0.7073,0.011715956855843354
Hydrogen_Peroxide--Vinyl_Acetate,-7.205026,0.8794,0.029610814089399418
Acetamide--Methanol,-6.183001,0.7709,0.038122010617559536
Adenine--Dimethyl_Sulfoxide_(DMSO),-10.437627,0.6657,0.03742647875324859
Threonine--Dimethyl_Ether,-9.23338,0.868,0.029727991019253403
"Propylamine--N,N-Dimethylacetamide_(DMAc)",-6.050191,0.8634,0.019389962244075024
Butan-2-ol--Propan-1-ol,-4.78521,0.9111,0.021330232278830435
Propan-2-ol--Propylene_Carbonate,-3.234436,0.775,0.004954584317298196
Propan-1-ol--Dimethyl_Sulfoxide_(DMSO),-6.974403,0.7983,0.027577262883946355
Citric_Acid--Oxime,-8.651173,0.7976,0.030742945701469505
Barbituric_Acid--Dimethyl_Ether,-8.44152,0.7962,0.05770380475238486
Formic_Acid--Ethylene_Carbonate,-7.660455,0.7366,0.02855308028532913
Adenine--Butan-2-one_(MEK),-8.039332,0.7583,0.02662400126662675
Alanine--Diethyl_Carbonate,-7.351181,0.8983,0.015715081941068517
"Butan-1-ol--N,N-Dimethylacetamide_(DMAc)",-9.116698,0.8549,0.02554616227609626
Threonine--Tetrahydrofuran_(THF),-9.529699,0.8825,0.035221540007325684
"Sulfuric_Acid--N,N-Dimethylacetamide_(DMAc)",-22.065502,0.7682,0.053897702801327885
"Ascorbic_Acid--N,N-Dimethylacetamide_(DMAc)",-22.749082,0.7578,0.03317805018992639
Ammonia--Pyruvic_Acid,-4.381474,0.7962,0.023869558751219776
Hydroquinone--Carbon_Dioxide,-2.60057,0.8528,0.00867751190149823
Propan-2-ol--Morpholine,-3.752791,0.9026,0.010084552470079576
Sulfuric_Acid--Acetamide,-21.710297,0.6583,0.10220035072124445
Ascorbic_Acid--Phenol,-16.430129,0.8214,0.02138617067890771
Barbituric_Acid--Propan-2-ol,-10.070213,0.8117,0.06013052744643114
Butylamine--Phenol,-2.620425,0.9446,0.00429752947638359
N-Methylacetamide--Sulfate_Ion,-11.790922,0.7372,0.3919392341533875
Tryptophan--Butan-2-one_(MEK),-5.790506,0.8665,0.00912681500234502
Acetamide--Formaldehyde,-6.669496,0.8028,0.057624705911433705
Cyclohexanol--Phosphate_Ion,-38.158375,0.6843,0.28093204586395026
Adenine--Pyridine,-9.455396,0.7502,0.08960070670175213
"Hydroquinone--N,N-Dimethylformamide_(DMF)",-10.861625,0.7789,0.016175134032989466
Pyrrolidone--Phosphate_Ion,-34.045315,0.5536,0.1986318876538972
Aniline--Morpholine,-5.452609,0.9364,0.007853375788618607
Tryptophan--Ethyl_Acetate,-4.622179,0.872,0.015087866566258793
Citric_Acid--Pyridine,-10.950925,0.7862,0.0335719528267551
Propylamine--Tetrahydrofuran_(THF),-3.761269,0.9573,0.013558817373400367
Butan-2-ol--2-Picoline,-6.804424,0.9278,0.026995167417356903
Formic_Acid--Benzaldehyde,-9.947338,0.8827,0.0701674412999203
Imidazole--Gamma-Butyrolactone_(GBL),-6.934997,0.7438,0.010275536451279215
Aspartic_Acid--Dimethyl_Sulfoxide_(DMSO),-16.872315,0.8147,0.051885396595173605
Lactic_Acid--Acetic_Acid,-16.873392,0.8978,0.09859557307785817
"Tryptophan--1,4-Dioxane",-5.398095,0.8854,0.011415960896757872
Imidazole--Hexamethylphosphoramide_(HMPA),-7.636187,0.8768,0.03655731447318204
"Pyrrolidone--1,4-Dioxane",-7.734202,0.8699,0.019011808484638057
Cytosine--Phosphate_Ion,-72.260638,0.6911,0.2878459781808937
Ascorbic_Acid--Phosphate_Ion,-81.766191,0.582,0.15193592269128794
Imidazole--Acetamide,-7.012752,0.7149,0.011611701511535134
Cytosine--Oxime,-9.006539,0.8611,0.046904853735484364
Propan-1-ol--Quinoline,-7.234456,0.9306,0.021598362128983396
Methylamine--Benzophenone,-4.475174,0.9497,0.014466921552076972
Piperidine--Phenol,-2.532856,0.9749,0.001457944331949628
Glycerol--Gamma-Butyrolactone_(GBL),-10.638415,0.8134,0.0442391067291232
Aniline--Phosphate_Ion,-54.130733,0.5937,0.23985186786627374
Resorcinol--Acetamide,-10.48093,0.8015,0.038209253560243975
Propylamine--N-Methyl-2-pyrrolidone_(NMP),-7.760681,0.8917,0.015517402254449992
Propan-2-ol--Pyruvic_Acid,-4.433802,0.8499,0.013377494001015604
Cyclohexanol--Benzophenone,-8.020139,0.9376,0.02065200610944686
Phenol--Propan-1-ol,-6.676799,0.9084,0.013930948194996351
Cytosine--Propylene_Carbonate,-5.951507,0.6903,0.008467743248712373
Oxalic_Acid--Pyrimidine,-11.989245,0.7745,0.08755315108855664
"Hydroxylamine--N,N-Dimethylformamide_(DMF)",-3.346947,0.7471,0.0069625189242117835
Butan-2-ol--Gamma-Butyrolactone_(GBL),-7.320971,0.8586,0.017774969773171282
Propan-2-ol--Propan-2-ol,-4.808158,0.903,0.021928731320185982
Hydrogen_Peroxide--Pyrazine,-6.2716,0.8593,0.08624626114804892
Thymine--Butan-2-one_(MEK),-11.62227,0.8214,0.034460737177817606
Propan-2-ol--Urea,-8.449281,0.8009,0.04127753659067833
"Dimethylamine--N,N-Dimethylacetamide_(DMAc)",-6.168019,0.8774,0.0387170165495695
Glutamic_Acid--Morpholine,-7.156583,0.8294,0.03844533798944469
"Citric_Acid--N,N-Dimethylformamide_(DMF)",-14.556445,0.7495,0.033591040521754496
Serine--Trioxane,-8.632589,0.8754,0.0221551620906501
Hydrogen_Peroxide--2-Picoline,-8.245948,0.8795,0.08954426233597577
Ascorbic_Acid--Methyl_Acetate,-13.660886,0.7348,0.02197315622057784
Alanine--Acetamide,-11.578615,0.7821,0.05899108018195922
Saccharin--Anisole,-8.981534,0.8366,0.02552331875879214
"Ascorbic_Acid--N,N-Dimethylformamide_(DMF)",-22.515928,0.7538,0.030144657942493793
Butanoic_Acid--Ethylene_Carbonate,-7.774619,0.8319,0.01148425375599293
Salicylic_Acid--Anisole,-7.560206,0.8633,0.017390716625032204
Histidine--Diethyl_Ether,-6.864487,0.8565,0.02518619548151308
Butan-2-ol--Anisole,-5.143591,0.9487,0.015158060966912378
Benzyl_Alcohol--Methyl_Acetate,-4.493472,0.9026,0.013267625773485158
"Hydrazine--N,N-Dimethylacetamide_(DMAc)",-7.404463,0.828,0.04722611693411914
N-Methylacetamide--Tetrahydrofuran_(THF),-5.684123,0.8322,0.009033558851929191
Propylamine--Methyl_Acetate,-4.249725,0.91,0.008880633499413192
Hydrazine--18-Crown-6,-4.176494,0.8761,0.01339674432784686
Butan-2-ol--Vinyl_Acetate,-6.276417,0.9355,0.028699259891862595
"Lactic_Acid--N,N-Dimethylacetamide_(DMAc)",-14.647451,0.8474,0.07787749535419584
Catechol--Trioxane,-5.985375,0.8482,0.012259293125858132
Barbituric_Acid--Pyrimidine,-10.470148,0.7731,0.09338311722595431
Lactic_Acid--Dimethyl_Sulfoxide_(DMSO),-16.430026,0.8507,0.0692109923766996
Lactic_Acid--Methyl_Acetate,-7.029522,0.8549,0.027613271239536188
Citric_Acid--Carbon_Dioxide,-5.05559,0.7634,0.017142495969131824
Resorcinol--Acetaldehyde,-5.828217,0.8075,0.01580678961404265
Chloroacetic_Acid--Formaldehyde,-8.420725,0.8614,0.0983327516974986
Phenol--Propan-2-ol,-7.503361,0.9081,0.019706659241277163
Uracil--Phosphate_Ion,-42.873669,0.4022,0.09721094373171169
Acetic_Acid--Methyl_Acetate,-6.814477,0.8506,0.032203981428239895
Ammonia--Diethyl_Ether,-2.873122,0.9224,0.0200695728690528
Cytosine--Gamma-Butyrolactone_(GBL),-11.225448,0.8618,0.0286413393294587
Pyrrolidine--18-Crown-6,-5.083998,0.9319,0.011322800657422362
Ammonia--Benzaldehyde,-2.759115,0.8819,0.006979884389812394
Propylamine--Ethyl_Acetate,-3.545743,0.9172,0.014407583173703125
Methylamine--Acetamide,-7.647,0.8431,0.08645969110207484
Hydroxylamine--Phosphate_Ion,-43.441455,0.5672,0.17638937002929445
Histidine--Benzaldehyde,-4.872686,0.8396,0.00798030923836779
Serine--Acetic_Acid,-17.117271,0.8709,0.07288323582000514
Acetic_Acid--Diethyl_Carbonate,-8.242415,0.8948,0.036601031855604586
Glycerol--Dimethyl_Sulfoxide_(DMSO),-11.70517,0.7594,0.07113100154324126
Diethanolamine--Propan-2-ol,-6.629667,0.8487,0.03359533984018103
"Phenol--N,N-Dimethylformamide_(DMF)",-10.911389,0.8192,0.02017472199342835
Threonine--Urea,-17.620757,0.7629,0.06610143283133608
Resorcinol--Dimethyl_Sulfoxide_(DMSO),-8.73784,0.761,0.03347586382443067
Tryptophan--Diethyl_Ether,-6.186022,0.9064,0.007835450146708299
Propan-1-ol--18-Crown-6,-6.978976,0.9097,0.01952661607331233
Glycine--Phenol,-7.044293,0.8769,0.02392693303747054
Butan-1-ol--Ethanol,-4.549866,0.901,0.0074550946024709306
Citric_Acid--2-Picoline,-11.607036,0.7997,0.022916936541102304
Propan-2-ol--Diethyl_Carbonate,-4.30327,0.9222,0.012070737502010953
Hydrogen_Peroxide--Quinoline,-7.771481,0.8862,0.06408891534280198
Trifluoroethanol--Pyrazine,-7.530842,0.8603,0.04521182717562259
"Butylamine--N,N-Dimethylformamide_(DMF)",-7.675797,0.9003,0.012508336671027345
Glycine--Dimethyl_Ether,-8.197112,0.895,0.03954598296685657
Piperidine--Carbon_Dioxide,-1.193273,0.9675,0.003159341566096752
Urea--Anisole,-5.489188,0.7975,0.02546247777349327
Resorcinol--Pyrimidine,-6.564123,0.8478,0.02066590765603068
Pyrrolidone--Morpholine,-8.164079,0.8797,0.02290467660300918
Ethylamine--Oxime,-1.981774,0.9326,0.0057243430176831525
Dimethylamine--Vinyl_Acetate,-4.385532,0.9583,0.02292539200634272
Acetamide--Carbon_Dioxide,-4.794438,0.7392,0.04179467384559342
Propan-2-ol--Hexamethylphosphoramide_(HMPA),-5.938832,0.8952,0.03204659551548117
Piperidine--Acetone,-6.221103,0.9511,0.012699515254418939
"Formamide--N,N-Dimethylacetamide_(DMAc)",-10.479648,0.7671,0.0897023627167821
"Pyrrolidine--N,N-Dimethylacetamide_(DMAc)",-5.378591,0.8579,0.018126411601731205
Oxalic_Acid--Gamma-Butyrolactone_(GBL),-13.365865,0.774,0.07677218965428667
Indole--Pyrazine,-5.514674,0.9319,0.04222763036231605
Hydrogen_Peroxide--Ethanol,-6.417893,0.8779,0.04837107561067033
Propylamine--Propylene_Carbonate,-5.571255,0.8556,0.0050140533571437825
Ethylamine--Ethyl_Acetate,-3.980654,0.9072,0.014837652627906543
Adenine--Methyl_Acetate,-4.314358,0.7081,0.013463640221346817
Lactic_Acid--Gamma-Butyrolactone_(GBL),-12.220798,0.8474,0.04675881730056355
Aniline--Phenol,-5.007034,0.9395,0.009607531067020208
Chloroacetic_Acid--Pyridine,-11.81987,0.8686,0.0781475114555951
Butan-1-ol--Trioxane,-4.62003,0.9262,0.016278485867120756
Glucose--Acetic_Acid,-11.559202,0.8102,0.05308608238942224
Tryptophan--Propan-2-ol,-6.060848,0.8788,0.009876318394578844
Saccharin--N-Methyl-2-pyrrolidone_(NMP),-8.950989,0.76,0.012751721462457658
Butan-2-ol--Tetrahydrofuran_(THF),-5.226872,0.9283,0.01935488519897526
"Aspartic_Acid--1,4-Dioxane",-9.320894,0.8401,0.031368209494297056
Guanine--Ethanol,-14.092034,0.7063,0.03408842843421754
Propanoic_Acid--Butan-2-one_(MEK),-10.78239,0.8992,0.0441854257144726
Piperidine--Propan-2-ol,-2.801192,0.942,0.004584192405288888
Phenol--Oxime,-5.139521,0.9139,0.018085812024426905
Ethylamine--Pyrimidine,-2.888233,0.9125,0.008369961207317948
Alanine--Trioxane,-7.831608,0.8659,0.031444961988819506
Glycine--Trioxane,-8.562326,0.8855,0.03800671437888922
Resorcinol--Benzaldehyde,-5.737443,0.8546,0.013181090348770038
Ethylamine--Carbon_Dioxide,-1.267071,0.9247,0.0018482384881332357
Adenine--Dimethyl_Ether,-6.972154,0.7549,0.02963646682834597
Butanoic_Acid--Propan-1-ol,-10.57436,0.9569,0.03162662591504018
Glutamic_Acid--Acetophenone,-7.775265,0.8226,0.05280397037177736
Indole--Anisole,-5.099481,0.9723,0.009917379457081208
Ascorbic_Acid--Acetophenone,-19.119089,0.8184,0.020171107952720625
Guanine--Gamma-Butyrolactone_(GBL),-14.827578,0.7232,0.036361694789766925
Ethylene_Glycol--Isoquinoline,-6.315103,0.8679,0.031379657663246595
N-Methylacetamide--Gamma-Butyrolactone_(GBL),-7.933142,0.7136,0.01083557097937933
Methanol--Dimethyl_Sulfoxide_(DMSO),-5.763469,0.7319,0.027061350232824914
Pyrrolidone--Cyclohexanone,-9.241496,0.8826,0.02253556628543546
N-Methylacetamide--Butan-2-one_(MEK),-5.487052,0.7852,0.018383895321968612
Diethanolamine--Pyruvic_Acid,-6.342569,0.8059,0.013085674114023515
Adenine--Quinoline,-10.860771,0.7974,0.04392506188179428
Fructose--Benzophenone,-5.486967,0.8401,0.021686821335367555
Acetic_Acid--Diethyl_Ether,-9.171624,0.9074,0.048422326877952816
Propan-1-ol--Diethyl_Ether,-6.452013,0.9346,0.02099110737900556
Urea--Acetophenone,-8.894316,0.812,0.03554214572855479
Cysteine--Butan-2-one_(MEK),-10.599537,0.8749,0.03742571702466865
Guanine--Carbon_Dioxide,-6.76386,0.5916,0.027710655736452768
Aspartic_Acid--Ethanol,-11.135215,0.8561,0.05327404586659961
Ethanol--Hexamethylphosphoramide_(HMPA),-6.68967,0.8932,0.043124817358024016
Hydrazine--Oxime,-6.463364,0.7869,0.07293496942272053
Propan-1-ol--Benzophenone,-5.883168,0.917,0.006707018756316657
Propan-2-ol--Isoquinoline,-4.477164,0.9176,0.01391184103977775
Barbituric_Acid--Oxime,-7.221422,0.7686,0.058018165133267886
Methanol--Ethyl_Acetate,-4.463588,0.8832,0.02005633157990596
Hydroquinone--Ethanol,-6.059122,0.8524,0.013552360750674453
Histidine--Ethanol,-3.934473,0.8205,0.009022449846799912
Aniline--Dimethyl_Sulfoxide_(DMSO),-8.132595,0.8804,0.031178117903149095
"Urea--N,N-Dimethylacetamide_(DMAc)",-10.043872,0.7333,0.06661033146345323
Cyclohexanol--Formaldehyde,-3.750243,0.8965,0.018947903904831566
N-Methylacetamide--Acetic_Acid,-6.319009,0.7628,0.019585605557756316
"Tryptophan--N,N-Dimethylacetamide_(DMAc)",-9.091875,0.8382,0.02625266275395515
"Ammonia--N,N-Dimethylformamide_(DMF)",-7.539157,0.8108,0.021832871670444936
Formamide--Trioxane,-7.068084,0.8316,0.03780108241269805
Phenol--Hexamethylphosphoramide_(HMPA),-8.405919,0.9055,0.025662765129483983
Methanol--Cyclohexanone,-4.574911,0.8566,0.007347383679239865
Imidazole--Valerolactone,-6.928911,0.7504,0.009814436287553024
Cysteine--Methyl_Acetate,-7.347062,0.8427,0.022750236133427252
Thymine--2-Picoline,-11.150289,0.8137,0.0699098060679763
Imidazole--Ethylene_Carbonate,-6.495361,0.6808,0.017041422370662057
Formic_Acid--Urea,-18.004338,0.7125,0.1354455734177865
Acetic_Acid--Isoquinoline,-10.624598,0.9038,0.08076125797623475
Aniline--Acetamide,-8.466044,0.8787,0.039244674832991044
Phenol--Butan-2-one_(MEK),-8.220995,0.893,0.022171683816747025
Lactic_Acid--Butan-2-one_(MEK),-11.518184,0.8681,0.03793206358803988
Phenol--Pyridine,-7.682019,0.9174,0.0324758504205097
Saccharin--Phenol,-10.274172,0.8191,0.027698194246089405
Alanine--Pyridine,-9.7335,0.8673,0.051870121713120845
Ethylene_Glycol--Hexamethylphosphoramide_(HMPA),-7.499678,0.871,0.0419309454205251
Propanoic_Acid--Urea,-17.229642,0.7922,0.11017165821821868
Glycine--Propan-1-ol,-6.903793,0.8378,0.02879975524381912
Hydroxylamine--Carbon_Dioxide,-3.066198,0.8764,0.03202855728230266
Butylamine--Tetrahydrofuran_(THF),-3.176427,0.9581,0.007793999879822026
Citric_Acid--Diethyl_Carbonate,-8.68992,0.8223,0.014943713602552965
Glucose--Pyrazine,-6.251166,0.8117,0.03761911685307984
Hydrazine--N-Methyl-2-pyrrolidone_(NMP),-7.69482,0.8382,0.017127622801603883
Indole--Oxime,-4.513736,0.9426,0.012829572069348988
Methylamine--Ethyl_Acetate,-2.33201,0.8997,0.006626104554917703
Lactic_Acid--Isoquinoline,-11.980615,0.8945,0.031021962154246657
Sulfuric_Acid--Gamma-Butyrolactone_(GBL),-18.562207,0.7355,0.11981905910432337
Dimethylamine--Dimethyl_Sulfoxide_(DMSO),-5.3912,0.8808,0.023763923121364335
Methylamine--Acetic_Acid,-10.380774,0.8616,0.11096561014111055
Aniline--Vinyl_Acetate,-5.031347,0.9406,0.012309590842400043
Barbituric_Acid--Pyruvic_Acid,-8.386544,0.7121,0.03290336919598285
Glycerol--Acetaldehyde,-4.482394,0.8101,0.029530432263997024
Guanine--Methyl_Acetate,-8.0517,0.6537,0.02479986147993574
Hydrazine--2-Picoline,-3.906634,0.9,0.01886229979060651
Propanoic_Acid--Pyridine,-10.078147,0.8947,0.05553782814532253
Ascorbic_Acid--Dimethyl_Sulfoxide_(DMSO),-23.0592,0.7266,0.04278016992599461
"Benzyl_Alcohol--N,N-Dimethylacetamide_(DMAc)",-7.869011,0.8317,0.018706423434851092
Cysteine--Oxime,-7.159409,0.8505,0.029680281511864484
Pyrrole--Pyridine,-6.075184,0.9305,0.05173192079645751
Tryptophan--Tetrahydrofuran_(THF),-5.960305,0.8993,0.011674476008612633
Resorcinol--Anisole,-6.218133,0.9083,0.017525168669469106
Oxalic_Acid--Tetrahydrofuran_(THF),-11.573826,0.818,0.08123144467230956
Methylamine--Oxime,-2.904701,0.9265,0.017039480518789483
Chloroacetic_Acid--Gamma-Butyrolactone_(GBL),-12.580539,0.8637,0.0661938202219664
Salicylic_Acid--Benzophenone,-9.050622,0.8657,0.016507383915375724
Tryptophan--Acetaldehyde,-4.76641,0.8577,0.005974266442763131
Piperidine--Propan-1-ol,-2.710718,0.9491,0.003717676105048582
Saccharin--Formaldehyde,-6.991611,0.7526,0.034909984678038124
Aspartic_Acid--Hexamethylphosphoramide_(HMPA),-12.43552,0.865,0.038242132990590316
Adenine--Isoquinoline,-10.066341,0.7894,0.04887555677303011
Propanoic_Acid--Propan-1-ol,-10.501337,0.9512,0.04490046088846434
Salicylic_Acid--Acetophenone,-9.857031,0.8423,0.03962291199336743
Guanine--Oxime,-11.968583,0.6394,0.07785909988699354
Cyclohexanol--Trioxane,-5.484127,0.9198,0.016616849038365696
Propan-1-ol--Propylene_Carbonate,-7.252851,0.8567,0.010424206965869697
Ascorbic_Acid--Quinoline,-19.660663,0.8057,0.03966527272050891
N-Methylacetamide--Propylene_Carbonate,-7.20074,0.6794,0.007077206336024412
Aniline--Carbon_Dioxide,-1.752879,0.941,0.00940851696537114
Cysteine--Morpholine,-12.271759,0.8804,0.044778648256394875
Propan-2-ol--Tetrahydrofuran_(THF),-5.163641,0.943,0.010072994489893145
Glutamic_Acid--Quinoline,-10.838449,0.8655,0.04778991840464923
Diethanolamine--Acetamide,-13.496675,0.8577,0.07457822369195868
Thymine--Tetrahydrofuran_(THF),-9.43152,0.8354,0.02817786779902198
Resorcinol--Morpholine,-8.151505,0.8556,0.013739317856516293
Glucose--Anisole,-8.933397,0.8647,0.035302944884251494
Saccharin--Vinyl_Acetate,-9.759869,0.8144,0.024921304367840503
Ascorbic_Acid--Urea,-22.291812,0.6314,0.04877256217292263
Acetic_Acid--Valerolactone,-11.61519,0.8626,0.05913515808481958
Pyrrole--Ethanol,-4.724333,0.9077,0.01973769829089388
Aniline--Pyrazine,-5.394627,0.942,0.021743825877453604
Formic_Acid--Quinoline,-11.728531,0.8962,0.1280005202884204
Ethylene_Glycol--Butan-2-one_(MEK),-7.264083,0.8344,0.03547802291629018
Hydrazine--Acetaldehyde,-4.670341,0.8478,0.0324144117284784
Pyrrolidone--Acetaldehyde,-7.688423,0.8533,0.033983348810624835
Aniline--Propylene_Carbonate,-5.802192,0.811,0.005385168077294634
Histidine--Pyrimidine,-5.541371,0.8387,0.018983727388339047
Butan-2-ol--Formaldehyde,-3.96774,0.9023,0.017684796677482274
"Cytosine--N,N-Dimethylacetamide_(DMAc)",-11.467853,0.815,0.05150335357192886
Resorcinol--Ethyl_Acetate,-5.371222,0.8685,0.013127830508863451
Barbituric_Acid--Ethyl_Acetate,-7.815056,0.7808,0.020517691676559976
Formamide--Diethyl_Carbonate,-7.241955,0.8505,0.020005174833688136
Butan-2-ol--Ethanol,-4.734599,0.8934,0.009556678734231227
Cysteine--Diethyl_Ether,-10.426142,0.9033,0.03853558753599482
Hydroquinone--Acetaldehyde,-5.607392,0.8154,0.010331130127473597
Hydroxylamine--Pyridine,-3.762569,0.8907,0.02613129909694283
"Benzoic_Acid--N,N-Dimethylformamide_(DMF)",-14.000913,0.8455,0.04871906047029176
Aspartic_Acid--Acetic_Acid,-11.171324,0.808,0.04589929555910834
Pyrrole--Propylene_Carbonate,-5.66906,0.7806,0.012043331953321157
Adenine--Ethanol,-7.310964,0.7318,0.02935489135674462
"Piperidine--1,4-Dioxane",-3.064388,0.9563,0.006418782329687842
Methylamine--Acetaldehyde,-4.024326,0.908,0.022546603009750584
Piperidine--Trioxane,-2.937831,0.9509,0.00619668423802602
Sulfuric_Acid--Oxime,-9.840403,0.6727,0.06896586172560433
Indole--Sulfate_Ion,-4.299572,0.8791,0.018864355623762947
Piperidine--Diethyl_Carbonate,-5.200442,0.9586,0.013061783914929808
Methanol--Ethylene_Carbonate,-4.285694,0.7577,0.007154987442132902
Barbituric_Acid--Acetamide,-14.482506,0.7032,0.11839608061622096
N-Methylacetamide--Pyruvic_Acid,-4.644084,0.724,0.011094532286259931
Hydroquinone--Formaldehyde,-4.780944,0.8342,0.02200345300183382
Benzoic_Acid--Methyl_Acetate,-6.452712,0.8884,0.028863055166814897
Propanoic_Acid--Acetamide,-11.502699,0.7968,0.07183944248295707
Benzyl_Alcohol--Oxime,-4.901347,0.9234,0.01797976633995271
Propan-1-ol--Benzaldehyde,-5.157059,0.8915,0.016656531205336493
Chloroacetic_Acid--Propan-2-ol,-10.33676,0.8742,0.07648978573335385
Alanine--Propan-2-ol,-9.192569,0.8714,0.043148111240400945
Ammonia--Trioxane,-2.967546,0.8971,0.010927384293543386
Diethanolamine--Methanol,-8.698206,0.8424,0.0740545325132217
"Imidazole--N,N-Dimethylformamide_(DMF)",-7.226132,0.7581,0.01952095731957343
Fructose--Pyrazine,-4.382685,0.8135,0.03359420836743639
Methylamine--Anisole,-2.670554,0.9671,0.015861296297993405
Thymine--Acetic_Acid,-17.397374,0.8357,0.12288839993667255
Hydrazine--Methyl_Acetate,-3.92272,0.8271,0.03403720218721688
Acetic_Acid--Acetamide,-16.37226,0.8275,0.17057117315446305
Formamide--Phenol,-9.845775,0.8612,0.06512838573115735
Pyrrole--Acetone,-4.782589,0.8882,0.01110224826317092
Lactic_Acid--Phosphate_Ion,-53.994251,0.7372,0.05297281557361088
Cysteine--Dimethyl_Sulfoxide_(DMSO),-16.111614,0.8382,0.06009024618271225
Piperidine--N-Methyl-2-pyrrolidone_(NMP),-5.66744,0.8918,0.002080991049804557
Indole--Valerolactone,-6.239957,0.8464,0.006863629040338877
"Diethanolamine--N,N-Dimethylformamide_(DMF)",-14.386935,0.8185,0.04957532818509435
Resorcinol--Propan-2-ol,-7.466142,0.8596,0.022829636607775934
Pyrrolidine--Acetamide,-7.812622,0.8939,0.053191490056709964
Aniline--Tetrahydrofuran_(THF),-4.645216,0.9527,0.014420304596994312
Aspartic_Acid--Morpholine,-8.912391,0.8278,0.02604549621047885
Formic_Acid--Acetamide,-12.497669,0.7366,0.10019880045624262
Glutamic_Acid--Ethyl_Acetate,-8.282527,0.8545,0.02801541110914719
Diethanolamine--Diethyl_Ether,-6.268777,0.8875,0.01738681763111483
Butan-2-ol--Diethyl_Carbonate,24.988539,0.9039,0.005439881873578251
"Saccharin--1,4-Dioxane",-7.87538,0.8128,0.01684779596969881
Ethylene_Glycol--Tetrahydrofuran_(THF),-5.48814,0.8635,0.0200103262317123
Salicylic_Acid--Ethanol,-10.581416,0.8559,0.05344132174075659
Lactic_Acid--Pyrazine,-9.991153,0.8712,0.07120390369439432
Adenine--Acetophenone,-8.418607,0.7836,0.04003019770093996
Salicylic_Acid--Propan-2-ol,-11.501142,0.8657,0.04828818619702304
Butanoic_Acid--Trioxane,-7.632222,0.8945,0.0247068986228235
Lactic_Acid--Propan-1-ol,-10.851259,0.9264,0.06397043040821491
Cyclohexanol--Isoquinoline,-6.469632,0.9417,0.015016600463533803
"Pyrrolidine--N,N-Dimethylformamide_(DMF)",-7.379192,0.8876,0.022461446480567027
Glycine--2-Picoline,-11.466987,0.8861,0.05811888566776082
Hydroxylamine--Cyclohexanone,-4.947632,0.9082,0.015530132017835119
Oxalic_Acid--Formaldehyde,-8.645813,0.691,0.11463788138472922
Adenine--Anisole,-6.538524,0.8146,0.02456907440040316
Glycerol--Quinoline,-6.961743,0.881,0.04121358197030819
Resorcinol--Urea,-11.279803,0.7411,0.039169982341672
Butylamine--Methyl_Acetate,-2.206457,0.9242,0.005357911260280117
N-Methylformamide--Cyclohexanone,-7.291564,0.8159,0.01861543578998719
Dimethylamine--Propylene_Carbonate,-3.119146,0.7702,0.00530236762464938
Propylamine--Benzaldehyde,-2.823447,0.9163,0.007743999626630675
"Propan-1-ol--N,N-Dimethylformamide_(DMF)",-9.27817,0.809,0.017566161621204283
Butanoic_Acid--Propylene_Carbonate,-7.861237,0.8412,0.013079407923442586
Indole--Hexamethylphosphoramide_(HMPA),-8.598944,0.935,0.020102147885970294
Pyrrole--Acetic_Acid,-4.560457,0.8747,0.012279994629035104
Diethanolamine--Anisole,-6.403742,0.8959,0.02799792749221575
Glycine--Benzophenone,-9.96187,0.9156,0.017597516204375097
Hydrogen_Peroxide--Oxime,-4.344195,0.8246,0.050174893368458685
Benzoic_Acid--Acetamide,-11.38892,0.8191,0.047641865057010374
"Glycerol--N,N-Dimethylacetamide_(DMAc)",-9.227242,0.7987,0.057744158296917904
Ascorbic_Acid--Carbon_Dioxide,-10.919963,0.7186,0.012933470179633406
Salicylic_Acid--Cyclohexanone,-9.707459,0.8368,0.02865672680277966
Propan-2-ol--Pyrimidine,-3.569975,0.8872,0.02150184361182102
Ascorbic_Acid--Tetrahydrofuran_(THF),-17.074176,0.801,0.02284337552252791
Hydrazine--Dimethyl_Ether,-3.567791,0.8859,0.01720186492785012
Chloroacetic_Acid--Acetic_Acid,-17.029878,0.8932,0.19911198655162077
Butan-2-ol--Pyrimidine,-5.153317,0.9087,0.02207091185167479
Sulfuric_Acid--Pyruvic_Acid,-12.919514,0.6819,0.07914933187986996
Ammonia--Acetic_Acid,-10.195156,0.8166,0.15598195385485236
Pyrrole--Ethylene_Carbonate,-5.444943,0.7504,0.017689011204953742
Aspartic_Acid--Sulfate_Ion,-36.627651,0.7213,0.050264834331533004
Catechol--Pyrimidine,-6.005024,0.8311,0.04706826397609973
Salicylic_Acid--Propan-1-ol,-10.716782,0.8691,0.04981288742090694
"Cytosine--N,N-Dimethylformamide_(DMF)",-13.133559,0.826,0.04243668176702299
Piperidine--Vinyl_Acetate,-5.095957,0.9769,0.010223469244806178
Aniline--18-Crown-6,-5.861302,0.9257,0.009840729823717366
Ethanol--Acetaldehyde,-4.630848,0.8454,0.029860159267966157
Ethylene_Glycol--Sulfate_Ion,-4.234684,0.7554,0.02567573953562471
Propanoic_Acid--18-Crown-6,-10.431832,0.9108,0.011962369101374213
Ethylamine--Diethyl_Carbonate,-5.879187,0.9395,0.012203214334199521
Butan-1-ol--Formaldehyde,-3.820498,0.9181,0.01756451723268227
Ethylene_Glycol--Diethyl_Carbonate,-7.290669,0.8684,0.010903748467314874
Oxalic_Acid--Methyl_Acetate,-8.180291,0.7741,0.034649955839133086
Phenol--Benzaldehyde,-6.351128,0.9017,0.006210140979599662
Acetic_Acid--Urea,-17.184899,0.7532,0.2883729428465025
Threonine--Sulfate_Ion,-7.351273,0.7941,0.0280190835305125
Tryptophan--Diethyl_Carbonate,-7.806466,0.8988,0.006521129182499252
Diethanolamine--Phenol,-5.380624,0.875,0.020474581730979467
Hydroquinone--Methyl_Acetate,-5.226914,0.8589,0.011966736530567932
"Salicylic_Acid--N,N-Dimethylformamide_(DMF)",-13.120271,0.765,0.02443700762283335
Chloroacetic_Acid--N-Methyl-2-pyrrolidone_(NMP),-14.732006,0.8428,0.053965140800934
Ethanol--Isoquinoline,-5.971352,0.9073,0.021758685144824975
Phenol--Pyrimidine,-6.581419,0.9006,0.025583555087280288
Uracil--Quinoline,-10.995583,0.7877,0.049311294711082025
Ammonia--Cyclohexanone,-2.527779,0.8573,0.0027950198524607636
Butanoic_Acid--Phenol,-6.922504,0.8984,0.018245316321046617
Glutamic_Acid--Acetamide,-12.159864,0.7616,0.04609807196808009
Sulfuric_Acid--Quinoline,-15.252665,0.7861,0.009300329266769786
Acetic_Acid--Acetone,-11.717842,0.8638,0.0700717442820111
Glutamic_Acid--Ethylene_Carbonate,-8.379367,0.7832,0.024223331636036183
Pyrrolidone--Acetic_Acid,-9.640265,0.8431,0.041440047491163735
Acetamide--Acetamide,-9.53466,0.7302,0.06305656878468778
Uracil--Propan-2-ol,-9.876299,0.7877,0.03325407153621335
Imidazole--Acetic_Acid,-5.546466,0.788,0.017697263727908263
Ascorbic_Acid--18-Crown-6,-17.33992,0.8329,0.017037245373613324
Hydroquinone--Acetophenone,-7.9787,0.8774,0.021405172192936393
Barbituric_Acid--Quinoline,-13.426642,0.8435,0.05861067459715821
Urea--Hexamethylphosphoramide_(HMPA),-10.053472,0.8571,0.044362510929119726
Propylamine--2-Picoline,-4.229392,0.9554,0.012705812025344317
Butylamine--Ethyl_Acetate,-2.640195,0.9267,0.00683951921877139
Sulfuric_Acid--Cyclohexanone,-14.020461,0.7772,0.06302982627346629
Trifluoroethanol--Propan-1-ol,-7.714129,0.8585,0.024629234278030186
Trifluoroethanol--Benzaldehyde,-9.647946,0.8917,0.027313507413065395
Acetic_Acid--Propylene_Carbonate,-12.033226,0.84,0.04785508789870342
Propanoic_Acid--Hexamethylphosphoramide_(HMPA),-10.762808,0.9072,0.04405125862324534
Benzoic_Acid--Trioxane,-7.696035,0.8909,0.0281686964757183
Methylamine--Urea,-4.009509,0.7108,0.021650708728603456
"Benzoic_Acid--1,4-Dioxane",-8.678534,0.9209,0.02377653612343429
Barbituric_Acid--Benzaldehyde,-8.526762,0.7934,0.0438945399180019
Diethanolamine--Pyridine,-6.819585,0.8729,0.030886188204920118
Diethanolamine--Acetophenone,-10.777153,0.8805,0.03459526706313129
Acetamide--Trioxane,-6.99591,0.8431,0.030598217271281754
Hydrazine--Pyruvic_Acid,-4.186415,0.776,0.0271608684037747
Indole--Acetone,-5.203583,0.9101,0.01121422792448407
Benzyl_Alcohol--Formaldehyde,-4.434443,0.9079,0.024524529958664814
Acetamide--Hexamethylphosphoramide_(HMPA),-8.328121,0.8786,0.05110619412841624
Saccharin--Morpholine,-9.277787,0.8124,0.024766748526959058
Propan-2-ol--Acetone,-6.429509,0.8775,0.0220896131223216
"Glucose--N,N-Dimethylformamide_(DMF)",-10.731621,0.7888,0.02563331069771604
Serine--Benzaldehyde,-9.432456,0.8654,0.019696161843036884
Catechol--Phosphate_Ion,-58.957923,0.6895,0.2385493814953668
Methylamine--Dimethyl_Ether,-2.673591,0.9311,0.010974710156611021
Acetamide--Ethylene_Carbonate,-10.282433,0.7996,0.02639629307177401
Formic_Acid--Valerolactone,-11.736833,0.8453,0.07171345980391713
Ascorbic_Acid--Ethylene_Carbonate,-10.206173,0.5007,0.009116353744511817
Citric_Acid--Ethylene_Carbonate,-8.42267,0.7368,0.021519132626560508
Fructose--Ethanol,-4.90996,0.8063,0.03308066569300982
Uracil--Tetrahydrofuran_(THF),-8.54254,0.8019,0.030273495713692818
Aniline--Butan-2-one_(MEK),-6.546782,0.9267,0.01750969084513045
N-Methylacetamide--Ethanol,-6.220799,0.7858,0.01697739824950908
Saccharin--Diethyl_Ether,-11.097481,0.8352,0.010819766501361325
Cyclohexanol--Morpholine,-7.051942,0.911,0.02469172521191369
Diethanolamine--Ethanol,-5.754518,0.8422,0.02326155339278726
Glucose--Gamma-Butyrolactone_(GBL),-6.846866,0.7856,0.0250163286181718
Diethanolamine--Carbon_Dioxide,-4.135941,0.8684,0.025347095353852232
Histidine--Oxime,-6.950763,0.8185,0.055022318598741564
Piperidine--Benzaldehyde,-2.604445,0.937,0.0005769301684087231
Glycine--18-Crown-6,-10.234598,0.9095,0.023213439390842208
"Dimethylamine--N,N-Dimethylformamide_(DMF)",-5.98276,0.8345,0.01822693197396956
Tryptophan--Quinoline,-8.505054,0.9059,0.018088334902844026
"Alanine--N,N-Dimethylformamide_(DMF)",-13.804376,0.8308,0.04325339658631087
Hydrazine--Dimethyl_Sulfoxide_(DMSO),-8.804708,0.8267,0.07300792300445291
Benzyl_Alcohol--N-Methyl-2-pyrrolidone_(NMP),-10.803075,0.8854,0.029907394780016104
Propanoic_Acid--Pyrazine,-9.03798,0.8982,0.058674062091140365
Dimethylamine--Acetaldehyde,-2.069665,0.8828,0.005971218138427731
Butanoic_Acid--Anisole,-7.805949,0.9484,0.01985201595854179
Propan-1-ol--Phenol,-4.881174,0.9115,0.0097920111649616
Phenol--Dimethyl_Ether,-6.63499,0.9266,0.02571338393964262
Cyclohexanol--Pyrimidine,-5.587718,0.9153,0.019355349464204634
Diethanolamine--Benzophenone,-7.530512,0.8728,0.016059797483865105
"Methylamine--N,N-Dimethylformamide_(DMF)",-7.500621,0.8531,0.018514611004319993
Ethylene_Glycol--Pyruvic_Acid,-6.111702,0.784,0.03262950970129249
Hydrazine--Propan-1-ol,-6.246036,0.8346,0.04244776436185479
Hydroquinone--Pyrimidine,-6.458035,0.8572,0.01763559985334056
Thymine--Pyrazine,-9.645762,0.7959,0.06651379904613429
Ammonia--Hexamethylphosphoramide_(HMPA),-3.918878,0.8951,0.03815982182345626
Cyclohexanol--Valerolactone,-6.063227,0.8306,0.016432457901426337
Alanine--Vinyl_Acetate,-10.257194,0.9041,0.0427398441817747
Indole--Carbon_Dioxide,-2.102032,0.9404,0.009838080453875473
Phenol--Phosphate_Ion,-52.634535,0.7963,0.22848463396836555
Urea--Ethanol,-10.072413,0.7778,0.0647423936734316
Threonine--Methanol,-10.554929,0.8718,0.059880438609488
N-Methylacetamide--Dimethyl_Sulfoxide_(DMSO),-8.448282,0.7028,0.030929505262833494
Formamide--Acetic_Acid,-9.216292,0.7848,0.07401169362069425
Benzoic_Acid--Tetrahydrofuran_(THF),-9.494247,0.9427,0.026091751761490742
"Phenol--N,N-Dimethylacetamide_(DMAc)",-10.801953,0.8389,0.02805516416691649
Ammonia--Isoquinoline,-2.974406,0.9165,0.0065621457645005975
Glucose--Tetrahydrofuran_(THF),-5.972293,0.8471,0.007002871078729171
Dimethylamine--Morpholine,-3.119107,0.9258,0.007373623004793593
Acetic_Acid--Acetophenone,-7.091844,0.8289,0.029269890509314625
Butan-2-ol--Pyruvic_Acid,-6.151417,0.8722,0.016368209987752614
Adenine--Formaldehyde,-5.300319,0.6961,0.015324048296555481
Imidazole--N-Methyl-2-pyrrolidone_(NMP),-7.663702,0.8011,0.017544703949510007
Cysteine--Pyrazine,-9.953905,0.8648,0.05049055619401214
Adenine--N-Methyl-2-pyrrolidone_(NMP),-10.168709,0.7475,0.018671018346056317
Pyrrolidone--Ethylene_Carbonate,-11.367331,0.8199,0.02332956129881267
Urea--Urea,-16.192732,0.6768,0.20788875808115662
Ethylamine--Urea,-8.130465,0.8184,0.05349699742787472
Fructose--Acetic_Acid,-8.789132,0.8075,0.0611802631004121
Citric_Acid--Acetic_Acid,-11.064612,0.7706,0.019653404961433203
Ammonia--Methanol,-2.83584,0.8703,0.023093399028735178
Imidazole--Phenol,-5.043157,0.8517,0.012562582032034616
Fructose--18-Crown-6,-7.08695,0.858,0.011650709520912381
Pyrrolidine--Cyclohexanone,-2.807739,0.9108,0.005475392603562947
Hydrazine--Phenol,-7.05023,0.8494,0.03888015990717876
"Methanol--N,N-Dimethylacetamide_(DMAc)",-8.978625,0.7952,0.04241601779426875
Piperidine--Methyl_Acetate,-2.663675,0.9418,0.004948833822525945
"Glycerol--1,4-Dioxane",-5.481082,0.8685,0.0226371236093538
Methanol--Gamma-Butyrolactone_(GBL),-4.769805,0.7391,0.006888079415742281
Pyrrolidone--Diethyl_Ether,-7.463337,0.8904,0.022111717151296298
Threonine--Phenol,-10.104987,0.9096,0.028285189517869135
Acetamide--Butan-2-one_(MEK),-9.392325,0.86,0.05152034929336476
"Imidazole--N,N-Dimethylacetamide_(DMAc)",-7.834606,0.7795,0.03156799644465132
Alanine--Acetophenone,-10.358259,0.9021,0.040184504729018834
Lactic_Acid--Acetone,-12.414851,0.8547,0.053155813914862106
Butan-2-ol--Morpholine,-7.237946,0.8988,0.019973545027417276
Sulfuric_Acid--Carbon_Dioxide,-7.87514,0.6346,0.12812525195336918
Imidazole--Carbon_Dioxide,-2.197879,0.8042,0.014438071777119742
Chloroacetic_Acid--Benzaldehyde,-10.391785,0.891,0.044305985942435275
"Formic_Acid--N,N-Dimethylformamide_(DMF)",-14.397626,0.7968,0.08713573494687722
Uracil--Ethyl_Acetate,-7.625812,0.7599,0.023969966532189926
Formic_Acid--Diethyl_Carbonate,-8.271949,0.8982,0.032439890715467844
Trifluoroethanol--Acetaldehyde,-7.53133,0.8302,0.04632991684952752
Imidazole--Dimethyl_Sulfoxide_(DMSO),-7.76711,0.7292,0.04133886408145707
Ethylamine--Anisole,-3.271601,0.9638,0.012102663381616719
Methanol--Isoquinoline,-5.704145,0.8984,0.021600962848277304
Citric_Acid--Acetaldehyde,-9.291202,0.7664,0.020865094119621192
Acetamide--Methyl_Acetate,-5.344764,0.7718,0.013517158604165571
Ammonia--Acetophenone,-4.078274,0.9056,0.023048988028499886
Adenine--Diethyl_Ether,-8.038618,0.8123,0.026095976019071807
Ethylamine--Butan-2-one_(MEK),-4.66378,0.9218,0.015933344979533182
Propylamine--Quinoline,-4.31722,0.9574,0.006250323552206918
Methylamine--Pyridine,-3.109361,0.9282,0.013244176209354662
Phenol--Quinoline,-8.913526,0.9375,0.02540014530139464
Hydrazine--Benzophenone,-5.142206,0.9139,0.011166362735341587
Formamide--Formaldehyde,-6.86314,0.7824,0.11497284179764625
Serine--Pyrazine,-9.313794,0.8467,0.04840271236701948
Butan-1-ol--Acetamide,-8.526792,0.8811,0.035689402597222294
Salicylic_Acid--Hexamethylphosphoramide_(HMPA),-11.665047,0.8625,0.0253981381187862
Acetamide--Dimethyl_Ether,-6.2952,0.8307,0.033196142633715515
Thymine--Ethylene_Carbonate,-7.051066,0.6257,0.015769769327054654
Ammonia--Propan-2-ol,-3.575532,0.8934,0.024669279239087415
Propan-2-ol--Benzaldehyde,-2.849432,0.8799,0.0070673413949079835
Ethylene_Glycol--Dimethyl_Ether,-5.436103,0.8455,0.043498969262385015
Lactic_Acid--Tetrahydrofuran_(THF),-10.229666,0.9151,0.05387827594250822
Aspartic_Acid--Ethyl_Acetate,-7.545934,0.8201,0.020736375889768656
Fructose--Propylene_Carbonate,-9.279346,0.8042,0.028744977506815293
"Trifluoroethanol--N,N-Dimethylacetamide_(DMAc)",-13.513254,0.8236,0.05356647319043373
Acetic_Acid--2-Picoline,-10.962773,0.8811,0.06170206524787148
Urea--Methyl_Acetate,-5.896556,0.7151,0.020761633864268672
Benzoic_Acid--Methanol,-7.860348,0.8765,0.05144564290188915
Ascorbic_Acid--Ethanol,-16.410752,0.7644,0.01782781538841214
Glycine--Anisole,-7.373679,0.9273,0.03899771075124443
N-Methylacetamide--Morpholine,-5.724767,0.8092,0.024221897139878348
Catechol--Ethanol,-5.897183,0.8186,0.02552787245008387
Resorcinol--Oxime,-5.191947,0.8555,0.014714946215769737
Dimethylamine--2-Picoline,-3.77138,0.9566,0.015408566808552562
Propanoic_Acid--Anisole,-7.937712,0.9449,0.03172840564146361
Oxalic_Acid--Phenol,-8.877361,0.7809,0.035992431570470954
Piperidine--Dimethyl_Ether,-2.997036,0.9673,0.006719533067274978
Hydrazine--Methanol,-5.619597,0.7894,0.06617919169719406
Propylamine--Isoquinoline,-3.691052,0.9493,0.015451701774414897
Butan-2-ol--Acetone,-7.953733,0.8906,0.032516860052432754
Butan-2-ol--Carbon_Dioxide,-2.071315,0.9101,0.008817280755822459
Hydroquinone--Pyrazine,-6.444699,0.8653,0.024785367786682114
Histidine--Tetrahydrofuran_(THF),-6.191686,0.8524,0.013054205549568845
Formamide--Cyclohexanone,-8.890399,0.8504,0.02894533158355753
Alanine--Acetic_Acid,-10.087392,0.8513,0.033314798540228355
Glutamic_Acid--Sulfate_Ion,-43.353199,0.7811,0.10310540381555434
Salicylic_Acid--Ethyl_Acetate,-6.993879,0.8236,0.014936525831591567
Threonine--2-Picoline,-11.567136,0.8437,0.027624605427201875
Hydrogen_Peroxide--Isoquinoline,-7.214238,0.882,0.028206375630127633
Aniline--Ethylene_Carbonate,-4.906911,0.7835,0.005836467240624611
Glutamic_Acid--Dimethyl_Sulfoxide_(DMSO),-16.38047,0.8214,0.08132522346861236
Pyrrole--Cyclohexanone,-4.861086,0.906,0.00906600737742192
Serine--Acetamide,-16.755982,0.8152,0.07000767429034145
Imidazole--Diethyl_Carbonate,-6.956587,0.8751,0.008622864825966142
Citric_Acid--Methyl_Acetate,-6.932581,0.7734,0.021303644059346847
Butylamine--Cyclohexanone,-4.300384,0.9474,0.007774543830673565
Oxalic_Acid--Ethanol,-12.118524,0.8258,0.12396596231408734
"Ammonia--N,N-Dimethylacetamide_(DMAc)",-6.180763,0.8103,0.05120681597179754
"N-Methylacetamide--N,N-Dimethylacetamide_(DMAc)",-7.273048,0.744,0.027355641567654822
Oxalic_Acid--Hexamethylphosphoramide_(HMPA),-13.284465,0.8429,0.0566925502918472
Butan-1-ol--Phosphate_Ion,-39.453423,0.7688,0.06140063896267513
Methanol--Pyrazine,-4.652697,0.8677,0.03951105743346339
Catechol--Acetaldehyde,-5.837979,0.7935,0.03990529089401841
Propylamine--Acetamide,-7.807454,0.8844,0.042381746958249936
Aspartic_Acid--Vinyl_Acetate,-9.542341,0.8469,0.018152459105124294
Adenine--Trioxane,-6.270673,0.7494,0.014092994830252378
Butanoic_Acid--Diethyl_Ether,-9.160308,0.9321,0.03301182794763728
Formamide--Morpholine,-7.607944,0.8445,0.034867707351836044
Resorcinol--Ethanol,-6.635712,0.8367,0.028068907251715437
Butylamine--Pyrimidine,-2.862327,0.9405,0.006385287122405531
Catechol--Formaldehyde,-4.894298,0.8056,0.022719812860746508
Urea--Ethyl_Acetate,-7.154898,0.7513,0.029517179854724934
Cytosine--Anisole,-6.297822,0.8719,0.026357248921989693
Barbituric_Acid--Phenol,-8.587769,0.8268,0.035727135962242244
Oxalic_Acid--Ethyl_Acetate,-8.323328,0.8017,0.0377282761726253
Hydrazine--Ethanol,-3.130638,0.8403,0.015305751520464804
Cysteine--Ethyl_Acetate,-8.209093,0.8585,0.028458491109898412
Thymine--Urea,-18.433883,0.7474,0.10839389352388606
Dimethylamine--Pyrimidine,-3.033094,0.9266,0.021276066148715602
"Pyrrolidine--1,4-Dioxane",-3.432961,0.9422,0.008067502140488585
Benzoic_Acid--Pyrazine,-9.167573,0.9091,0.08246446918081403
Threonine--Acetamide,-11.728189,0.7561,0.03566457691759155
Ethylene_Glycol--Phosphate_Ion,-38.265657,0.7256,0.1050171368288753
Piperidine--Acetophenone,-4.796422,0.9629,0.017158517289592293
Aniline--Cyclohexanone,-5.0334,0.9209,0.008599636274325079
N-Methylacetamide--Quinoline,-8.91743,0.8497,0.029500298114572894
Thymine--18-Crown-6,-10.134846,0.8606,0.01777083586660791
Propan-2-ol--Cyclohexanone,-5.070685,0.9028,0.009283414166241982
Lactic_Acid--Quinoline,-11.965121,0.9022,0.04351841280139256
Uracil--Gamma-Butyrolactone_(GBL),-12.909619,0.7719,0.0379145813611241
Acetamide--Phosphate_Ion,-29.235462,0.5765,0.016701177118217787
Hydroxylamine--2-Picoline,-4.527964,0.9075,0.03828164279561967
Butanoic_Acid--Methyl_Acetate,-6.904295,0.8842,0.019889506070821794
Threonine--Isoquinoline,-9.936143,0.8487,0.03627056536330603
Chloroacetic_Acid--Pyruvic_Acid,-10.144519,0.8233,0.06746563311737434
Fructose--Pyridine,-4.62946,0.8092,0.03487405138329375
Salicylic_Acid--Dimethyl_Ether,-8.702475,0.8384,0.043463433512118496
Phenol--Ethyl_Acetate,-5.876832,0.9184,0.02234940704858063
Uracil--Benzophenone,-11.098746,0.8598,0.013613093314752087
Trifluoroethanol--Urea,-11.625388,0.7162,0.045005387610334804
Citric_Acid--Methanol,-8.438116,0.7498,0.03496573959604869
Resorcinol--Quinoline,-8.95842,0.8908,0.02300842042155569
Butan-1-ol--Quinoline,-6.212056,0.9351,0.015273411416193308
Catechol--Tetrahydrofuran_(THF),-8.095887,0.8911,0.022657534599258494
Hydrazine--Tetrahydrofuran_(THF),-3.908136,0.9069,0.017168411421037512
Ethylamine--Sulfate_Ion,-3.15273,0.8554,0.01436262311728339
Uracil--Propylene_Carbonate,-12.426513,0.7735,0.02946872668895962
Butan-2-ol--Benzophenone,-5.817681,0.9208,0.01378435992385978
Saccharin--Ethyl_Acetate,-8.573289,0.7939,0.031379515881649604
Ammonia--Urea,-7.968826,0.7311,0.10289513336711638
Ammonia--Valerolactone,-5.11919,0.8182,0.01743618542718233
Serine--Diethyl_Ether,-9.635407,0.882,0.02509328822502711
Propan-1-ol--Formaldehyde,-4.123208,0.8926,0.021001889730455487
Phenol--Formaldehyde,-4.845928,0.8913,0.016699873283531695
Alanine--Pyrimidine,-8.656081,0.8722,0.0561225271112372
Salicylic_Acid--2-Picoline,-10.5341,0.8204,0.044178632707957737
"Glutamic_Acid--N,N-Dimethylacetamide_(DMAc)",-13.531111,0.8078,0.06711143071771998
Saccharin--Quinoline,-13.131633,0.829,0.013666011210807096
Formic_Acid--Morpholine,-9.066867,0.8678,0.04639005309688837
Ethylamine--Propan-2-ol,-2.86965,0.9228,0.008841863182713263
Aniline--Hexamethylphosphoramide_(HMPA),-7.922474,0.9315,0.026253524563662374
Cysteine--Hexamethylphosphoramide_(HMPA),-11.068868,0.8866,0.03122270682538846
Cysteine--Formaldehyde,-8.033993,0.8492,0.04668894399352669
Catechol--Isoquinoline,-7.400082,0.8723,0.05232970814979677
Ethylene_Glycol--Morpholine,-5.697526,0.8431,0.024778870853502156
Propanoic_Acid--Oxime,-6.843093,0.8918,0.041848667613766814
Pyrrolidine--N-Methyl-2-pyrrolidone_(NMP),-6.93727,0.8976,0.009594227227168815
Dimethylamine--Benzaldehyde,-2.372468,0.914,0.002679644382898011
Acetamide--Diethyl_Ether,-6.490088,0.8649,0.020898850649846985
Cytosine--Pyrimidine,-7.825618,0.8268,0.06752572349421852
"Ethylene_Glycol--N,N-Dimethylacetamide_(DMAc)",-9.905221,0.7785,0.043812181490335514
Aniline--Acetophenone,-6.397848,0.942,0.017332727951861124
Glucose--Pyruvic_Acid,-6.471374,0.7827,0.026145532857268634
N-Methylformamide--Trioxane,-5.7055,0.7974,0.014594876663333915
Formic_Acid--Propylene_Carbonate,-12.409927,0.831,0.05384106939342221
Uracil--Acetic_Acid,-17.384234,0.807,0.12074151380464096
Citric_Acid--Ethanol,-10.938527,0.8212,0.03302693880784254
Diethanolamine--Methyl_Acetate,-7.472877,0.8853,0.022315212663422943
"Diethanolamine--1,4-Dioxane",-6.013772,0.8724,0.02568167490247932
Glutamic_Acid--Propan-2-ol,-10.673175,0.8811,0.060894694113828716
Tryptophan--Trioxane,-5.016825,0.8768,0.011333767880954644
Resorcinol--Benzophenone,-7.172123,0.8945,0.0088928294967861
Cytosine--Ethylene_Carbonate,-8.869431,0.7923,0.015509990690967847
"Propanoic_Acid--N,N-Dimethylacetamide_(DMAc)",-13.78548,0.8809,0.0528023885339599
Citric_Acid--Pyrazine,-9.758303,0.7852,0.03222034469255194
Butanoic_Acid--Phosphate_Ion,-44.123065,0.7815,0.06099696173574769
Cytosine--Benzophenone,-10.798579,0.8982,0.01637509751533214
Acetic_Acid--Phosphate_Ion,-36.237126,0.7314,0.09649448935173432
Ammonia--Morpholine,-2.579329,0.8722,0.0074449363680509145
Alanine--Phenol,-7.069357,0.8769,0.038504513735986685
Indole--Pyrimidine,-5.676298,0.9261,0.04517481244869721
Serine--Valerolactone,-11.835665,0.8442,0.019406105885913297
Formic_Acid--Phenol,-7.391101,0.8516,0.054361003359838816
Butanoic_Acid--Hexamethylphosphoramide_(HMPA),-9.909046,0.8994,0.01899699508778336
Benzyl_Alcohol--Propan-1-ol,-5.960036,0.9128,0.017535333853967407
Glucose--Dimethyl_Ether,-5.937887,0.8336,0.03627552076912258
Methanol--Pyruvic_Acid,-3.74047,0.762,0.009023649430311744
"Propan-1-ol--N,N-Dimethylacetamide_(DMAc)",-9.281264,0.825,0.028844319145776665
Trifluoroethanol--Sulfate_Ion,-17.071088,0.7815,0.305467779348809
Sulfuric_Acid--Acetone,-17.033054,0.761,0.1360800071439021
Formic_Acid--Acetophenone,-8.683469,0.8148,0.06496991699620197
Resorcinol--Methyl_Acetate,-5.247395,0.854,0.01615909047227849
Chloroacetic_Acid--Oxime,-7.532846,0.8622,0.05465025310788145
Tryptophan--Sulfate_Ion,-4.597612,0.84,0.018032460443486973
Lactic_Acid--2-Picoline,-12.4124,0.8785,0.059940430295220545
Catechol--Diethyl_Ether,-7.908512,0.8856,0.029375751321706466
Formic_Acid--Carbon_Dioxide,-4.614076,0.8411,0.08167398395697027
Pyrrolidine--Pyridine,-4.025438,0.9522,0.016639599424620812
Aniline--Propan-1-ol,-4.605681,0.9368,0.011072061293151832
Glycine--Dimethyl_Sulfoxide_(DMSO),-15.614729,0.8471,0.10963255732591023
Acetamide--Dimethyl_Sulfoxide_(DMSO),-13.736534,0.8338,0.06354373452201059
Cytosine--Acetic_Acid,-9.964588,0.8504,0.03641887725385705
Ethylamine--Vinyl_Acetate,-2.792923,0.9098,0.002854985127895834
Cytosine--Pyridine,-9.347573,0.8668,0.08813286545832597
Pyrrolidone--18-Crown-6,-8.749478,0.8666,0.01913150551287785
