distance_D_A,distance_H_A,angle_D_H_A,Complex,intermolecular_wbo,molecular_dipole_moment,molecular_polarizability,nci_attractive_point_count,nci_mean_attractive_strength,nci_std_attractive_strength,nci_skew_attractive_strength,SNCI
2.85260300,1.82924200,177.08010200,N-Methylformamide--2-Picoline,0.06166352,7.30200000,114.18957700,72044,-0.04292097,0.54797719,-71.49550250,0.03930744
2.92683200,1.95858300,172.76073500,Diethanolamine--Cyclohexanone,0.02649198,5.35200000,141.76502000,74816,-0.04569992,0.49570734,-70.56320753,0.02840361
2.78478500,1.80248100,171.22804900,Alanine--Formaldehyde,0.05392726,1.81300000,74.05332500,78197,-0.05435067,0.57108228,-63.87992083,0.05357244
2.97748500,1.96806300,178.28020100,Tryptophan--Benzaldehyde,0.02424589,8.88400000,225.72090900,65955,-0.03640503,0.50197447,-76.74038456,0.01268680
2.81835500,1.79349000,177.05535500,Uracil--Vinyl_Acetate,0.05328871,6.16800000,124.81303700,72145,-0.04119427,0.49245404,-77.90563744,0.02776349
2.82613000,1.83862200,162.45402000,Histidine--Urea,0.04936387,4.73900000,136.36673700,78159,-0.04561150,0.69255539,-104.89269270,0.05500223
3.10681800,2.09814500,169.67688300,Ethylamine--2-Picoline,0.02047358,3.05400000,112.31405600,71620,-0.03344055,0.38296147,-63.48441524,0.01527299
3.33926000,2.64000100,125.78250300,Pyrrolidine--Valerolactone,0.01070618,3.69400000,108.80658800,76926,-0.04292183,0.45743694,-58.16498518,0.01106060
3.10219500,2.13633300,157.36643000,Pyrrolidine--Pyrimidine,0.01735546,3.25100000,114.72079600,70741,-0.04478297,0.50370472,-69.36422657,0.01392786
2.76396300,1.77284300,176.41834200,Formic_Acid--Pyruvic_Acid,0.05593508,2.25600000,71.50024300,74004,-0.05280607,0.61938422,-69.76528652,0.04299415
2.72621600,1.75196900,168.25319500,Butanoic_Acid--Gamma-Butyrolactone_(GBL),0.05376648,3.19200000,110.81605000,74419,-0.03357601,0.36145631,-55.86897757,0.02125136
2.91642900,1.94626600,175.75529900,Butan-2-ol--Pyrazine,0.03444804,2.12000000,115.08421700,73574,-0.04572732,0.47675413,-58.58262549,0.01925139
2.75268500,1.79679900,161.37232800,Cysteine--Anisole,0.05363736,1.09400000,159.26442400,74812,-0.04501418,0.52593919,-58.58862072,0.03209406
2.90913000,2.01616400,151.15675700,Serine--Carbon_Dioxide,0.01875558,2.87100000,79.28721900,83367,-0.05089953,0.55065610,-66.25163190,0.02198215
2.85308700,1.89140800,168.99170700,Butan-2-ol--Butan-2-one_(MEK),0.03467502,3.48200000,109.38265500,75764,-0.03304932,0.42135262,-89.73683585,0.02871988
2.64297800,1.63472600,172.74224800,Formic_Acid--Acetic_Acid,0.09837180,1.31100000,58.02481100,77008,-0.06611876,0.85241212,-129.18320059,0.19305841
3.27835100,2.70967300,115.33879300,Hydroxylamine--Oxime,0.03115751,0.75300000,46.58817000,82191,-0.04632158,0.66347754,-106.72650338,0.03413470
2.77672300,1.74351500,175.52542100,Barbituric_Acid--Morpholine,0.06593392,3.24000000,131.13597300,77318,-0.05673929,0.64261063,-67.14044345,0.03951162
3.23776000,2.23222100,178.27729800,N-Methylformamide--Carbon_Dioxide,0.00700348,4.79600000,58.58813700,84217,-0.03963200,0.49620614,-82.43594038,0.00587271
2.79902300,1.85001500,160.99240700,Lactic_Acid--Diethyl_Carbonate,0.04087406,3.17700000,125.58562600,78277,-0.04051118,0.76118667,-147.98562635,0.02585893
2.98195300,1.97206600,179.76025100,Imidazole--Butan-2-one_(MEK),0.02059188,8.19400000,102.75852000,78599,-0.03352689,0.43838181,-72.57822264,0.01928765
2.97808800,2.01863000,171.46180800,Propan-2-ol--Methyl_Acetate,0.01869308,2.23200000,91.07959400,76613,-0.04290737,0.45612944,-70.82322579,0.01127236
2.85828800,2.05993000,133.72648300,Thymine--Pyruvic_Acid,0.06027683,4.19300000,127.30037700,74419,-0.04809736,0.84489119,-159.83891992,0.03778010
2.77877700,1.80884800,169.48547800,Catechol--Acetophenone,0.04871363,4.14600000,169.28559800,81525,-0.05200236,0.60185036,-96.24004091,0.03387397
2.88357100,1.93894300,163.55552700,Butan-2-ol--Acetic_Acid,0.02797392,2.32500000,90.89403700,75691,-0.04585796,0.46209611,-70.94991700,0.02638785
2.89112200,1.91786100,172.21654400,Glucose--Hexamethylphosphoramide_(HMPA),0.02676265,5.52400000,231.28876800,72920,-0.03563939,0.40591338,-64.03133692,0.02680166
2.87751600,1.90670600,176.63150000,Propan-1-ol--Methanol,0.03277855,2.78900000,66.31285200,75457,-0.03165595,0.35241450,-64.89623393,0.02680216
3.21389200,2.40523400,135.80276700,Dimethylamine--N-Methyl-2-pyrrolidone_(NMP),0.00663644,3.45400000,106.96455800,71814,-0.04233124,0.47077088,-94.84548729,0.01320188
2.82592000,1.85676500,173.27869100,Ethylene_Glycol--Propan-1-ol,0.04019516,4.35900000,82.58066300,79023,-0.05439557,0.74416051,-128.47897790,0.03103803
2.81637400,1.79897200,166.88633100,Barbituric_Acid--Acetaldehyde,0.05682643,3.99300000,100.11083000,76868,-0.06840089,0.78318910,-73.04581641,0.04832643
2.72052300,1.74104600,168.15937200,Glutamic_Acid--18-Crown-6,0.06656222,3.70400000,254.43394800,68919,-0.03953233,0.41692678,-65.82824800,0.03599453
2.73866100,1.74816400,173.07954400,Threonine--Acetaldehyde,0.06578582,2.34200000,101.70799200,75312,-0.03492454,0.34482189,-54.62978736,0.02936403
2.92596800,1.96871100,169.25019400,Butan-2-ol--18-Crown-6,0.02392394,4.86600000,226.09906300,71208,-0.03562871,0.45551201,-80.84518008,0.01739796
2.70428500,1.75553300,159.83652400,Catechol--Acetamide,0.06117431,3.77300000,115.80772100,85525,-0.05032984,0.54340816,-71.37869363,0.06170051
3.17341600,2.17679200,166.34673100,Ethylamine--Dimethyl_Ether,0.00921965,2.78600000,71.13400900,73428,-0.03149711,0.33750798,-70.89476783,0.00990553
2.73263900,1.74474700,173.24682800,Serine--Propan-1-ol,0.06393504,3.58200000,104.87760400,77153,-0.02965805,0.29199874,-48.25504782,0.01825861
2.88305800,1.92344500,168.19480900,Hydrogen_Peroxide--Methyl_Acetate,0.02751730,1.84000000,60.77249400,77885,-0.04995510,0.72806574,-128.26656690,0.02347450
2.77450400,1.78858400,177.08007500,"Salicylic_Acid--1,4-Dioxane",0.05273622,2.29300000,146.79473400,74695,-0.03810843,0.45812300,-65.08776883,0.02417903
2.89891400,1.88948500,172.85438400,Acetamide--Benzophenone,0.03308079,3.06100000,182.54317800,61921,-0.03346091,0.60741910,-77.58534507,0.00671364
3.10823900,2.10223500,176.69318900,N-Methylformamide--Formaldehyde,0.01258461,7.05100000,58.21283500,79270,-0.03741647,0.65663445,-169.77991756,0.01237533
2.76367900,1.79414200,167.45263600,Glucose--Acetophenone,0.05025857,2.96400000,190.89310000,66123,-0.03646456,0.34020656,-52.60780187,0.02459503
3.18036500,2.29756500,144.43781600,Hydrazine--Cyclohexanone,0.00618927,2.55000000,94.34941000,77333,-0.04438331,0.52419215,-78.95990872,0.01380447
2.64567100,1.64537600,177.88846900,Chloroacetic_Acid--Hexamethylphosphoramide_(HMPA),0.07345675,5.90500000,180.05312900,75011,-0.04376904,0.54439962,-67.94047293,0.05819790
3.08217500,2.15671300,150.32822900,Butylamine--Butan-2-one_(MEK),0.01271759,2.17800000,113.97720500,76631,-0.02748537,0.47156846,-98.11918638,0.01326484
3.17771000,2.18624300,164.80428600,Propylamine--Anisole,0.00888587,1.36400000,133.50771800,74694,-0.03550463,0.36014978,-52.00605176,0.01611213
2.72595300,1.76534500,165.10497300,Catechol--Dimethyl_Sulfoxide_(DMSO),0.05075759,4.29500000,129.81393700,79583,-0.04889057,0.46862381,-43.00380398,0.03646587
2.72181900,1.72847400,173.83563500,Glycine--Benzaldehyde,0.07103111,4.82500000,124.79007500,73407,-0.04048479,0.45239506,-61.78732194,0.02984001
2.86868600,1.90080700,173.63029300,Ethylene_Glycol--Acetaldehyde,0.03318995,5.19200000,67.90857700,76560,-0.05956468,0.63730398,-88.02984183,0.03317389
2.90531000,1.88699100,179.88121500,Imidazole--Pyrazine,0.04759880,5.08800000,108.48608200,84091,-0.07375395,0.66382929,-54.84002705,0.06032910
2.62298400,1.60449500,174.67235500,"Oxalic_Acid--N,N-Dimethylformamide_(DMF)",0.11493521,5.79400000,92.53535700,77465,-0.07452404,0.90200037,-92.76631291,0.06038587
2.87554000,1.91872600,167.70142500,Propan-2-ol--Acetic_Acid,0.03002163,2.40100000,79.24860500,78528,-0.03498202,0.42470994,-72.82748140,0.02066541
2.81939800,1.83659400,174.06381800,Formic_Acid--Methyl_Acetate,0.04279602,2.91400000,69.72269100,76164,-0.06646623,0.69851103,-73.94891331,0.06238701
2.70155900,1.70645600,175.55344800,Citric_Acid--Propan-2-ol,0.07528783,2.29000000,143.13593500,77688,-0.03341671,0.35398775,-55.21322573,0.03031328
2.88766900,1.87652700,174.75086300,Adenine--Vinyl_Acetate,0.03401146,9.02900000,137.61401200,78323,-0.05269767,0.50907260,-47.30308724,0.02928614
2.95779400,2.00494700,167.99131500,Methanol--Diethyl_Carbonate,0.02008334,2.13100000,96.18614800,80524,-0.03591142,0.39822716,-78.93605149,0.01163013
3.41709200,2.41588300,168.38803500,Dimethylamine--Carbon_Dioxide,0.00303049,1.25500000,57.05401200,89201,-0.05176577,0.70774425,-114.38503602,0.00368838
2.66842000,1.65400200,177.67614700,Butanoic_Acid--Quinoline,0.11756806,3.78700000,160.99952400,62789,-0.03515196,0.45046383,-65.43002140,0.03149968
2.80838400,1.83549100,173.59184300,Hydroquinone--Propan-1-ol,0.04228001,2.98300000,121.43251700,74232,-0.03254943,0.36195764,-58.59189380,0.01484273
2.67683900,1.68223800,177.01653200,Serine--Hexamethylphosphoramide_(HMPA),0.06224044,4.78400000,193.05887800,72543,-0.03173179,0.36748172,-55.65702296,0.02173462
2.78730400,1.81446900,168.60576500,Serine--Anisole,0.04566230,4.27900000,144.40640600,69263,-0.03282777,0.33920513,-53.03950513,0.02127091
2.78245400,1.80054100,174.33526000,Hydrogen_Peroxide--Acetophenone,0.05126535,4.14500000,106.80309700,67176,-0.03930254,0.44212046,-72.15305797,0.03088311
2.85375400,1.88129800,175.86772800,Hydrogen_Peroxide--Butan-2-one_(MEK),0.02802336,4.13100000,67.39888100,77974,-0.03935961,0.52970710,-88.27621829,0.02183191
2.84056800,1.87631400,168.06046900,Catechol--Pyrazine,0.04607095,1.37400000,135.59978800,82338,-0.07825760,0.77965398,-72.66828327,0.03716859
2.85912000,1.84708600,169.04289200,Formamide--Pyrazine,0.05609909,4.11300000,86.37186600,84844,-0.09696777,0.82232149,-62.93733911,0.13142553
3.11525600,2.21596900,146.58213400,Butylamine--Vinyl_Acetate,0.01104192,0.98700000,118.08389800,76082,-0.02843403,0.47367842,-80.58797646,0.01096889
3.29697900,2.61354400,124.64704300,Ammonia--Methyl_Acetate,0.00766320,3.82100000,60.33565300,80696,-0.04017939,0.42935683,-63.81285659,0.00919253
2.67665800,1.67161000,169.72811500,Glycine--Quinoline,0.11235660,4.77700000,146.80670900,71242,-0.05294523,0.50576040,-51.61522686,0.06358304
2.95097500,2.01290700,163.34876200,Butan-1-ol--Methyl_Acetate,0.01882684,0.70800000,102.97759500,75121,-0.03325449,0.41996635,-73.46121999,0.00886928
2.93663600,1.95232500,163.88848000,Tryptophan--Propan-1-ol,0.02635982,6.18500000,189.29409100,65142,-0.04072019,0.46990626,-65.85877418,0.01241621
2.98836700,1.99860900,165.29735600,N-Methylformamide--Acetaldehyde,0.02372024,6.79800000,69.55408800,78201,-0.03726592,0.39686367,-57.76871491,0.01477696
3.00049000,1.99261700,173.90014500,Acetamide--Anisole,0.02313976,5.01000000,123.21861400,73261,-0.05776934,0.80858299,-106.23494559,0.02935936
3.03193800,2.02476300,178.29917700,Tryptophan--Pyruvic_Acid,0.01712141,6.33400000,192.71604200,65425,-0.04060704,0.45955534,-61.38796580,0.01273528
2.96602800,2.10827900,147.25460200,Ethylene_Glycol--Ethylene_Carbonate,0.01300284,4.42700000,84.27450800,78189,-0.06625096,0.87379515,-135.42263710,0.00677171
2.73223300,1.81822700,152.53408600,Aspartic_Acid--Oxime,0.04660310,1.74100000,101.32573200,75398,-0.04557367,0.48751000,-62.45000701,0.04734815
2.97784500,1.98618800,166.59393800,Tryptophan--Propylene_Carbonate,0.02278212,9.47000000,202.49706400,64152,-0.03842288,0.56750325,-82.94889564,0.00743404
2.73171400,1.74072600,174.25736200,Butanoic_Acid--Benzaldehyde,0.06728181,3.07900000,138.99331500,58217,-0.02941725,0.51965113,-101.35721269,0.01472712
2.91933400,1.90503400,173.24948500,Cytosine--Methanol,0.02954028,2.45600000,93.62288900,79045,-0.05745238,0.52223396,-50.27240085,0.05065792
3.16808400,2.20914300,156.61907000,Hydrazine--Ethyl_Acetate,0.01332137,4.43700000,81.04798900,74275,-0.04013911,0.55821388,-95.55458620,0.01000221
2.95691600,1.96077500,168.32746600,Indole--Morpholine,0.02423869,5.73400000,155.57238100,74770,-0.03769389,0.45565967,-70.48176629,0.01366067
2.86292900,1.82993100,153.95549400,Propylamine--Sulfate_Ion,0.11427535,2.37400000,89.77903800,75341,-0.09077277,0.92934460,-90.72017924,0.47730883
2.92473900,1.91781800,169.49495700,Uracil--Methyl_Acetate,0.03226394,4.35900000,114.04986000,75130,-0.05099493,0.51415795,-63.49161193,0.01883380
2.68552600,1.73946500,156.75649800,Acetic_Acid--Propan-2-ol,0.06925574,1.35700000,79.17273300,78885,-0.06082528,0.66388646,-71.99869878,0.10646950
2.80255500,1.96275500,142.85834600,Hydrogen_Peroxide--Phenol,0.02717423,1.59900000,86.71649100,78390,-0.04344138,0.50032701,-75.72054031,0.02296072
2.93822000,1.98937100,155.00316100,N-Methylformamide--Vinyl_Acetate,0.02456312,5.67900000,96.67205400,72564,-0.03797231,0.44218620,-69.27695386,0.02139497
2.89273500,1.91482300,161.40153100,Histidine--Dimethyl_Sulfoxide_(DMSO),0.02914949,7.21800000,152.86789400,75615,-0.05908496,0.78572115,-86.31922452,0.03443133
2.63169900,1.61069500,171.78044600,Oxalic_Acid--Pyridine,0.14036761,4.19500000,104.69216700,76728,-0.06600950,0.71736403,-65.54371064,0.04371499
2.95109300,2.04547300,154.51390900,Hydrogen_Peroxide--Ethylene_Carbonate,0.01684081,5.79300000,60.83225500,85950,-0.07109761,0.91558732,-131.03076879,0.01572962
2.73354200,1.70307500,176.20317900,"Uracil--N,N-Dimethylacetamide_(DMAc)",0.07007032,6.99400000,130.02442200,71538,-0.05274371,0.63063885,-85.34348705,0.04840166
3.40206500,2.70359400,125.98704700,Ethylamine--Pyruvic_Acid,0.02427749,4.18900000,85.56852500,75806,-0.04677752,0.49662217,-74.55931032,0.02285374
3.17637800,2.17542100,167.40007600,Pyrrolidine--Methanol,0.00848630,2.11400000,77.51445900,76690,-0.03831592,0.45553916,-77.04568092,0.00571891
3.17620700,2.21341600,157.84409300,Ammonia--Anisole,0.00781177,1.32000000,98.22828700,75975,-0.04006588,0.54118957,-85.09655225,0.02228549
2.84183100,1.87333400,168.70025800,Glucose--Diethyl_Ether,0.03826061,5.48300000,155.01085700,74742,-0.04215315,0.73445432,-125.42432332,0.02901284
3.10097500,2.11174200,163.36528800,Pyrrolidine--Diethyl_Ether,0.01325748,2.87100000,112.72835100,72297,-0.04187960,0.48815335,-68.56613854,0.01277787
2.94301400,1.93108800,179.90321200,Imidazole--Tetrahydrofuran_(THF),0.02787583,6.69600000,101.23918500,77701,-0.03823152,0.47610828,-78.60776041,0.01480818
2.86739300,1.85495800,179.23697000,Adenine--Benzophenone,0.03220585,11.11400000,223.97618000,70593,-0.03385549,0.43772901,-62.95124956,0.01529810
2.88478200,1.87049000,172.25971000,Uracil--Anisole,0.03770398,5.36200000,151.91048900,72355,-0.05277477,0.53468130,-55.36655519,0.03259396
2.94774300,1.93980200,173.68745200,Adenine--Ethyl_Acetate,0.02789237,4.59600000,138.38791900,74219,-0.05498306,0.50322799,-43.74957633,0.02079681
3.02867600,2.04559400,161.11481900,"Hydrazine--N,N-Dimethylformamide_(DMF)",0.01910561,3.80100000,74.25605300,79857,-0.04562884,0.58815977,-117.57339799,0.02996300
2.76605700,1.78782100,170.93679900,Glucose--Acetamide,0.05286815,4.02300000,137.33164900,78171,-0.04755479,0.88890810,-147.56062880,0.02736678
2.89924700,1.91696400,161.20306000,Formamide--18-Crown-6,0.03504369,4.23300000,197.35946200,75690,-0.04375873,0.43922373,-59.17875343,0.02561017
2.90285400,1.91020500,165.40205600,Urea--Vinyl_Acetate,0.03197994,2.39400000,93.63088800,69806,-0.04800620,0.58650935,-89.29237008,0.04428588
2.74307900,1.75362700,177.08374400,Benzoic_Acid--Acetic_Acid,0.05901781,0.92500000,120.22155700,73980,-0.05491998,0.64314202,-88.43129516,0.04575506
2.80166500,1.86013400,151.62490600,Saccharin--Acetaldehyde,0.04482110,3.37200000,145.34429500,75204,-0.06844211,0.81416164,-91.79293529,0.04665348
2.92174600,2.02781200,151.60376500,Butanoic_Acid--Carbon_Dioxide,0.01770703,1.93900000,76.99799100,83165,-0.04684651,0.62497485,-94.11636631,0.02134828
2.98934400,1.97865200,179.99864400,Pyrrole--Tetrahydrofuran_(THF),0.02308987,4.90700000,106.04556800,79007,-0.03473448,0.54717200,-95.90065767,0.01532673
2.72292700,1.73133300,177.46804700,Chloroacetic_Acid--Methanol,0.06397046,3.25200000,68.70439300,80889,-0.07141290,0.70811893,-54.78284948,0.09085580
2.74312600,1.75442400,176.89984200,Benzoic_Acid--Valerolactone,0.05774511,3.14700000,138.55725700,73062,-0.05170862,0.59970272,-75.27264382,0.02062047
2.83379300,1.82166700,169.20028100,Pyrrolidone--Isoquinoline,0.06079943,4.27100000,160.44371700,72273,-0.04271620,0.43720061,-52.03027143,0.03127124
2.75509700,1.76854500,175.93423000,Propanoic_Acid--Morpholine,0.05472897,2.79000000,107.31475900,76839,-0.03601957,0.39448704,-59.35358197,0.02734083
2.88227700,1.93596800,164.89084900,"Benzyl_Alcohol--N,N-Dimethylformamide_(DMF)",0.02267543,7.07200000,135.43969400,76773,-0.03526646,0.50802941,-90.36092010,0.01151622
3.07906700,2.07108200,179.68311700,Imidazole--Formaldehyde,0.01368595,6.77400000,68.48742600,86449,-0.06668515,0.68714404,-66.50739927,0.01913827
2.91063800,1.96122000,166.09509500,Methanol--Anisole,0.02357038,3.03600000,105.88475900,71642,-0.03659389,0.44108496,-69.19252880,0.02136554
2.68138900,1.67046900,178.04967300,Butanoic_Acid--Isoquinoline,0.11083113,3.49700000,161.03829600,57507,-0.03090919,0.33042371,-54.31631019,0.02426746
2.77798800,1.79022000,176.55160900,Glycine--Pyruvic_Acid,0.05198901,2.66700000,91.85746400,72618,-0.04688995,0.53114303,-83.18989288,0.03396647
3.11912800,2.11653600,168.27751100,Methylamine--Acetophenone,0.01411040,3.99000000,118.51099700,71688,-0.03628116,0.42082084,-62.47166042,0.01744136
3.00833400,1.99748600,169.19684400,Hydroxylamine--Dimethyl_Sulfoxide_(DMSO),0.01851300,5.06600000,71.65117100,83600,-0.03515000,0.60578032,-139.11736564,0.01592246
3.04065400,2.22041500,137.32708700,Formamide--Carbon_Dioxide,0.01318545,4.32500000,46.76121400,88909,-0.10663740,1.06292654,-86.82544353,0.06061291
2.96789200,1.96785700,168.78010600,N-Methylformamide--Valerolactone,0.02698801,7.89500000,92.37391100,75556,-0.04355936,0.45705180,-67.39317632,0.01730729
3.44284100,2.44596200,167.26507400,Methylamine--Carbon_Dioxide,0.00262727,1.52400000,45.07013900,88889,-0.04752634,0.47455945,-53.93636130,0.00335626
2.82095600,1.84720400,175.04323000,Phenol--Tetrahydrofuran_(THF),0.04056292,4.04200000,123.76804900,73163,-0.03259079,0.46396220,-107.24021415,0.01676278
2.88528600,1.91645600,174.59055700,Ethanol--Methanol,0.03142694,2.87600000,54.66585300,78884,-0.05549448,0.55331458,-71.73097961,0.04410725
2.72998100,1.73882000,176.52195200,Propanoic_Acid--Propan-2-ol,0.06547814,1.68500000,90.80418000,80581,-0.03253630,0.35841723,-66.57764331,0.04004322
2.86754900,1.85706200,170.92640100,Formamide--Valerolactone,0.03940545,1.26800000,80.54860600,70730,-0.04940103,0.56019091,-87.32421074,0.04880773
3.05080800,2.04285800,179.24031800,Pyrrole--Acetaldehyde,0.01615222,5.99900000,84.63789100,82557,-0.03863427,0.51605344,-89.84070462,0.01457925
3.13999600,2.15136600,164.02915300,Butylamine--Acetic_Acid,0.01041780,2.67200000,95.52378800,78614,-0.03692039,0.63158894,-122.20558540,0.00622694
2.88660900,1.92647100,157.16694300,Acetamide--Gamma-Butyrolactone_(GBL),0.02679803,1.54900000,91.84891700,75554,-0.05916157,0.61465031,-70.80482380,0.03050778
2.88116600,1.86361800,178.57114300,Acetamide--Acetophenone,0.04131692,2.82800000,131.38227100,68490,-0.05017345,0.46642581,-48.29208473,0.04228695
3.09009400,2.13802300,155.09979100,Ammonia--Acetone,0.01341709,1.94500000,55.30642000,74534,-0.04038469,0.60385659,-116.74410908,0.02694499
3.12675900,2.12105000,171.03685000,Piperidine--Tetrahydrofuran_(THF),0.01281875,3.09500000,131.07242900,77191,-0.02839596,0.37300166,-73.82239861,0.00508675
2.86169200,1.84523900,173.18985600,Histidine--Pyridine,0.05494284,6.03800000,163.12043200,72012,-0.04063638,0.46496193,-71.57399411,0.02677778
2.97218400,2.03686300,161.78202300,Ethanol--Propylene_Carbonate,0.01597217,8.41900000,91.13727500,77350,-0.05529066,0.52518851,-55.19647867,0.01490133
2.90367600,1.94724200,167.32974200,Glycerol--Trioxane,0.02668165,2.79700000,98.90626900,80074,-0.04192092,0.60644310,-92.98231678,0.01871498
2.80339100,1.83290700,168.77205800,Propanoic_Acid--Phenol,0.04104510,2.81500000,118.51724500,72494,-0.04179628,0.73439959,-167.44742346,0.02204829
2.69249000,1.68387100,176.18126500,Lactic_Acid--Pyrimidine,0.10578430,3.74600000,109.60026800,77141,-0.04741492,0.51239116,-61.77641207,0.07470224
2.95118400,1.94303600,174.35725200,Imidazole--Ethanol,0.02625691,6.44000000,82.81794000,82806,-0.04068038,0.62742570,-160.19806410,0.02214492
3.03328300,2.02860800,172.34913700,Aniline--Ethanol,0.01978514,3.65500000,109.97542300,77193,-0.04323493,0.51146781,-74.72769457,0.01192216
2.88164200,1.87012500,174.71302700,Adenine--Propan-1-ol,0.03564772,8.84400000,125.13168700,74959,-0.04034175,0.44598660,-62.40272846,0.01705547
3.13660800,2.26698200,143.74084200,Aniline--Methyl_Acetate,0.00665139,2.44500000,123.25875300,76616,-0.03979494,0.63939531,-103.51114854,0.00519288
2.88054700,1.96780200,153.65041900,Oxalic_Acid--Ethylene_Carbonate,0.02591600,3.21600000,88.04440000,78832,-0.07884398,0.77646335,-77.26325397,0.02799884
2.85490300,1.88535500,175.33031600,Butan-1-ol--Diethyl_Ether,0.03523615,2.89700000,113.22391700,73286,-0.02996200,0.38626905,-92.89144437,0.02211715
2.90371100,1.93341300,178.24900600,Resorcinol--Valerolactone,0.02181862,7.46800000,129.74416700,72101,-0.04383062,0.57556386,-82.64344693,0.00749811
2.81472300,1.88504400,158.99353500,Fructose--Formaldehyde,0.08002139,6.24700000,118.62361400,76585,-0.05910065,0.92417149,-132.70907851,0.08575827
2.99354400,2.08743300,146.32845100,Hydroxylamine--Pyrimidine,0.02189153,1.77200000,77.39425200,80501,-0.04785761,0.46677363,-50.61882769,0.02240778
3.00718500,2.01204600,168.47705400,Tryptophan--Phenol,0.02018178,6.03500000,216.79789900,71764,-0.03698253,0.55248439,-91.01183714,0.00651177
2.98621400,2.02411100,175.28176400,Benzyl_Alcohol--Propylene_Carbonate,0.01704313,5.59000000,142.13059300,74605,-0.04690515,0.68693068,-97.18566138,0.00388516
2.73896000,1.69516400,175.61233700,Uracil--Pyridine,0.10323021,7.75500000,130.82235500,73998,-0.04702109,0.54464041,-66.49342375,0.05986109
2.69574800,1.74199200,160.91134700,Catechol--Urea,0.06339383,4.47600000,113.37707800,88435,-0.07402079,0.68810997,-58.42117135,0.08180238
2.91822900,1.96552400,164.69109100,Benzoic_Acid--Ethylene_Carbonate,0.02423681,4.26000000,132.06133700,81859,-0.06537110,0.77436204,-90.73957445,0.01712800
2.96266000,1.99830500,174.11360700,Butan-2-ol--Phenol,0.01961901,3.08900000,128.61468100,71187,-0.04464068,0.69392512,-127.56860892,0.01652716
2.91473100,1.94663300,173.32496800,Diethanolamine--Acetone,0.02642139,6.10600000,111.88536300,77452,-0.05309797,0.54470430,-64.29232679,0.03796244
2.81515100,1.84122300,173.69315500,Trifluoroethanol--Anisole,0.04118426,3.05200000,121.00602700,73479,-0.04585232,0.53954432,-69.64635224,0.03511987
2.70055100,1.71032500,170.43297700,Lactic_Acid--Morpholine,0.07585515,3.74900000,111.93322900,80622,-0.03874798,0.51238183,-77.93441172,0.03500060
3.13885000,2.13120100,171.36505800,Butylamine--Dimethyl_Ether,0.01129696,2.54700000,94.51276600,75226,-0.03491196,0.54110141,-144.79574225,0.00672514
3.31741100,2.63384500,124.57995300,Methylamine--Methyl_Acetate,0.01225890,3.17500000,72.32920700,75889,-0.04198124,0.61052348,-100.52306933,0.01463048
2.78067900,1.81095400,156.70225900,Uracil--Valerolactone,0.04553290,4.75800000,120.53753300,72225,-0.05839373,0.60302261,-68.17881642,0.04224009
2.62919300,1.61440000,177.39212200,Benzoic_Acid--Urea,0.10741794,2.93500000,122.22049500,81528,-0.09452592,0.86336717,-76.81656473,0.20595270
2.93350200,1.93027600,170.04781000,N-Methylformamide--Propan-2-ol,0.03029879,6.07400000,84.03628100,75235,-0.04796148,0.44440796,-52.67889312,0.03580191
3.08809800,2.09114200,165.64902100,Butylamine--Isoquinoline,0.02087459,3.79300000,164.18224900,67740,-0.03424501,0.40187320,-86.10474481,0.00680528
3.11962600,2.11671800,168.16029100,Ethylamine--Diethyl_Ether,0.01419324,2.27000000,94.25335200,76154,-0.02819096,0.33162966,-70.69272318,0.01501386
2.78990300,1.80902500,171.30911300,Propanoic_Acid--Formaldehyde,0.05209651,0.69600000,64.92175700,74812,-0.05104022,0.72208728,-96.57412725,0.05607443
2.65790300,1.63867700,177.93124700,Aspartic_Acid--Pyridine,0.12650847,4.47100000,136.51573600,72025,-0.04037561,0.63843863,-101.36596311,0.03898072
2.76578800,1.73342900,175.92322500,Adenine--2-Picoline,0.08716509,9.81300000,155.04672300,68056,-0.04282185,0.46164466,-59.06267531,0.04014204
3.19477000,2.23629800,172.66270300,Propan-2-ol--Carbon_Dioxide,0.00615346,1.95500000,63.79159600,81747,-0.03986736,0.73773100,-153.84692762,0.00384330
2.79450300,1.76561500,177.36868300,Uracil--Acetone,0.06184846,6.61700000,108.95747600,73805,-0.05443267,0.86725783,-101.86598390,0.05663375
2.70958000,1.71317000,176.51799900,Threonine--Butan-2-one_(MEK),0.07133769,3.17700000,124.74247600,75963,-0.03063437,0.40183081,-98.10735199,0.02397824
2.84210100,1.86915800,176.74806800,Diethanolamine--Hexamethylphosphoramide_(HMPA),0.02768544,6.39900000,203.29935600,71920,-0.04877675,0.56918655,-68.27342221,0.06562791
2.86781900,1.92075700,164.15884300,Propan-2-ol--Valerolactone,0.02995467,3.86700000,97.57963400,76679,-0.03243469,0.46387922,-87.08875853,0.01782174
2.86220800,1.84794000,174.52918600,"Acetamide--N,N-Dimethylformamide_(DMF)",0.04026775,0.86100000,90.06566600,77215,-0.04323128,0.46675187,-64.93153190,0.04313475
2.63645100,1.63158800,171.46133400,Oxalic_Acid--Acetophenone,0.09858564,3.74600000,133.97045000,74191,-0.04590815,0.44803011,-48.36861941,0.06087898
2.87881300,1.91182000,176.08154000,Catechol--Sulfate_Ion,0.02437029,1.44100000,117.95154900,77806,-0.06184236,0.60531986,-53.74210428,0.01982275
3.10588800,2.09026500,177.40433500,Ammonia--Tetrahydrofuran_(THF),0.01517781,2.33000000,65.43468100,75545,-0.03801851,0.53299385,-110.78213179,0.01581379
3.08057700,2.17124400,155.52786000,Glucose--Carbon_Dioxide,0.01009689,5.10700000,117.42572900,82401,-0.05452252,0.55295393,-67.72652925,0.03678670
2.84989700,1.82612400,177.38887200,N-Methylformamide--Quinoline,0.06182247,7.63100000,142.64770800,74261,-0.04230805,0.60707378,-116.39664908,0.02750401
3.09613600,2.15920100,152.21481900,Methylamine--Cyclohexanone,0.01272064,2.34300000,97.25176200,74102,-0.03939344,0.49381183,-79.79021339,0.01273474
2.88872500,1.93212200,168.65939200,Ascorbic_Acid--Formaldehyde,0.02437017,8.42700000,112.90406400,81634,-0.04728281,0.61578341,-102.44236730,0.01720428
2.90582400,2.32183100,117.82652400,Citric_Acid--Propylene_Carbonate,0.00665317,3.56700000,156.50780600,79959,-0.05699927,0.56727488,-59.93239594,0.02124884
2.83845200,1.86802100,170.79701500,"Glucose--1,4-Dioxane",0.03784357,5.00300000,154.85226900,73865,-0.04296048,0.45531178,-78.16506624,0.02177267
2.88708400,1.99032600,151.63246500,Chloroacetic_Acid--Carbon_Dioxide,0.02093808,2.17000000,66.35848200,85176,-0.10631203,1.11926457,-81.88374872,0.04482451
3.02249800,2.01319000,177.27784000,N-Methylformamide--Ethyl_Acetate,0.02127763,2.77200000,97.43301200,76253,-0.04692466,0.54787200,-71.43348116,0.01786299
2.51816000,1.54000000,159.22852200,Propan-2-ol--Phosphate_Ion,0.14883506,7.57500000,86.48105200,76528,-0.07143314,0.67744178,-52.62112467,0.09458417
2.97057500,2.05689100,156.74224600,Resorcinol--Ethylene_Carbonate,0.01596558,4.70700000,123.19467000,76793,-0.05743797,0.59144327,-84.42707865,0.00857675
3.23247300,2.24961800,162.00326600,Pyrrolidine--Ethyl_Acetate,0.00766397,1.82100000,113.97009600,75943,-0.03915159,0.44329212,-88.07726051,0.00774206
2.71985300,1.72815300,173.07580200,Aspartic_Acid--Acetaldehyde,0.07067573,3.51800000,103.38734300,73995,-0.03915560,0.80319097,-120.52404871,0.03864358
2.90948100,1.89368600,178.30396200,Tryptophan--Pyrimidine,0.04520188,6.43300000,203.27619400,64542,-0.04234748,0.44586418,-59.75942451,0.02130812
2.92501400,1.91004000,177.90020300,N-Methylacetamide--Pyrazine,0.04346207,5.46500000,109.49923900,77856,-0.04033819,0.52255863,-107.80092879,0.02834608
2.74690400,1.84004300,152.59830900,Butan-1-ol--Urea,0.04447429,4.08100000,93.08177000,73180,-0.03295969,0.39853354,-71.72689626,0.04683837
2.52788000,1.46568200,166.86246000,Dimethylamine--Phosphate_Ion,0.15699670,9.42600000,79.30895800,81054,-0.09341336,1.05031294,-97.07111800,0.04350553
2.92215000,1.98868800,161.14845800,Diethanolamine--Oxime,0.01901141,3.34000000,98.31637000,76427,-0.05417202,0.54326438,-83.10116462,0.02021578
2.82822500,1.87161400,166.70675200,Benzyl_Alcohol--Cyclohexanone,0.03820044,4.44800000,155.42850700,76180,-0.03925972,0.56322972,-81.11244018,0.02342870
2.97032200,2.06324400,155.67522100,Cyclohexanol--Oxime,0.01190892,2.22400000,102.39934700,76219,-0.04921903,0.59380153,-80.25828574,0.02406058
2.92358900,1.96703600,166.09266800,Glucose--Ethyl_Acetate,0.02451169,4.69600000,156.26355700,75343,-0.04230495,0.47002466,-74.01123433,0.02270478
2.80472300,1.84168900,168.38764100,Trifluoroethanol--Phenol,0.03892363,3.26300000,109.05331200,71913,-0.03796214,0.54803168,-92.69559961,0.01061519
2.82496800,1.80107000,177.23390700,Thymine--Vinyl_Acetate,0.05173405,5.55200000,136.29960800,71075,-0.03691939,0.57859907,-80.75204255,0.02943414
2.96061200,1.95184200,169.92827700,Cytosine--Ethyl_Acetate,0.02877579,2.88100000,130.06286400,72194,-0.05269663,0.85930151,-152.26851060,0.03553984
2.73210800,1.74043200,176.63715800,Formic_Acid--Ethanol,0.06127129,3.49500000,56.39314700,79757,-0.04518027,0.46057330,-58.31315642,0.06909242
2.65083100,1.64382300,174.15286800,Threonine--Acetic_Acid,0.09543031,1.43700000,106.39530500,75290,-0.03903388,0.54406901,-106.78783250,0.06623001
2.78893900,1.86220300,157.73216700,Trifluoroethanol--Ethylene_Carbonate,0.03559109,5.35800000,83.19766900,85918,-0.05038577,0.51043832,-68.80276086,0.02619291
2.72930100,1.75470000,166.09201600,Glutamic_Acid--Dimethyl_Ether,0.06480313,1.64600000,118.28093300,78904,-0.04932558,0.48911673,-68.69125791,0.04006669
2.93876500,1.92832500,169.50969000,Cytosine--Morpholine,0.03301488,3.16300000,133.16320300,74788,-0.05186832,0.61271753,-70.68994323,0.03083452
3.08847500,2.08029800,177.40796700,Saccharin--Carbon_Dioxide,0.01354868,3.77600000,134.47047500,75998,-0.07170770,0.71585974,-57.19413887,0.00520492
2.92170300,1.96691000,167.55610600,Phenol--Methyl_Acetate,0.02360615,1.39100000,118.69466300,77469,-0.03461806,0.38147229,-59.22142292,0.01259812
3.27315800,2.31985200,155.81389300,Propylamine--Acetaldehyde,0.00482109,4.31600000,79.31662400,75080,-0.03303096,0.40439976,-77.55079076,0.00690961
2.98283400,1.97291500,179.65099000,"N-Methylformamide--1,4-Dioxane",0.02388234,5.05500000,96.03384100,74426,-0.04647778,0.46349234,-67.12685622,0.01847608
2.63680900,1.61622200,173.42165400,Cysteine--Quinoline,0.13580484,2.71300000,178.13646900,72149,-0.03725295,0.38589295,-46.76025027,0.02251583
2.71333700,1.73292800,167.51028100,Cysteine--Acetaldehyde,0.06803607,1.90200000,105.06116800,80001,-0.04308701,0.53307540,-72.53925745,0.03413805
2.82573000,1.87361400,154.99651300,Tryptophan--Dimethyl_Sulfoxide_(DMSO),0.03473881,6.34300000,197.53988500,65934,-0.04311797,0.71206497,-111.90693751,0.02293057
2.85036700,1.89638300,165.39558400,Propan-1-ol--Acetophenone,0.03473884,4.63100000,137.25826800,63467,-0.03236127,0.43663683,-79.32235769,0.01573725
3.12892800,2.16350100,177.46209200,Catechol--Carbon_Dioxide,0.00845565,1.41500000,96.00620100,84561,-0.10229770,0.77956037,-46.94384588,0.02090619
3.23400500,2.35020500,144.73433300,Methylamine--Valerolactone,0.00836125,3.62000000,78.84635600,74750,-0.04613292,0.52947870,-68.17982865,0.01177699
2.77791000,1.79143300,178.22158200,Hydroquinone--2-Picoline,0.06722053,3.28500000,151.42024500,68164,-0.03659630,0.59711391,-114.60794888,0.03314468
3.11987600,2.17353200,154.62915100,Piperidine--Ethanol,0.01011353,3.18400000,112.63015800,75824,-0.02910198,0.34328406,-76.00999648,0.00522613
2.81039900,1.84257400,170.59785600,Catechol--Propan-1-ol,0.04247536,2.49200000,121.58530000,75639,-0.04068116,0.50070890,-77.18326827,0.00839701
2.70278400,1.71120900,178.36842400,Glycine--N-Methyl-2-pyrrolidone_(NMP),0.06029506,5.67000000,112.71566500,75373,-0.04791373,0.43572055,-50.27840672,0.03324891
2.88661200,1.92285300,171.74215100,Methanol--Morpholine,0.02856744,4.36700000,82.72014400,78091,-0.04605172,0.52849688,-77.85435084,0.02801482
2.71464200,1.78330400,148.80794100,Guanine--Propan-2-ol,0.05910355,5.22400000,138.62578200,73787,-0.05000968,0.56033191,-61.79547504,0.06539824
2.57850500,1.55065600,177.58733800,Sulfuric_Acid--Pyridine,0.17847280,6.81400000,108.30957800,69869,-0.06119822,0.73462297,-83.40348243,0.00878601
3.03126800,2.05823900,160.97496500,Aniline--Methanol,0.01710550,3.52200000,98.43824900,82225,-0.04018707,0.46730509,-71.31768541,0.01534504
2.74340400,1.71711700,167.35052100,Barbituric_Acid--Acetic_Acid,0.07406520,2.40200000,104.78210400,76645,-0.08029283,0.86743368,-86.79139754,0.13274678
2.74271800,1.75620900,172.92153000,Ascorbic_Acid--Pyridine,0.07763116,8.66800000,157.28778200,68574,-0.05249068,0.64723962,-82.56477545,0.02697647
2.65907700,1.68411300,165.09583000,Trifluoroethanol--Acetamide,0.08123003,3.04000000,75.70428700,81379,-0.05315096,0.49367955,-50.13471134,0.07736916
2.78735400,1.81805900,169.41300800,Glucose--Benzophenone,0.04089344,4.18700000,241.99622500,73699,-0.03823096,0.41308482,-74.54056885,0.01906314
2.74478200,1.75590400,176.45648500,Propanoic_Acid--Acetic_Acid,0.05846402,1.53000000,80.82536800,76624,-0.04536870,0.53396181,-77.39179727,0.04918498
3.06534700,2.13575300,160.11491200,Glycerol--Ethylene_Carbonate,0.01111988,3.58900000,100.60208600,77582,-0.04302275,0.71777219,-142.31295659,0.01867980
2.85447900,1.83743600,173.02868400,"Thymine--1,4-Dioxane",0.04394221,4.94600000,135.64121800,70615,-0.04865244,0.77215573,-119.48173584,0.01805284
2.67080600,1.65454700,177.38897700,Alanine--Isoquinoline,0.11903947,4.16600000,158.49555300,68584,-0.04404834,0.42838750,-51.18731944,0.04760197
2.73175700,1.74881100,170.08694000,Ascorbic_Acid--Isoquinoline,0.08024213,9.71000000,197.25774500,61333,-0.04762569,0.56129496,-66.95699299,0.02600751
2.69062200,1.68075900,177.88502400,Acetic_Acid--Pyridine,0.10729200,3.22000000,97.73077400,78478,-0.06490044,0.60123112,-51.90718354,0.10916433
2.90551400,2.11924000,137.09828200,Hydrogen_Peroxide--Carbon_Dioxide,0.01315773,0.14200000,33.52523400,103062,-0.13250374,1.24742884,-89.67217911,0.08203038
3.18495100,2.21140800,160.54397100,Piperidine--Ethylene_Carbonate,0.00924142,6.39700000,126.01263500,76860,-0.03799659,0.38331247,-58.37600905,0.00767136
3.07768500,2.11166200,157.51610900,Ethylamine--Acetophenone,0.01507796,2.77400000,130.02559100,66114,-0.03419190,0.96159738,-212.25155392,0.01035934
2.89596000,1.89505000,167.79769100,Pyrrolidone--Tetrahydrofuran_(THF),0.03606937,3.25700000,108.71756200,72654,-0.04781803,0.76553971,-118.85066068,0.02183192
2.89143800,1.92995700,170.72336800,Methanol--18-Crown-6,0.02808986,2.62700000,191.34585500,72791,-0.04386351,0.40610996,-59.33590321,0.02163367
2.94276700,1.98835100,167.81801500,Diethanolamine--Ethyl_Acetate,0.02115363,2.90500000,128.43096000,75723,-0.05561679,0.64032746,-83.12379595,0.01895899
2.72600300,1.68601500,177.81967300,Barbituric_Acid--Hexamethylphosphoramide_(HMPA),0.06747939,5.01600000,202.91946700,68755,-0.04668412,0.66805803,-83.65233877,0.04692488
2.86042000,1.93675200,158.25291400,Catechol--Phenol,0.02331759,1.39400000,149.17772200,79061,-0.05639466,0.61113208,-60.46521845,0.01620343
2.83838900,1.81414600,178.58667200,Imidazole--2-Picoline,0.06352590,7.14900000,124.46197200,75138,-0.03990063,0.46411090,-71.12031437,0.04778915
2.84215600,1.82624800,173.96963700,Urea--N-Methyl-2-pyrrolidone_(NMP),0.04632530,0.40000000,105.39769800,72519,-0.04945259,0.48071521,-54.07102861,0.03836014
2.75128700,1.77515800,169.40846400,Propanoic_Acid--Pyruvic_Acid,0.05252114,0.62300000,94.38544800,80111,-0.04507246,0.72857157,-123.41684660,0.03910226
2.75174100,1.76191200,178.02325200,Alanine--Dimethyl_Ether,0.05840607,2.20100000,88.87566800,77514,-0.04766599,0.52327341,-69.12959078,0.05008691
2.67519900,1.68307600,173.62781100,Serine--N-Methyl-2-pyrrolidone_(NMP),0.06971573,3.91900000,129.14741800,74806,-0.03057052,0.51854807,-127.51066436,0.03272085
2.77824300,1.80435000,169.62756300,Ascorbic_Acid--Pyrimidine,0.06276280,8.98000000,152.84508600,67660,-0.05484029,0.66740773,-78.29831959,0.02603303
2.81352200,1.79231000,174.59333100,Formamide--N-Methyl-2-pyrrolidone_(NMP),0.05316669,2.58700000,96.63891900,72934,-0.04793642,0.52157734,-70.71656413,0.05476586
3.10359100,2.10505800,166.43669700,Dimethylamine--Diethyl_Ether,0.01364265,2.75300000,94.72817500,76457,-0.04444547,0.47216644,-67.95006452,0.02236381
3.07392200,2.32844200,123.36110300,Barbituric_Acid--Propylene_Carbonate,0.00537010,6.11700000,128.00744600,73906,-0.07929642,0.68078551,-58.06034448,0.02191659
2.72510200,1.79763000,155.88280100,Ethylene_Glycol--Urea,0.05272603,4.17500000,74.37446700,78458,-0.06383064,0.60075465,-57.27717137,0.08244385
2.85780700,1.84024500,172.73193000,Urea--Pyridine,0.05697337,3.15700000,99.65407900,78802,-0.06937833,0.62886240,-59.85082883,0.08989827
2.98672400,1.98092200,175.19579000,N-Methylformamide--Sulfate_Ion,0.02047876,4.89100000,80.53412100,75620,-0.05812365,1.13797617,-199.72708892,0.01896493
2.81808300,1.86168800,166.96981600,Ascorbic_Acid--Cyclohexanone,0.03115463,8.46900000,165.32416200,72638,-0.04881061,0.57886166,-67.35541404,0.02088525
2.83697900,1.82113100,172.42435100,Formamide--Butan-2-one_(MEK),0.04747612,1.69300000,80.64985300,71656,-0.04487210,0.60454372,-91.31696780,0.06071545
2.87354900,1.85487100,173.90735000,Uracil--Trioxane,0.04377112,5.27500000,112.43160600,77528,-0.06895008,0.54951531,-41.59347226,0.03605771
2.59363800,1.59850500,157.22880400,Propylamine--Phosphate_Ion,0.08912477,8.35900000,90.81683000,81064,-0.06557468,0.67338204,-75.57288350,0.16842701
2.95270500,2.00572800,155.03927900,Indole--Acetic_Acid,0.02213109,3.99000000,129.03446100,73323,-0.05140843,0.50224884,-53.66693847,0.01916835
2.73141700,1.81405300,154.25807700,Benzyl_Alcohol--Urea,0.04930549,4.58000000,120.70580200,70967,-0.05012054,0.46902287,-55.83328452,0.05547610
2.91356100,1.94694400,173.28792000,Phenol--Valerolactone,0.02154140,7.47400000,125.29751800,70343,-0.03031381,0.35785343,-64.87669211,0.00704263
2.99154300,1.98544300,175.36972900,N-Methylacetamide--Benzophenone,0.01930542,8.82400000,194.35874400,71794,-0.03457575,0.35498846,-44.16797473,0.00768127
2.91360500,2.02444200,151.97967800,Ethanol--Oxime,0.01399327,2.13100000,60.99558800,82968,-0.04442547,0.58532016,-99.86614720,0.01568155
2.91167500,1.96976300,160.80888400,Alanine--Ethylene_Carbonate,0.02570258,3.59900000,101.79229900,77517,-0.05275808,0.56750001,-61.37070467,0.02003419
2.88460300,1.87265100,172.20828600,Formamide--Diethyl_Ether,0.03762597,4.01600000,84.34025900,73976,-0.03828800,0.49807949,-110.04843652,0.03303938
2.89633800,1.92481700,179.06587800,Ethanol--Dimethyl_Ether,0.03033535,2.72100000,66.65257700,77295,-0.04522120,0.48863660,-86.86573632,0.02795358
2.85169400,1.89234000,167.45840000,Ethanol--Cyclohexanone,0.03495616,3.81300000,104.38064100,74971,-0.04697308,0.51019878,-70.54937931,0.02541029
2.77597900,1.75363700,172.22465900,Pyrrolidone--Acetamide,0.06668769,0.16800000,96.21087000,68879,-0.05212905,0.55540441,-66.77292264,0.08382986
3.01038900,2.05648700,167.97387500,Trifluoroethanol--Carbon_Dioxide,0.01421537,2.47500000,55.90582000,87831,-0.06599711,0.80524213,-101.77181662,0.01346802
2.81581700,1.83994100,177.00555900,Hydroquinone--Diethyl_Ether,0.04187717,2.76700000,133.33202800,73939,-0.03525469,0.44979520,-66.46756378,0.02119363
2.71379100,1.74343300,166.51719000,Phenol--Urea,0.06239994,6.15000000,108.85881400,74746,-0.03547707,0.46175326,-79.11652055,0.03543235
2.72034500,1.75074800,169.00527300,Ascorbic_Acid--N-Methyl-2-pyrrolidone_(NMP),0.05400890,10.38800000,162.99866300,70765,-0.05271151,0.55977638,-66.49595772,0.03546797
2.79596400,1.82359000,174.41059900,Trifluoroethanol--Cyclohexanone,0.03767877,5.21600000,107.99907600,77372,-0.03997136,0.77168657,-145.71377906,0.01731688
2.75917700,1.74039300,168.95252200,Saccharin--Tetrahydrofuran_(THF),0.07098702,3.39100000,166.65456100,72171,-0.07662649,0.74793066,-53.46864804,0.04378129
2.76785800,1.74085200,175.50810300,"Guanine--N,N-Dimethylformamide_(DMF)",0.06785735,1.63000000,144.86892900,70014,-0.04899891,0.81332940,-126.20335739,0.06150713
3.19367100,2.19914500,166.47987900,Piperidine--Acetaldehyde,0.00991036,3.87000000,109.64236900,77481,-0.02775878,0.36886618,-78.95714702,0.00371273
2.97067700,1.99708300,161.35885900,Indole--Methanol,0.02010235,4.31100000,116.01536300,72674,-0.06150126,0.53277473,-45.95121009,0.01970109
3.10022800,2.09124500,178.53294000,Aniline--Acetaldehyde,0.01406516,5.07700000,106.98816700,81138,-0.04820124,0.54940647,-68.41675108,0.01095399
2.81021100,1.84156400,170.81008800,"Propan-2-ol--N,N-Dimethylacetamide_(DMAc)",0.04200783,5.46000000,107.17043000,75782,-0.02564519,0.33793521,-77.89919937,0.01943467
2.67832200,1.66464600,177.91901400,Serine--Pyridine,0.11445764,4.54200000,123.31988400,71468,-0.03325344,0.45121607,-80.50836519,0.03321882
3.08028200,2.07992700,167.20950300,Dimethylamine--Hexamethylphosphoramide_(HMPA),0.01240950,5.05300000,171.00219800,76307,-0.03521272,0.45233555,-75.91194452,0.03342258
2.80000200,1.82619900,173.77283100,Fructose--Hexamethylphosphoramide_(HMPA),0.03338516,5.22200000,232.85108600,68753,-0.04034271,0.51702360,-89.22669381,0.04870138
2.65445500,1.64860400,176.68204100,Chloroacetic_Acid--Acetamide,0.09112944,5.53300000,86.12944500,79709,-0.06678279,0.82517681,-82.57505531,0.08493831
2.89471400,2.04924300,144.11132400,Glutamic_Acid--Carbon_Dioxide,0.01645039,0.59200000,103.95390000,85280,-0.06874998,0.69489260,-67.32666354,0.05370949
2.74204800,1.78116800,165.51085400,Trifluoroethanol--Vinyl_Acetate,0.05154606,2.44000000,93.94944200,78170,-0.04728190,0.66710234,-93.32775203,0.02889608
2.79143900,1.83289500,166.99366300,Ascorbic_Acid--Vinyl_Acetate,0.03834704,8.41800000,151.30233200,71659,-0.05365685,0.73352040,-86.85900738,0.02156583
2.87125800,1.85850200,173.03556400,Acetamide--Acetone,0.04107375,1.19000000,80.28126200,73374,-0.05184598,0.51051908,-63.57786819,0.05431995
2.79402900,1.94304200,139.42289100,Saccharin--Methanol,0.02581982,4.86200000,136.95007300,73523,-0.06701974,1.49514855,-216.29015844,0.03389775
2.84731700,1.88331100,169.19801600,Ethanol--Acetophenone,0.03619655,4.27500000,125.59472100,73421,-0.04326862,0.43726660,-51.59326937,0.03091481
3.04202900,2.05990300,161.01385000,Histidine--Dimethyl_Ether,0.01730529,5.05600000,133.40717300,76723,-0.04625763,0.79060881,-127.54826839,0.03146111
2.67747000,1.60869700,179.11522500,Barbituric_Acid--Pyridine,0.14396629,4.55100000,133.17483600,80895,-0.06695572,0.73071177,-78.67698838,0.02040539
2.97836800,2.04431000,161.49149800,Cyclohexanol--Diethyl_Ether,0.01531914,2.92300000,131.21560000,73735,-0.04249264,0.39042601,-48.14444278,0.02666630
2.74233300,1.75383200,176.13378900,Glycine--Morpholine,0.05870792,4.14000000,104.76534000,76479,-0.03688116,0.40113336,-70.18091713,0.02155784
2.90942200,1.89747600,174.07150500,Urea--Tetrahydrofuran_(THF),0.03555989,3.02500000,87.90294700,74184,-0.04762236,0.52833586,-79.79032729,0.03297025
2.79646200,1.81505400,172.12173400,Benzoic_Acid--Formaldehyde,0.05103035,0.53500000,104.31916400,81414,-0.10527137,1.07200005,-102.06095443,0.08697000
2.72087300,1.79678900,147.96452900,Guanine--Propan-1-ol,0.05871639,5.22700000,138.82975000,67777,-0.03922693,0.46059185,-71.01549657,0.04595936
2.78364200,1.81037400,171.97204800,"Catechol--N,N-Dimethylformamide_(DMF)",0.04727782,5.75800000,127.98709000,78084,-0.04445571,0.45147645,-61.96591179,0.03398016
2.70544600,1.70940300,173.65985300,Cysteine--Benzaldehyde,0.07686873,3.32000000,156.11093200,67590,-0.03194209,0.38724582,-56.81086361,0.02016241
2.84928200,1.82776900,176.68539900,Imidazole--Isoquinoline,0.05972927,8.14900000,152.95607900,76114,-0.06035073,0.54223710,-44.76596615,0.05104184
2.87246700,1.90490700,172.50842100,Hydrogen_Peroxide--Gamma-Butyrolactone_(GBL),0.02459914,5.68800000,67.34015300,73499,-0.05870466,0.60031153,-74.44699040,0.02071868
2.85609600,1.88313100,174.67564100,Diethanolamine--Urea,0.03401430,7.04200000,107.06197800,78535,-0.05868995,0.66192370,-83.99624224,0.04842149
2.92037400,1.91086600,178.08429600,Indole--Urea,0.02464898,8.36200000,131.02229800,81420,-0.06489009,0.70078362,-68.57696560,0.02293600
2.97600300,2.02865700,165.93770900,Butan-2-ol--Valerolactone,0.01510593,6.99800000,109.32478600,73434,-0.04274338,0.66902320,-147.32794068,0.01098020
2.89666500,1.88335000,171.09693300,"Cytosine--1,4-Dioxane",0.03611287,1.62100000,128.63013100,75487,-0.04833413,0.55720047,-75.45605041,0.01383379
2.71660800,1.80588100,152.37951800,Glycine--Methanol,0.03975541,1.66800000,65.33988800,80030,-0.04300519,0.46224310,-68.03884865,0.07361888
2.72904000,1.73657200,175.83207900,"Lactic_Acid--1,4-Dioxane",0.06622966,3.31300000,107.41632600,75819,-0.04901538,0.58172874,-84.90367269,0.01986602
2.70635000,1.70990700,175.79841500,Citric_Acid--Acetophenone,0.07295484,4.18900000,191.02688700,63655,-0.03162988,0.51405007,-124.49188929,0.02439951
2.78936600,1.80982300,173.01845200,Hydrogen_Peroxide--Acetone,0.04973189,3.77700000,55.71841000,79703,-0.05528716,0.51763676,-55.22857497,0.06401984
2.71287100,1.74262500,165.93585800,Threonine--Valerolactone,0.05468988,3.13500000,124.62156000,79502,-0.03628594,0.39690341,-63.88641121,0.02784451
2.72196100,1.77386500,160.18177900,Glutamic_Acid--Methyl_Acetate,0.04725253,2.24100000,131.17081500,75892,-0.05506823,0.54846435,-59.53144446,0.05159777
2.94614200,1.98696800,170.96594000,Diethanolamine--Diethyl_Carbonate,0.02110004,2.02200000,145.06074300,76086,-0.03972101,0.47025765,-75.55429052,0.04007206
2.63747900,1.63943700,168.86542800,Oxalic_Acid--Butan-2-one_(MEK),0.09400160,3.00000000,94.49467100,80274,-0.05888716,0.67499875,-91.85688688,0.08705483
2.89470900,1.93569300,170.50902200,Ethylene_Glycol--Acetic_Acid,0.02192987,5.15300000,72.45348700,80345,-0.05107871,0.61970937,-87.35480585,0.02244959
2.94544400,1.93556000,179.89612100,Imidazole--Benzophenone,0.02325491,8.56600000,193.35350400,60274,-0.02456793,0.34014832,-74.61591812,0.00369705
2.80591900,1.83307700,174.61023800,"Ethylene_Glycol--N,N-Dimethylformamide_(DMF)",0.04316551,7.14100000,88.98957500,79820,-0.04847181,0.57923219,-78.19718935,0.03659802
2.73678000,1.75419800,171.26028700,Serine--Pyruvic_Acid,0.05752899,1.82300000,108.30011000,77398,-0.04042921,0.59532370,-128.69887394,0.02653524
2.85436500,1.88608300,173.51919100,Resorcinol--18-Crown-6,0.03125096,4.94400000,246.53568100,60712,-0.03008934,0.38186130,-96.90730148,0.00828285
2.72046300,1.73301800,178.97685800,"Salicylic_Acid--N,N-Dimethylacetamide_(DMAc)",0.05309093,2.81600000,152.80806200,72460,-0.03642424,0.36853941,-56.08180368,0.03403375
2.85330100,1.91400700,162.56671400,Ethylene_Glycol--Benzophenone,0.02535350,6.90700000,181.46357300,72589,-0.03784157,0.44288181,-58.37203727,0.01324334
2.95412200,1.95748200,162.52328300,Hydroxylamine--Acetamide,0.03121522,3.84500000,57.61526300,72715,-0.06140908,0.53166597,-49.99545376,0.07545727
2.79016000,1.80678600,174.93974300,Glycerol--2-Picoline,0.06297925,2.72100000,128.82786500,76543,-0.03937344,0.51958891,-117.95894867,0.03114199
3.08795700,2.25086600,138.12856600,Hydrazine--Hexamethylphosphoramide_(HMPA),0.00670425,5.73500000,156.08213700,75376,-0.04765491,2.22003072,-259.85147177,0.03560862
2.80050500,1.77233200,176.83833300,Thymine--Acetophenone,0.06054300,7.17400000,171.54420600,54868,-0.04169012,0.46136043,-56.08607109,0.02207050
2.72270800,1.74241500,173.51684300,Trifluoroethanol--Hexamethylphosphoramide_(HMPA),0.04887546,4.87500000,169.58911200,74593,-0.04888289,0.63300921,-88.90776476,0.05076300
2.82986100,1.86067000,171.77114600,Resorcinol--Methanol,0.03960732,3.58000000,98.32209600,76908,-0.04444515,0.44982092,-63.79414037,0.02750107
2.95035400,1.96126100,164.89965600,Adenine--Oxime,0.02514352,6.63200000,108.29459900,73825,-0.05837428,0.61096105,-58.76812821,0.01812987
2.71315100,1.72287000,171.43846100,Aspartic_Acid--Dimethyl_Ether,0.07365942,2.33400000,106.79733300,78388,-0.05180736,0.79876103,-100.87934625,0.05424307
2.91336600,1.97541500,161.69036700,Cyclohexanol--Tetrahydrofuran_(THF),0.02502345,1.78100000,126.00603400,75021,-0.04234155,0.38968310,-47.30283538,0.02406527
2.91167700,1.95279400,170.02985400,Propan-2-ol--Diethyl_Ether,0.02255795,3.22200000,101.39112600,78491,-0.02924994,0.52360769,-97.78668393,0.01644339
2.94463600,1.97518600,177.74127200,Phenol--Acetaldehyde,0.01996409,5.36600000,102.44373600,74537,-0.03053253,0.34816415,-71.17754190,0.00690521
2.98244200,2.06117200,158.04099800,Cyclohexanol--Pyrazine,0.02013918,1.99800000,133.24100600,72173,-0.04672944,0.63633491,-94.95104625,0.02036356
3.01598300,2.08271600,151.67457200,"Piperidine--N,N-Dimethylacetamide_(DMAc)",0.01730229,4.02400000,142.00858300,74084,-0.03128014,0.47764814,-89.66649291,0.02084560
2.64603000,1.61723500,178.67822600,Formic_Acid--2-Picoline,0.13831713,4.62800000,97.93515200,74345,-0.05952613,0.77478409,-124.57509125,0.05224597
2.78834900,1.80895400,173.95325700,Benzoic_Acid--Benzaldehyde,0.04352014,4.49300000,166.86906200,85948,-0.05534483,0.62903611,-77.64694998,0.02150855
2.94798800,1.94239300,171.36020300,N-Methylformamide--Acetone,0.02871362,6.87800000,80.88365900,72500,-0.04887752,0.55151607,-78.19404136,0.03167869
2.98782900,2.03090400,157.32381400,Tryptophan--Ethylene_Carbonate,0.01961965,8.55200000,190.98667700,69752,-0.04641294,0.55513350,-75.94091483,0.01106460
2.72495500,1.77336500,160.56254400,Serine--Propylene_Carbonate,0.04941013,4.16900000,118.14411800,76674,-0.04952929,0.55927406,-68.90500485,0.02939153
3.09025700,2.17826200,148.06221200,Dimethylamine--Acetophenone,0.01189665,2.62000000,130.43938700,68061,-0.04939963,0.51102672,-55.31352951,0.02549070
2.84325200,1.85051900,164.66458000,Saccharin--Valerolactone,0.03486327,2.47400000,168.27559400,77323,-0.04898829,0.67457375,-107.30538567,0.02283827
2.89458700,1.89163000,168.99657300,Pyrrolidone--Valerolactone,0.03421122,1.08300000,110.08613000,68133,-0.04968313,0.53509120,-80.12170445,0.02896190
3.05090500,2.06797500,161.90316100,Piperidine--2-Picoline,0.02349358,3.09900000,154.33087700,74321,-0.03342433,0.39868300,-68.42303534,0.01298013
2.84166700,1.87186100,174.64673100,Ethylene_Glycol--Methanol,0.03816975,3.98400000,59.38203000,78314,-0.05890696,0.59137083,-67.73571596,0.04601380
2.86191700,1.91603200,163.40557300,Propan-1-ol--Gamma-Butyrolactone_(GBL),0.03022527,3.82000000,97.65710700,75755,-0.02704196,0.29383337,-58.78693431,0.01090137
3.34074600,2.73667500,114.26904100,Benzyl_Alcohol--Ethylene_Carbonate,0.00872039,3.89200000,130.55137100,72652,-0.05527645,0.61938997,-65.78053207,0.01962937
2.50107000,1.60506700,144.67298000,Hydrogen_Peroxide--Phosphate_Ion,0.25992430,2.64400000,57.57972700,84952,-0.12971475,1.22104372,-74.89107150,1.00000000
3.10981100,2.15655300,155.00020400,Hydrazine--Gamma-Butyrolactone_(GBL),0.01270260,3.61100000,75.98359500,77751,-0.05673117,0.62018851,-80.59546984,0.02510437
2.86260400,1.91163800,166.60149700,Benzyl_Alcohol--Acetamide,0.02447796,6.59200000,123.21988300,75428,-0.04035923,0.82769876,-185.87715261,0.01327838
2.85537800,1.89483100,170.12589700,Benzyl_Alcohol--18-Crown-6,0.03372123,3.70900000,253.89902800,68590,-0.03406463,0.35427400,-67.02697485,0.01322393
2.98752300,2.24659500,129.07976300,Pyrrolidone--Phenol,0.05835436,5.14100000,129.53291700,73027,-0.04369836,0.58067870,-97.21665642,0.03229302
3.15602100,2.15439600,168.44805900,Ammonia--Pyrazine,0.01560097,1.93100000,72.67511000,75322,-0.03833068,0.46752999,-69.65039146,0.01482403
2.72718000,1.68101700,175.15397500,Uracil--Isoquinoline,0.10862482,8.06300000,170.76811700,71766,-0.04987462,0.52418367,-57.98394102,0.04846049
2.86809600,1.84723400,178.94555000,Barbituric_Acid--Sulfate_Ion,0.03338886,1.02700000,111.23198300,79291,-0.08037328,1.32328658,-134.65388075,0.03571086
2.83771600,1.87728900,168.26229100,Fructose--Acetaldehyde,0.03406471,6.34800000,129.99383000,76176,-0.04386357,0.40180733,-50.49759649,0.04313326
2.87354100,1.90246300,173.69554800,Propan-2-ol--Pyridine,0.04243730,4.22100000,107.97678000,75062,-0.03202119,0.37801671,-61.34556089,0.01448081
2.97175800,2.03906000,160.42166500,Cyclohexanol--Pyridine,0.02284819,3.48000000,137.77801200,69976,-0.04338769,0.42281998,-48.36232839,0.02116113
2.63528800,1.73530900,149.10715100,Threonine--Formaldehyde,0.16763091,2.29100000,90.47153600,82060,-0.04890992,0.52916868,-73.57274667,0.16520925
3.11818100,2.12554100,164.56987600,Propylamine--Diethyl_Ether,0.01366862,2.38700000,105.91627400,76116,-0.03527500,0.41536751,-76.96449147,0.02123138
2.92164500,1.91221500,177.81099500,Indole--N-Methyl-2-pyrrolidone_(NMP),0.02548274,8.16200000,163.48903500,73177,-0.03343260,0.49002493,-83.03179659,0.00000000
3.08272400,2.09637100,162.30683700,Butylamine--Quinoline,0.02069086,3.34000000,164.15997200,73101,-0.03932356,0.54109913,-91.56049630,0.00848224
2.88652300,1.88514300,166.76122100,Pyrrolidone--Pyrimidine,0.04735893,5.53100000,115.96831700,75872,-0.04253489,0.42697208,-52.53213666,0.03341399
2.89187500,1.89485400,167.75532400,Histidine--Hexamethylphosphoramide_(HMPA),0.02678972,7.73900000,232.76899900,72027,-0.04471544,0.54140025,-75.94144926,0.03736673
3.17813000,2.25279900,151.72846300,Histidine--Carbon_Dioxide,0.00685993,3.93500000,119.01091800,80226,-0.05047697,0.57236735,-63.44300089,0.00972323
2.89017800,1.89625700,165.42605100,"N-Methylformamide--N,N-Dimethylformamide_(DMF)",0.03509904,8.26800000,90.62962600,76154,-0.03835777,0.48277740,-79.17257433,0.02853018
2.74750200,1.71387700,176.86306800,Formamide--Urea,0.07523058,2.08000000,64.20119400,72477,-0.05802041,0.71748498,-96.02468486,0.14590960
2.72779800,1.73452100,177.31456400,Acetic_Acid--Butan-2-one_(MEK),0.06575447,2.51500000,87.59702900,72975,-0.05964628,0.57498627,-58.08481634,0.07261606
3.01464000,2.00799700,176.18895900,N-Methylacetamide--Cyclohexanone,0.01784174,8.83700000,122.02909500,77982,-0.03658380,0.46085306,-97.14320557,0.00888769
2.79613300,1.81085300,176.14958400,Formic_Acid--Ethyl_Acetate,0.04635525,2.13200000,81.27879100,81158,-0.05082111,0.59283821,-76.02696132,0.04163822
2.81101800,1.78914300,170.71016600,Formamide--Quinoline,0.07072297,4.56700000,130.83113700,80146,-0.10331482,0.90069660,-72.17139331,0.10006820
3.19828200,2.25858800,153.38752900,Butylamine--Propylene_Carbonate,0.00686565,5.10000000,118.88158300,76804,-0.03480342,0.52112165,-137.63071660,0.00250625
2.90225700,1.88918400,172.88744400,Pyrrole--Isoquinoline,0.04695499,6.15500000,157.78590700,76754,-0.05151321,0.50693684,-54.07972522,0.02629189
2.70235600,1.70393300,178.44767900,Citric_Acid--Butan-2-one_(MEK),0.07524805,3.70300000,151.60852700,71634,-0.03268677,0.34159354,-60.98494349,0.03749444
3.13855500,2.19228300,154.27025700,Methylamine--Trioxane,0.00918404,3.20400000,70.86961100,80683,-0.04888906,0.67033602,-115.48106578,0.00956580
2.90373500,1.92756000,161.01852200,Urea--Acetone,0.02701641,2.22800000,77.80554300,80182,-0.04473678,0.57622041,-132.37130107,0.03438766
2.82378600,1.85471700,171.70234100,Catechol--Methanol,0.04063616,2.19800000,98.38442000,76200,-0.04636642,0.66143925,-123.15756633,0.03420512
2.86226700,1.84110900,179.31105600,Formamide--Acetophenone,0.04535446,3.60300000,120.12567800,74928,-0.05281063,0.50657925,-54.12751500,0.05838743
2.84415100,1.90228300,160.97039600,Hydrogen_Peroxide--Formaldehyde,0.03515553,2.58500000,33.08571200,97749,-0.09856923,1.03341289,-103.68798362,0.11807650
2.96036100,2.00321500,170.10779800,Propan-2-ol--Ethyl_Acetate,0.01984405,1.66000000,102.66209300,73978,-0.04111653,0.46018638,-69.47914568,0.01265834
2.96144900,1.95187800,179.99790400,Pyrrole--Urea,0.02116636,8.06000000,91.09902900,83332,-0.03044086,0.51855871,-107.03847888,0.01296286
3.04948000,2.04780400,171.28483400,N-Methylformamide--Methyl_Acetate,0.01838681,3.30500000,85.88187100,77226,-0.04687947,0.45024397,-57.73111202,0.01721091
3.15679700,2.17120200,162.71439800,Dimethylamine--Propan-1-ol,0.01023796,3.05500000,82.76421200,78364,-0.04108328,0.45286699,-78.32195959,0.00377436
2.69069300,1.69743600,177.70691600,"Formic_Acid--N,N-Dimethylacetamide_(DMAc)",0.06146685,5.28800000,85.83920500,77321,-0.05433049,0.52498139,-58.46978107,0.07631332
2.76297300,1.77782300,177.80198000,"Glucose--N,N-Dimethylacetamide_(DMAc)",0.05166089,5.09900000,160.87158000,72087,-0.03575430,0.50743166,-90.94526233,0.02538246
3.14143700,2.12646700,175.70785700,Methylamine--Benzaldehyde,0.01356317,3.83600000,107.16818100,73064,-0.03005027,0.44972480,-103.94455882,0.00530419
2.85384800,1.89175400,170.77281100,Propan-1-ol--Hexamethylphosphoramide_(HMPA),0.02479250,6.08900000,177.76103800,69872,-0.04378149,0.65807733,-94.05268347,0.03306012
2.67632300,1.67996600,178.22571300,Lactic_Acid--N-Methyl-2-pyrrolidone_(NMP),0.06980785,6.35100000,119.93866400,76347,-0.04206432,0.39928854,-51.67647268,0.05334149
2.81400800,1.84280500,172.66535100,Glycerol--Cyclohexanone,0.04045074,4.12300000,125.33324500,75802,-0.03971073,0.51013394,-77.80234194,0.02408783
2.88039900,1.87631200,169.51209000,Adenine--Acetic_Acid,0.03599599,8.44900000,115.02024200,73715,-0.06249670,0.71818921,-84.42391212,0.03109025
3.00296800,1.99325100,179.99836700,Pyrrole--Dimethyl_Ether,0.02130891,4.35000000,88.09676600,82129,-0.03373779,0.38396824,-65.46261461,0.01443494
2.98996500,1.98173500,179.66648400,Tryptophan--Acetone,0.01937846,8.19400000,185.93071900,70051,-0.03977963,0.71704139,-152.06947028,0.01222550
2.57672500,1.61851600,158.89734800,Sulfuric_Acid--Propan-1-ol,0.11064333,3.84800000,90.02899200,79162,-0.06857041,0.95654702,-106.37626838,0.14027565
2.67080700,1.60033900,178.18987700,Barbituric_Acid--Isoquinoline,0.14848627,5.30300000,173.12536300,77175,-0.06722311,0.65124552,-58.17902750,0.02103052
2.60647300,1.55909900,177.37822600,Oxalic_Acid--Quinoline,0.17380163,5.76600000,144.50444800,70751,-0.05316991,0.64720372,-70.28396408,0.01720830
2.84731000,1.99020500,140.28418500,Formamide--Ethanol,0.03850736,2.89000000,60.83908300,82910,-0.04345343,0.63538018,-118.02826027,0.07467521
2.79474200,1.76554400,176.73879400,Guanine--Pyrimidine,0.07661852,4.40900000,152.62224100,71447,-0.05660892,0.59932822,-69.80700729,0.04134271
2.98364800,2.14286100,138.44464500,Butylamine--Urea,0.05731302,3.01800000,97.34017800,74459,-0.04317183,0.53971859,-93.50109123,0.05254986
3.14081600,2.14332200,166.48248700,Methylamine--Tetrahydrofuran_(THF),0.01144371,3.26700000,77.51841400,80367,-0.03426238,0.50484658,-103.07979480,0.00665754
2.86473100,1.84725000,174.54084000,Uracil--Dimethyl_Ether,0.03917217,6.17700000,101.16827800,76367,-0.05356314,0.68025851,-75.19306952,0.03378885
2.88208500,1.93600900,165.05521600,"Benzyl_Alcohol--1,4-Dioxane",0.02615859,2.20500000,140.76766400,76775,-0.04272965,0.57634002,-89.12082825,0.01121703
2.99243800,2.37108200,121.60628300,Ethanol--Ethylene_Carbonate,0.00550534,4.79000000,79.47500200,76041,-0.05937663,0.67495824,-78.68372985,0.01381320
2.88993600,1.93853800,167.12350000,Benzyl_Alcohol--Anisole,0.02576279,3.37100000,168.46280900,71369,-0.03257063,0.35577728,-52.41925059,0.01363678
2.73850900,1.74759000,174.98942700,Salicylic_Acid--Benzaldehyde,0.06546526,2.26700000,171.38276900,70871,-0.03485610,0.44048317,-72.59722283,0.01529315
2.87491800,1.90653400,173.82647600,Diethanolamine--Vinyl_Acetate,0.03179168,5.28500000,127.65649200,79754,-0.03734157,0.48064647,-82.31593215,0.02379354
2.98867300,1.99066700,169.88938200,Tryptophan--Gamma-Butyrolactone_(GBL),0.01859173,10.05600000,197.48584600,64112,-0.04354633,0.60807282,-91.60821359,0.01171548
3.23191900,2.22629300,179.66927400,Tryptophan--Carbon_Dioxide,0.00693760,4.37600000,163.63158800,66234,-0.04337065,0.56403806,-115.68461641,0.00979712
2.89274800,1.92247500,176.03094800,Phenol--Phenol,0.02738789,3.52200000,144.59050400,69634,-0.02924771,0.31419822,-54.93410629,0.01144566
2.79364700,1.76483600,176.45034200,Cytosine--N-Methyl-2-pyrrolidone_(NMP),0.05934325,4.06100000,141.03428700,70494,-0.03717186,0.44390090,-73.13212475,0.03522889
3.00387600,2.16956400,142.74158000,Threonine--Ethylene_Carbonate,0.01140392,3.47100000,118.13296800,81960,-0.05220394,0.61726641,-83.13369074,0.02092309
3.16894200,2.17260300,166.07590300,Propylamine--Dimethyl_Ether,0.01158177,2.01200000,82.77888500,75592,-0.03584029,0.41904551,-75.67863331,0.01797117
2.91651800,1.96528700,167.01505600,Ethylene_Glycol--Ethyl_Acetate,0.02367510,2.53400000,95.80583200,78109,-0.04901579,0.52012689,-79.42498375,0.01810429
2.70060000,1.76536700,155.20444800,Acetic_Acid--Methanol,0.06308852,1.23500000,56.15964100,78021,-0.09219135,0.85323357,-70.45919636,0.17573883
2.59775600,1.81947700,133.69073800,Hydrogen_Peroxide--Sulfate_Ion,0.27261371,2.12100000,55.60145200,86399,-0.12641327,1.04888985,-48.72948812,0.58552593
3.04990100,2.04900200,170.50545200,N-Methylacetamide--18-Crown-6,0.01785116,6.80800000,220.42844800,71219,-0.03975607,0.47445000,-68.51290774,0.02008938
2.86790200,1.89750900,177.47865600,"Propan-2-ol--N,N-Dimethylformamide_(DMF)",0.02986565,5.76100000,95.88083000,74944,-0.02668610,0.32208454,-70.96527092,0.01507319
2.80885700,1.92587500,143.37322500,Thymine--Methanol,0.03236901,3.56600000,100.76922800,77892,-0.04889866,0.64085377,-106.86709471,0.05366301
3.15788500,2.19315100,157.57145700,Pyrrolidine--Dimethyl_Ether,0.01014936,2.75100000,89.57385000,75621,-0.04295361,0.46735688,-67.04025223,0.00758375
2.74566200,1.76905100,168.24354700,Aspartic_Acid--Anisole,0.05862243,2.64200000,157.59479700,70068,-0.03505972,0.40052628,-58.28366085,0.02783460
2.77495500,1.79120300,174.32774900,Catechol--2-Picoline,0.06725426,3.27300000,151.56295700,69817,-0.03805289,0.65518349,-123.62947338,0.03732324
3.08599900,2.08342600,166.91272300,Dimethylamine--Pyridine,0.02210048,3.41100000,101.28499200,77004,-0.05678726,0.59499346,-66.99959686,0.02087571
2.91583100,1.90312200,174.46882800,Formamide--Propan-1-ol,0.03160434,3.96600000,72.41083700,74801,-0.04198574,0.44732697,-69.63321678,0.02808018
2.76319400,1.73932400,172.87802400,Pyrrolidone--Urea,0.06767036,1.19900000,93.73545000,72740,-0.05151034,0.62802500,-84.36587595,0.09183374
2.88061100,1.92667400,167.80712400,Methanol--Acetamide,0.02282157,6.43400000,60.61430800,78449,-0.03540203,0.41803401,-80.65321037,0.01489924
2.71484100,1.77988400,155.62024500,Salicylic_Acid--Methanol,0.05913489,3.05500000,111.92102600,77226,-0.04952336,0.50855016,-63.65534936,0.05263162
2.77014400,1.79153100,175.92559300,"Trifluoroethanol--1,4-Dioxane",0.05091666,2.87800000,93.22580500,78843,-0.04810948,0.62047194,-102.66681270,0.02893943
3.20044600,2.26091000,164.33509900,Cyclohexanol--Carbon_Dioxide,0.00551525,2.09000000,93.61532100,79838,-0.04367311,0.71882060,-166.16060508,0.01365984
2.77418700,1.74710700,177.41245900,Urea--Acetamide,0.06951256,1.13500000,75.45736600,77681,-0.07009017,0.84244886,-83.35914220,0.18330279
2.68847800,1.71548300,175.13364700,Sulfuric_Acid--Benzaldehyde,0.06014828,5.45400000,126.43988700,63614,-0.05486743,0.70044592,-93.70569799,0.03361831
3.12811600,2.12006000,170.06772900,Propylamine--Pyridine,0.01774610,3.40500000,112.48202000,69353,-0.03460842,0.40890698,-70.04613648,0.01352752
3.08385400,2.07232000,171.41638700,Hydrazine--Diethyl_Ether,0.01770524,1.39700000,79.78464300,75564,-0.04353430,0.82971031,-193.57663283,0.02907642
2.95931700,1.95726000,170.08201300,N-Methylformamide--Ethanol,0.02690832,6.19700000,72.53543700,80628,-0.03923993,0.48705325,-78.58301667,0.02290577
2.74066500,1.75396300,172.64178300,Trifluoroethanol--Pyridine,0.07890695,5.19300000,99.95171100,73762,-0.04574902,0.70843330,-139.03462149,0.05025418
2.86615800,1.89864400,172.95456800,Propan-2-ol--Ethanol,0.03419506,2.24700000,77.74014000,76610,-0.03480040,0.43472536,-78.88525391,0.02422818
2.83467300,1.82355800,168.68847700,Pyrrolidone--Pyridine,0.06054158,3.80600000,120.48042900,74917,-0.04407665,0.48025772,-55.99550316,0.04925311
2.91363100,2.02123700,151.06659100,Glycine--Carbon_Dioxide,0.01837154,1.51200000,62.83721800,85279,-0.06367752,0.76782341,-97.90775741,0.02684483
2.96513900,1.95515500,178.80264400,N-Methylformamide--Dimethyl_Ether,0.02540027,6.48300000,73.02466200,72962,-0.04547777,0.52464088,-74.35076525,0.02237299
2.68304300,1.68643700,174.61618200,"Benzoic_Acid--N,N-Dimethylacetamide_(DMAc)",0.07787472,4.24700000,148.10462200,73083,-0.04275582,0.44477009,-57.42191816,0.04877504
2.73680600,1.74461700,176.86016300,Alanine--Valerolactone,0.06221244,3.37300000,108.28390300,75133,-0.04826004,0.61407956,-79.91604332,0.03835677
3.05429900,2.07184800,160.30353900,Hydroxylamine--Tetrahydrofuran_(THF),0.01674197,1.86600000,70.13360400,76627,-0.04493763,0.43862798,-60.31707755,0.01835708
2.69346000,1.68567400,175.92657800,Cysteine--Pyrimidine,0.10472310,1.65900000,133.67738900,74729,-0.04619960,0.71703147,-152.36644945,0.04582286
2.74025700,1.76228700,171.74478900,"Catechol--N,N-Dimethylacetamide_(DMAc)",0.05752244,5.63400000,139.27755800,77809,-0.04853348,0.58371801,-83.63028003,0.05324036
2.70502300,1.75123200,160.61373900,Glycine--Valerolactone,0.05497432,4.18100000,96.65024900,76459,-0.05958174,0.61719652,-68.39127278,0.05329916
2.70361300,1.65801700,178.82195100,Uracil--Acetamide,0.09564919,5.86500000,106.61908600,76131,-0.05678537,0.83691115,-132.84316953,0.10766191
2.95513000,2.02170500,161.86920200,Benzyl_Alcohol--Acetaldehyde,0.01575637,5.23200000,114.33100100,77517,-0.04313092,0.51846166,-85.00752790,0.00784765
2.79907100,1.82669900,169.82917700,Hydroquinone--Isoquinoline,0.05629690,4.27000000,179.93303300,66831,-0.03453627,0.52783452,-91.49954640,0.01198509
2.89203400,1.93654200,164.82142000,Glucose--Pyrimidine,0.03706149,4.74200000,157.00337600,78116,-0.04821031,0.60692097,-87.59529469,0.04256310
2.88801700,1.87428100,172.81478300,Indole--Isoquinoline,0.05016356,6.47000000,197.70094200,77569,-0.07832178,0.71882086,-57.03625633,0.05162800
2.85301500,1.88071700,175.46515900,"Ethanol--N,N-Dimethylformamide_(DMF)",0.03546250,5.97600000,84.29587600,75934,-0.05659113,0.51318997,-60.84741546,0.03998771
2.93881600,1.97730600,157.49719700,Pyrrolidone--Trioxane,0.02619612,3.37900000,102.01584600,74747,-0.05026717,0.55433115,-69.63586201,0.02012287
2.67014700,1.65578100,178.21789300,Benzoic_Acid--Quinoline,0.11706668,3.31300000,188.73738300,75505,-0.05080949,0.52436861,-53.46205305,0.05218660
2.87101000,1.86464500,170.87709700,Adenine--Morpholine,0.03618559,9.42700000,141.48329900,74608,-0.05057248,0.57670402,-89.70230081,0.02089867
2.97264700,1.96283400,172.76365000,Aniline--Isoquinoline,0.03505709,5.19600000,180.13634100,77551,-0.06204807,0.60005749,-55.82438387,0.02568099
2.76387000,1.77333200,177.47499300,Lactic_Acid--Trioxane,0.05884639,3.51500000,95.71832900,77655,-0.04700715,0.53845302,-78.51044883,0.04150323
2.63503400,1.65258100,165.46458900,"Lactic_Acid--N,N-Dimethylformamide_(DMF)",0.08294932,4.94700000,102.07469800,79136,-0.04855186,0.54956631,-76.02626233,0.06800032
2.99362800,1.98484400,175.29804900,N-Methylacetamide--Propan-2-ol,0.02169048,6.87500000,95.30869500,77792,-0.04159278,0.42123814,-59.10888911,0.01938449
2.64920200,1.65110400,170.53250800,Chloroacetic_Acid--Benzophenone,0.09191348,5.20900000,190.79447300,73235,-0.03789637,0.46755901,-59.40765002,0.03472575
2.88847600,1.92155900,174.72204500,"Propan-2-ol--1,4-Dioxane",0.02925526,2.00200000,101.18721000,77498,-0.03201933,0.35664147,-67.05160307,0.01216718
3.12201500,2.15607700,177.87012500,Resorcinol--Carbon_Dioxide,0.00871850,2.77700000,95.94273500,85589,-0.05692781,0.60140131,-60.36737563,0.00739144
2.71747300,1.68407200,175.11435300,Thymine--Dimethyl_Sulfoxide_(DMSO),0.07659934,6.67100000,132.09714900,75255,-0.04541238,0.73669234,-142.01926585,0.04375487
3.01828700,2.01011300,179.34920800,N-Methylacetamide--Acetone,0.01754253,8.27200000,92.14050800,79316,-0.04076569,0.49755044,-75.42096183,0.01103954
2.76942500,1.78538000,177.25638900,"Butanoic_Acid--1,4-Dioxane",0.05031588,1.95600000,114.40478500,75893,-0.03195518,0.50177888,-95.79603488,0.02221840
3.00664100,2.04804600,155.70493900,Ethylamine--N-Methyl-2-pyrrolidone_(NMP),0.01783268,3.93600000,106.58581800,73154,-0.03339656,0.47127951,-84.95172629,0.01289376
2.72005500,1.76811600,160.91185600,Glycine--Propylene_Carbonate,0.04851536,4.78500000,101.70355000,75232,-0.05649465,0.53483594,-53.75719961,0.04397086
2.83685100,1.86256900,178.31962400,"Resorcinol--1,4-Dioxane",0.03736250,2.89100000,133.30106700,67419,-0.03998101,0.43460290,-60.62467418,0.01760396
2.87673600,1.90674500,174.34961700,Butan-1-ol--Pyrazine,0.04120758,2.23000000,115.31716800,71036,-0.03112596,0.51308690,-139.44425608,0.01951423
2.63526000,1.64523100,167.86087800,"Alanine--N,N-Dimethylacetamide_(DMAc)",0.08518685,3.57500000,117.82328800,75763,-0.05076507,0.46731818,-51.00107557,0.07235134
3.02185900,2.02059600,167.74685400,Tryptophan--Phosphate_Ion,0.06455829,6.81000000,186.15784400,70919,-0.07106957,0.66275979,-51.15861760,0.14629117
3.08427900,2.08025800,173.96334600,Pyrrole--Pyruvic_Acid,0.01371147,4.26900000,102.72346800,78578,-0.03112890,0.39339566,-76.28279338,0.00571826
2.74097200,1.76113900,172.76268300,"Resorcinol--N,N-Dimethylacetamide_(DMAc)",0.05765344,6.75900000,139.21380700,73023,-0.04119067,0.43534834,-55.85187255,0.04040056
2.70762300,1.72118900,169.94844400,Aspartic_Acid--18-Crown-6,0.07262170,1.50400000,242.98947300,65228,-0.04051649,0.94361485,-141.98358593,0.02792770
2.88243400,1.92748800,156.07319800,Urea--Propylene_Carbonate,0.02667350,3.52000000,94.41642900,75693,-0.06785229,0.77451358,-115.25955650,0.04144253
3.13310200,2.22118600,148.62073700,Ammonia--Vinyl_Acetate,0.00988155,0.60100000,71.11237700,80982,-0.03131027,0.34600189,-57.40625480,0.01931554
2.70533100,1.74841800,161.38874800,Lactic_Acid--Propylene_Carbonate,0.05469337,4.17700000,108.91720200,77879,-0.04708657,0.59084890,-81.05072887,0.04161693
2.70245700,1.71527000,172.55346300,Aspartic_Acid--Gamma-Butyrolactone_(GBL),0.06386685,5.26200000,126.29493500,74528,-0.03943230,0.44940698,-64.09742215,0.03207788
2.72589700,1.72528700,176.45626200,Acetic_Acid--Pyrimidine,0.08926288,1.14800000,93.22311800,78495,-0.06633520,0.61445885,-56.55925404,0.08568162
2.93560700,1.97758900,170.03203300,Propan-2-ol--Benzophenone,0.01868918,5.51000000,188.34932200,63609,-0.02976807,0.42651410,-69.06857858,0.01076635
2.65896400,1.70495700,157.57654600,Chloroacetic_Acid--Ethanol,0.07944484,2.97500000,80.30317300,80508,-0.06255962,0.69816994,-66.28069411,0.08295096
2.75730700,1.73099300,176.98134600,Guanine--N-Methyl-2-pyrrolidone_(NMP),0.06636486,1.45300000,162.82337200,65389,-0.04289116,0.53176233,-74.61149227,0.03285527
2.78756200,1.81903900,167.06805600,Citric_Acid--Anisole,0.04461428,3.49100000,182.84865500,70345,-0.03334396,0.47346268,-86.02217155,0.02035705
2.67159000,1.72822500,155.80618900,Glutamic_Acid--Propan-1-ol,0.07406163,2.05300000,129.57910600,78074,-0.05139956,0.45569179,-51.75563670,0.05848650
2.80972700,1.79458200,172.96082800,Urea--Dimethyl_Sulfoxide_(DMSO),0.04935045,0.46500000,89.43821300,78043,-0.05674262,0.64502021,-64.42559476,0.08009007
2.67561500,1.67521800,174.97613800,Chloroacetic_Acid--Acetone,0.08321376,4.37300000,88.52640900,76129,-0.05573298,1.04016674,-186.49623721,0.06103039
2.94996500,1.94894800,169.04751400,N-Methylformamide--Morpholine,0.02829634,6.71600000,100.57551200,76167,-0.04428891,0.75945844,-158.77918162,0.02278321
2.84379400,1.83262700,170.29822500,Formamide--Acetone,0.04492469,1.55600000,69.01946300,70523,-0.04565203,0.47433028,-66.25401010,0.05716511
2.70270400,1.70560100,175.14474900,Glutamic_Acid--Butan-2-one_(MEK),0.07675106,3.69100000,137.85693000,72489,-0.04971115,0.65972517,-93.45219311,0.05494514
2.74104600,1.69386200,175.14166100,Uracil--2-Picoline,0.10633044,7.83300000,142.29357200,72505,-0.05694231,0.57018142,-58.30343609,0.07257537
2.67671400,1.73680500,155.26233500,Glutamic_Acid--Methanol,0.07230300,1.97000000,106.36467400,81004,-0.05880239,0.58914075,-66.44947423,0.09043295
2.66621600,1.64597600,177.23568300,Formic_Acid--Pyridine,0.12391912,4.36900000,86.50159000,83999,-0.09355391,0.78541239,-54.03119107,0.18535272
2.86617300,1.89986800,169.89359600,Propan-1-ol--Isoquinoline,0.04344415,4.96200000,148.01876500,65701,-0.03671835,0.37533798,-54.40502411,0.02163520
2.60209800,1.57701800,178.42322700,Cysteine--Urea,0.12438213,3.70100000,111.60454000,78599,-0.04305771,0.57878137,-117.17809481,0.06384823
2.86354500,1.84169400,171.44416100,Barbituric_Acid--Anisole,0.04422864,1.84900000,154.31782700,68849,-0.05431847,0.52274763,-57.69686396,0.03063448
2.66760400,1.68096800,168.85278400,Cysteine--Cyclohexanone,0.07639747,3.35200000,146.23531500,75784,-0.03911399,0.59682328,-110.60688924,0.02307617
2.83382500,1.86726200,170.99302500,Hydroquinone--18-Crown-6,0.03779649,3.63500000,246.42449800,68436,-0.03424542,0.40902826,-67.42238115,0.01265413
2.70520500,1.70908900,177.22133200,Chloroacetic_Acid--Vinyl_Acetate,0.07150286,3.04500000,104.38423500,79307,-0.07426238,0.91582043,-103.64173738,0.08093280
3.16595600,2.33532900,138.15661800,Methylamine--Pyruvic_Acid,0.01529421,1.33600000,74.05083100,80412,-0.03806857,0.51499606,-98.12072505,0.01960340
2.68388800,1.67301000,176.74554900,Propanoic_Acid--Isoquinoline,0.11024395,3.42100000,149.38185500,67497,-0.04021658,0.55640876,-88.25004546,0.04896037
3.17192500,2.28295200,145.78869900,Piperidine--18-Crown-6,0.00672282,3.97600000,249.28329900,69602,-0.03050944,0.31875853,-61.14091345,0.00911036
3.15170300,2.19368600,156.33395700,Dimethylamine--Valerolactone,0.00869440,5.98000000,90.95034500,78895,-0.04218303,0.50546926,-74.27545184,0.00708955
2.80909400,1.83644300,172.12938200,Benzyl_Alcohol--Quinoline,0.05543645,4.62100000,187.38057100,70116,-0.04140795,0.61056055,-130.07630363,0.01967645
2.81246100,1.85136500,167.72431100,Ethylene_Glycol--Cyclohexanone,0.04157226,4.82500000,109.07558700,75123,-0.04298703,0.45631860,-67.74719528,0.03065183
3.05068300,2.06049400,162.01917800,Hydroxylamine--Acetone,0.01906854,3.11000000,60.01699500,76012,-0.04499315,0.51122443,-90.67746656,0.02478283
2.93101100,1.96163300,176.22852100,Phenol--Ethylene_Carbonate,0.02136787,8.03700000,118.82739600,72069,-0.03656595,0.45319009,-71.05006836,0.01088259
2.56065700,1.63955400,154.27046700,Sulfuric_Acid--Vinyl_Acetate,0.08055122,3.34000000,102.56229500,79810,-0.05497170,0.56359367,-66.98635416,0.07488442
2.84892400,1.87374600,176.27132800,Hydrogen_Peroxide--Anisole,0.03449909,1.64300000,98.61848300,76189,-0.05730377,0.61145348,-76.37506557,0.03889529
2.80511100,1.82062700,176.07399800,Threonine--Ethyl_Acetate,0.04569790,3.97300000,129.64998200,76609,-0.03506388,0.34315393,-54.95069094,0.02401105
2.92805400,1.92048900,172.77912900,Imidazole--Morpholine,0.02950268,7.23000000,110.85521500,79590,-0.03359807,0.56398349,-123.77655211,0.00965564
2.93384600,1.92629500,173.00079400,Adenine--Phenol,0.02852748,8.29500000,152.66991600,66016,-0.05430706,0.61261170,-57.70641519,0.01573084
2.84127700,1.82961700,170.78325100,Formamide--Benzophenone,0.04625445,2.08500000,171.36385700,70916,-0.03285585,0.59353699,-119.46965835,0.02574873
2.87123400,1.92165200,166.52365700,Butan-1-ol--Benzophenone,0.02362223,5.57800000,200.21490100,62184,-0.02961455,0.62220249,-146.57970490,0.01385964
2.89912900,2.01097800,150.98234500,Glycerol--Anisole,0.01907194,1.14200000,138.38049100,71797,-0.03228856,0.37256082,-81.97644332,0.01937786
2.70284400,1.77462500,153.85659400,Oxalic_Acid--Oxime,0.05819636,2.37400000,69.52998700,81731,-0.09320570,0.67324920,-38.38521177,0.11683155
2.89755900,1.93709400,171.13737100,"Methanol--1,4-Dioxane",0.02498968,2.15500000,78.15647200,81539,-0.03855049,0.42021764,-68.25907448,0.01606461
3.01043600,2.00096600,178.40845400,N-Methylacetamide--Benzaldehyde,0.02165197,9.17000000,131.93268100,75240,-0.03894015,0.51422507,-82.84208292,0.00728497
2.95742400,1.94733100,178.60210300,N-Methylacetamide--Diethyl_Ether,0.02616275,6.71300000,107.42911900,74801,-0.04834459,0.42973807,-49.31336916,0.02939411
3.00344100,1.99684500,172.81794000,Acetamide--Ethyl_Acetate,0.02370247,5.91700000,96.87926400,71425,-0.05267661,0.69194682,-76.34923620,0.02626501
2.73148300,1.74864400,172.34554600,Butanoic_Acid--Valerolactone,0.05597660,3.29300000,110.80858100,71901,-0.03437146,0.49574697,-87.16916879,0.02853724
2.91364200,1.89619200,178.65792700,Imidazole--Pyrimidine,0.04566916,6.14400000,108.48830900,86917,-0.07386294,0.64746534,-49.82401523,0.06998902
2.83385500,1.86000500,175.13475400,Glycerol--Acetophenone,0.03744527,4.35700000,146.62133100,75043,-0.04435760,0.53441351,-83.28349258,0.02774854
2.88750400,1.92155700,171.93456400,Butan-1-ol--Pyrimidine,0.03878547,4.29400000,115.32538400,69764,-0.03630896,0.96021783,-171.00040181,0.01887634
2.83496300,1.86581800,171.39116700,Hydrogen_Peroxide--Methanol,0.03292355,2.27400000,35.90165200,92203,-0.06643312,0.69932026,-86.51932826,0.08281361
2.77524000,1.87755400,151.10640100,Butan-2-ol--Urea,0.03897678,4.17900000,92.84696400,78105,-0.04670890,0.77590012,-175.37441301,0.05879025
2.92873100,1.91748800,178.95642700,N-Methylformamide--Diethyl_Ether,0.02979902,6.66300000,96.14334900,74997,-0.04157450,0.55572238,-92.59620878,0.02858279
2.82402200,1.80864600,170.35830100,Cytosine--Hexamethylphosphoramide_(HMPA),0.04021901,4.52200000,204.97865900,66805,-0.03664922,0.38545037,-60.52568353,0.03776127
2.82627300,1.85797800,172.89822400,"Butan-1-ol--N,N-Dimethylformamide_(DMF)",0.03863046,5.88200000,107.73608600,66221,-0.03020156,0.84011406,-180.31338475,0.01530901
2.66258800,1.64857800,175.18864700,Citric_Acid--Isoquinoline,0.12007841,4.74500000,201.71537900,64066,-0.03073798,0.31049192,-60.58545065,0.01823714
2.74100700,1.75284800,176.36346200,Glycine--Ethanol,0.05751597,3.80100000,76.75558300,78878,-0.04750839,0.65483684,-108.23936210,0.04597287
2.67093600,1.66627700,173.51686400,Oxalic_Acid--Benzaldehyde,0.09155159,4.86000000,122.61209800,76893,-0.06692079,0.74350336,-83.19723451,0.05769276
2.96038900,2.05978700,145.79127700,Hydrazine--Acetic_Acid,0.10229213,2.43100000,57.69768100,78351,-0.05653201,0.65594779,-92.51974932,0.14859916
3.08765200,2.19903800,144.74059200,Dimethylamine--Butan-2-one_(MEK),0.01078634,2.25100000,91.03051800,77316,-0.03736687,0.47538942,-90.07236245,0.01417336
3.04931500,2.04263500,174.34283000,N-Methylacetamide--Phenol,0.01822127,6.08800000,123.03114700,73476,-0.04509159,0.51099037,-72.19801506,0.01155741
2.89973000,2.00786900,150.84251800,Cysteine--Carbon_Dioxide,0.01952965,1.90400000,94.15847400,84167,-0.05842107,0.85735972,-149.68756466,0.01898985
2.97373700,2.03862200,150.71667400,"Hydroxylamine--N,N-Dimethylacetamide_(DMAc)",0.01860316,4.05100000,81.12509500,82403,-0.04407103,0.55142727,-102.50029273,0.03905653
2.90197200,1.94197200,171.09659300,Ethylene_Glycol--Valerolactone,0.02166572,7.65100000,90.78678800,79440,-0.05217299,0.60543141,-79.93479736,0.01725640
2.94970200,1.93954800,179.84568900,Indole--Tetrahydrofuran_(THF),0.02650018,5.13900000,145.96382100,73034,-0.04343089,0.46435365,-57.81444469,0.01683602
2.74701900,1.77828700,168.92778500,"Fructose--N,N-Dimethylacetamide_(DMAc)",0.05024131,7.55700000,162.44276900,73513,-0.04060681,0.44701121,-71.96445184,0.03834801
2.72619100,1.74373600,170.84307300,Aspartic_Acid--Pyruvic_Acid,0.06035300,1.90900000,121.53417600,77045,-0.04318735,0.52784373,-86.24860893,0.02947463
3.10690900,2.10021600,179.53824700,Indole--Formaldehyde,0.01210616,5.19000000,113.19796300,81869,-0.07943419,0.73707952,-60.96723534,0.01917809
2.79827400,1.82773700,170.05507600,Hydrogen_Peroxide--Morpholine,0.04308689,2.88100000,75.43403500,80142,-0.05362057,0.48815961,-50.22392348,0.03161734
3.16449400,2.20512200,156.79494600,Ethylamine--Benzophenone,0.00789220,4.87500000,181.19686400,64105,-0.02845867,0.40304347,-83.53282877,0.00628141
2.93399000,2.03265600,153.09357300,Salicylic_Acid--Carbon_Dioxide,0.01725094,3.08300000,109.41244900,81122,-0.06695272,0.99134995,-104.69831398,0.03590108
2.86705600,1.86797700,166.30798100,"N-Methylformamide--N,N-Dimethylacetamide_(DMAc)",0.04051807,8.55100000,101.92073200,72268,-0.05010659,0.55659914,-90.02163975,0.04729496
2.81878600,1.85157200,168.82783100,Hydrogen_Peroxide--Benzaldehyde,0.04047468,4.56500000,95.53416000,78225,-0.05141215,0.57569666,-75.91038419,0.03993986
2.89854000,1.93247100,174.24221000,Butan-1-ol--Acetaldehyde,0.02887646,3.91100000,86.64287800,72173,-0.02763551,0.37462040,-77.48666523,0.00597365
2.91866000,1.91302300,170.63242800,Guanine--Ethyl_Acetate,0.03230194,7.09100000,151.90912100,67144,-0.04911309,0.49240512,-57.99248971,0.02634214
2.86755500,1.85238800,177.37734300,Guanine--Dimethyl_Ether,0.03736638,3.46600000,127.47254800,73693,-0.05896326,0.52857158,-50.97306422,0.03087396
2.88120600,1.90920100,174.05562200,Propan-1-ol--Pyridine,0.04071029,4.11600000,108.04794800,73034,-0.03501166,0.39002740,-62.32313230,0.01633162
2.82409500,1.80369600,171.20281900,Formamide--Pyridine,0.06666691,4.18500000,90.90415100,85269,-0.08964767,0.72045249,-47.13079537,0.14654984
2.85837300,1.85743900,165.56865500,Thymine--Valerolactone,0.04343687,8.65500000,132.07951900,77329,-0.04605294,0.59189645,-82.94593226,0.01526679
2.89877700,1.88612500,174.22942000,Acetamide--Acetic_Acid,0.03639731,2.58700000,73.46378500,75111,-0.05167010,0.66051042,-117.05792746,0.03954900
2.89292700,2.10133500,133.57025600,Pyrrolidone--Ethanol,0.04202236,3.39400000,90.37921400,74662,-0.04277410,0.44522821,-56.70352553,0.04262813
2.95230800,1.93972500,179.39264000,N-Methylacetamide--N-Methyl-2-pyrrolidone_(NMP),0.02636155,9.49300000,119.75554200,74819,-0.04508811,0.49050149,-66.12478488,0.02542800
2.85600900,1.89291400,169.02862600,Glycerol--Tetrahydrofuran_(THF),0.03480467,2.68800000,105.57751600,76573,-0.03610143,0.44307447,-86.82931180,0.01443878
2.72930900,1.76283800,166.87570100,Glycerol--Acetamide,0.05821721,4.58200000,93.10641300,80380,-0.04817392,0.56303459,-84.87470109,0.05982264
2.84136100,1.88461800,166.74788200,Methanol--Butan-2-one_(MEK),0.03618347,3.52700000,74.64163000,74463,-0.03604059,0.44756221,-86.57708193,0.03242860
2.76861200,1.78815400,176.57324400,Fructose--Acetamide,0.05221610,6.40400000,138.87513200,74377,-0.03921609,0.46534806,-87.82465844,0.03270052
3.09332300,2.08844200,173.27296200,Aniline--Trioxane,0.01414917,2.41900000,121.75029800,77379,-0.03649368,0.50538447,-114.50543454,0.00786419
2.80203200,1.82897600,169.65377200,Glutamic_Acid--Phenol,0.04212775,2.16800000,157.12034500,73335,-0.04862782,0.63218506,-74.20109865,0.03476244
2.76392500,1.78830500,169.23836700,Chloroacetic_Acid--Phenol,0.04978012,3.77100000,119.45986700,78719,-0.09189267,7.22397074,-274.20556641,0.04585169
2.71743500,1.73771600,171.56680400,"Trifluoroethanol--N,N-Dimethylformamide_(DMF)",0.06409108,5.72300000,87.85863900,76987,-0.04347945,0.94170424,-159.12293915,0.03207582
2.87914600,1.90938300,174.05911500,Ethanol--Diethyl_Ether,0.03267508,2.64700000,89.76714900,78326,-0.03895181,0.52771059,-92.87200502,0.02944079
2.73424700,1.82652200,151.57397400,Citric_Acid--Phenol,0.04210204,1.68200000,170.97018800,68859,-0.03088982,0.40787634,-111.09139736,0.01439337
3.08275400,2.07059000,172.70186900,Dimethylamine--Formaldehyde,0.01792039,2.03000000,56.69689300,83028,-0.05168013,0.54487140,-75.49511077,0.02324021
3.25890900,2.30359500,155.88433400,Pyrrolidine--Formaldehyde,0.00632350,3.26400000,74.71554900,80130,-0.03747519,0.41385032,-62.15806493,0.00458979
2.98900800,2.04959300,154.13093900,Tryptophan--Oxime,0.01641528,4.83100000,172.39287000,65435,-0.04386855,0.50490085,-77.88706219,0.01091579
2.82741400,1.85426600,171.69514900,Glucose--Vinyl_Acetate,0.03983027,3.83800000,155.59200000,75586,-0.03976393,0.46596185,-81.69650361,0.04122453
2.78698400,1.81884700,170.84891100,Glycerol--N-Methyl-2-pyrrolidone_(NMP),0.04110685,5.26600000,122.98827100,74575,-0.04277231,0.89997499,-161.74159426,0.03714920
2.87932000,1.95518400,156.38237700,Chloroacetic_Acid--Propylene_Carbonate,0.02713922,3.91200000,105.13637800,79631,-0.06549987,0.84371935,-78.89811075,0.01743088
2.63434400,1.60566800,177.51821300,Chloroacetic_Acid--Isoquinoline,0.14396337,5.38500000,150.24927200,71108,-0.06517211,0.60584077,-46.21103106,0.03288962
2.81836600,1.86570100,165.11815900,"Butan-2-ol--N,N-Dimethylformamide_(DMF)",0.03522929,4.56700000,107.49748500,73033,-0.04739279,0.55735025,-75.89504484,0.03336002
3.08773200,2.08628700,169.00176300,Ammonia--Sulfate_Ion,0.01320711,1.60200000,54.98559300,82874,-0.07023404,2.72167530,-257.87115493,0.01264196
2.82342100,1.80817700,172.03932600,Guanine--Cyclohexanone,0.05029651,1.12100000,165.13059600,68705,-0.04327899,0.42743415,-67.18193458,0.02374661
2.88909300,1.92510400,171.62403800,Diethanolamine--Dimethyl_Ether,0.02655885,4.68600000,104.01905200,76094,-0.04973153,0.53116815,-72.21093167,0.02942379
2.95764000,1.94897400,179.63639600,Tryptophan--Benzophenone,0.02199237,8.87000000,288.16357100,62705,-0.03515729,0.49983983,-100.94841358,0.00804310
2.93851900,1.97018100,175.01485900,Hydroquinone--Propylene_Carbonate,0.02112754,6.85400000,134.71045800,67841,-0.03723060,0.58996080,-95.80859431,0.00610418
2.82886500,1.87525700,165.57548700,Butan-1-ol--Acetophenone,0.03751809,4.16600000,149.03173700,62976,-0.02968938,0.38183448,-74.62032345,0.02029245
3.20231700,2.29787800,147.67323400,Ammonia--Gamma-Butyrolactone_(GBL),0.00707956,3.37900000,66.83419700,76081,-0.05116228,0.52656567,-61.64892564,0.01508032
2.71302000,1.69290400,166.50503100,Saccharin--Acetic_Acid,0.08254122,4.71400000,149.99006000,70677,-0.07933973,0.89122682,-78.10030245,0.10839406
2.64631700,1.63197100,172.33155100,Citric_Acid--Quinoline,0.12666737,3.96400000,201.69403000,68999,-0.03280772,0.55547837,-141.52592110,0.02235618
2.95492700,2.00788900,165.36515500,Ethanol--Gamma-Butyrolactone_(GBL),0.01700000,6.89000000,86.09686100,75345,-0.05613223,0.54995589,-67.33694779,0.01024289
3.08053200,2.11668300,174.08050900,Cyclohexanol--Acetone,0.01040482,5.44000000,115.99138900,73533,-0.04014887,0.42787873,-75.86517511,0.01696782
2.65760400,1.66062500,172.01407600,Chloroacetic_Acid--Acetophenone,0.08536633,4.54600000,139.63371200,70870,-0.05645281,0.91335887,-155.20104480,0.06244951
2.76478800,1.78252200,175.04925300,Citric_Acid--Benzaldehyde,0.04769084,5.44500000,179.80010400,64284,-0.02843271,0.38709081,-74.42383674,0.01346679
2.73923700,1.75833600,170.27153100,Threonine--Pyruvic_Acid,0.05653872,1.12800000,119.86548800,79379,-0.04097374,0.71197465,-85.77777813,0.02878845
2.62151400,1.61214800,178.71322900,Butanoic_Acid--Dimethyl_Sulfoxide_(DMSO),0.09653266,2.56200000,110.87834100,75431,-0.03981350,0.59259147,-117.13510352,0.05263032
2.95984400,1.99137200,156.87676500,Hydrazine--Urea,0.05580585,3.32700000,59.58949600,79433,-0.05372385,0.55744635,-67.40287265,0.10186603
2.47001800,1.40435500,173.04986700,Glycerol--Phosphate_Ion,0.18380851,10.00300000,96.49880200,79418,-0.06105750,0.89256297,-133.86989642,0.00243507
2.88873900,1.86973800,178.24135700,Pyrrole--Quinoline,0.05086523,5.45300000,157.74637600,73767,-0.04188554,0.44006379,-64.65761732,0.02523995
2.63966300,1.62601000,179.14415100,Butanoic_Acid--Acetamide,0.10422718,2.55500000,96.92058000,66491,-0.03220775,0.38055928,-82.10335288,0.05863772
3.13112800,2.12719100,169.98789900,Piperidine--Methanol,0.01434863,1.81400000,101.09790800,73777,-0.03753943,0.62770547,-100.02532242,0.00489390
2.81037500,1.87153500,159.99730200,Hydrogen_Peroxide--Trioxane,0.03836527,1.73100000,59.15670600,81330,-0.06578038,0.88122055,-137.79617860,0.03973268
3.14126600,2.16798800,159.97734900,Butylamine--Trioxane,0.01012334,3.14800000,105.81265300,76352,-0.03518804,0.45627034,-79.28366323,0.00480459
2.94310100,2.00939000,161.38172000,Cyclohexanol--Propan-2-ol,0.01659030,3.23000000,119.12325800,77031,-0.04142443,0.69238721,-150.91676172,0.01895385
2.85620300,1.89315700,168.92347900,Glycerol--Methanol,0.03425136,1.56500000,75.64059900,80605,-0.03996998,0.47996421,-74.56305760,0.03375821
2.91336900,1.90596400,169.50660700,Uracil--Phenol,0.03267320,6.46400000,139.91037900,76727,-0.05312768,0.51849234,-54.64253902,0.02341719
2.85702100,1.88991200,172.59180500,Ethylene_Glycol--Benzaldehyde,0.03499607,6.24600000,119.00861300,77503,-0.04941581,0.60001025,-74.91553974,0.02201975
3.04689900,2.04815900,163.98333900,Hydroxylamine--Morpholine,0.02673510,2.88000000,79.71382700,81630,-0.04779860,0.49174466,-69.27232117,0.03149199
2.84102400,1.87479200,169.56168300,Fructose--Tetrahydrofuran_(THF),0.03891290,3.40800000,151.35019400,71318,-0.04194714,0.71704005,-144.21227335,0.02534229
2.80567300,1.85880600,162.71250000,Ethanol--Dimethyl_Sulfoxide_(DMSO),0.03504198,4.17000000,86.12023500,80434,-0.06152624,0.94784761,-159.33872736,0.05720420
2.97351000,1.96730200,173.00215000,Urea--Methanol,0.02249791,3.36700000,57.95969600,82835,-0.06260543,0.81967828,-130.15681524,0.05154329
2.85199000,1.88322400,174.15204200,Methanol--Ethanol,0.03592192,2.94600000,54.66515300,79563,-0.04029964,0.49709557,-89.17433734,0.03574716
3.02390500,2.12189900,147.46449700,Histidine--Phenol,0.01460236,4.94100000,172.20231300,74991,-0.04533752,0.65511586,-78.52806199,0.00718763
2.97897600,2.02830300,166.18666500,Diethanolamine--Valerolactone,0.01631360,6.69400000,123.38240500,76883,-0.04470205,0.48433490,-61.83986318,0.01616836
2.73559900,1.79431300,159.23889800,Ethylene_Glycol--Acetamide,0.05331128,4.75100000,76.82769300,80119,-0.06268575,0.67208481,-95.48639493,0.07630311
2.72867300,1.73808700,173.48263500,Acetic_Acid--Benzaldehyde,0.06783415,3.06900000,115.64743500,69873,-0.06466509,0.62944256,-78.09971628,0.04941412
2.71666900,1.72170800,175.54493700,Glycine--Tetrahydrofuran_(THF),0.07157098,2.88000000,95.11831500,76733,-0.04618912,0.52938809,-81.58428851,0.04785799
3.09225600,2.09272600,166.13804100,Methylamine--2-Picoline,0.02079863,3.22000000,100.75440100,76536,-0.04459799,0.46389214,-57.34719996,0.01775934
3.01960200,2.02568900,167.21774500,Pyrrolidone--Methyl_Acetate,0.02111920,5.92200000,103.61408500,73159,-0.04853809,0.62134420,-115.62892689,0.02598324
2.95095000,2.19014700,130.58847700,Formamide--Pyruvic_Acid,0.09237238,3.63000000,75.79819500,82535,-0.06132748,0.65101339,-74.80656954,0.08850502
2.50433000,1.52683100,162.66340000,Sulfuric_Acid--N-Methyl-2-pyrrolidone_(NMP),0.12796281,4.29100000,114.11159300,77063,-0.05850046,0.65978818,-86.85358978,0.03965139
2.66483300,1.66900700,169.93266700,Glutamic_Acid--Acetic_Acid,0.09377954,2.11500000,119.50925400,81184,-0.05931792,0.78373340,-111.05431691,0.11265738
2.81553000,1.83833200,178.50633500,Glycerol--Benzophenone,0.04262370,4.30000000,197.76724900,72619,-0.03771283,0.52429754,-77.02459105,0.02149672
3.03400100,2.02614900,179.44807200,Indole--Acetaldehyde,0.01723004,6.29500000,124.55199800,79341,-0.05251931,0.55458739,-59.34846232,0.00655153
2.66958400,1.61987500,175.73118600,Saccharin--Urea,0.11071358,5.62600000,151.88091400,73910,-0.07347289,0.99253876,-126.24546806,0.08287937
2.80695000,1.82243900,177.34398400,Salicylic_Acid--Pyruvic_Acid,0.04597735,2.46400000,138.44157300,72357,-0.04239743,0.46100082,-56.39730259,0.01246386
2.73982500,1.75165200,173.25469600,Threonine--Diethyl_Ether,0.06131515,3.16700000,128.33504900,77385,-0.03249072,0.57745947,-103.65251715,0.02388444
2.93090500,1.95434800,161.40876300,Indole--Benzophenone,0.02668915,5.86500000,238.08094400,70645,-0.04028588,0.43545036,-72.27203282,0.01607990
2.95548800,2.02119800,161.69187900,Cyclohexanol--Ethanol,0.01559063,3.13900000,107.61573900,74808,-0.04312887,0.45366650,-61.78144085,0.02228420
2.98714200,1.98357000,170.89688700,N-Methylacetamide--Propan-1-ol,0.02513038,6.66900000,95.49163100,76983,-0.03817819,0.46045641,-86.06128910,0.01908901
2.67288500,1.73564800,156.29965200,Hydrogen_Peroxide--Dimethyl_Sulfoxide_(DMSO),0.06134316,4.59500000,67.41448400,81733,-0.05768843,0.75485546,-93.34978342,0.10222753
2.87055800,1.90364900,172.35635200,Hydroquinone--Trioxane,0.03169098,2.02400000,121.54060700,75702,-0.03782389,0.48636814,-70.43152221,0.01441356
3.12411100,2.12622600,166.39220300,Dimethylamine--Propan-2-ol,0.01131100,2.56100000,82.57277500,77808,-0.04370758,0.53667091,-92.81958277,0.01023405
2.86703300,1.97452000,151.13007600,Fructose--Phenol,0.02511025,3.84400000,172.28342500,65385,-0.03897318,0.63436105,-116.65466046,0.02158342
2.67102600,1.65618700,178.53199900,Propanoic_Acid--Quinoline,0.11723355,3.77900000,149.33793000,67398,-0.03808926,0.43784176,-67.77713486,0.04566942
2.73245300,1.69121500,178.64507600,Cytosine--Urea,0.08289878,3.65100000,108.60882400,75662,-0.05099628,0.55119958,-60.71173259,0.11365546
2.78549000,1.79854500,176.94858300,Salicylic_Acid--Acetaldehyde,0.05214004,1.96700000,120.34753100,72120,-0.05077607,0.70803957,-91.92891890,0.03977339
2.86258700,1.84244000,179.37590400,Tryptophan--Pyridine,0.05596393,7.69700000,207.79339000,67303,-0.04033772,0.47931989,-59.93187707,0.02446759
2.93470600,1.99447000,163.18767600,Propan-2-ol--Vinyl_Acetate,0.01940881,4.14300000,101.96233200,74359,-0.02993844,0.45164567,-89.11990373,0.01367841
2.84271700,1.82487700,172.27731700,Urea--Quinoline,0.06057106,3.46000000,139.57820200,77246,-0.06664882,0.62352538,-54.01288698,0.06238516
2.83930800,1.88372000,166.01456800,Methanol--Acetone,0.03632576,3.40300000,62.97735900,70930,-0.03683497,0.47519851,-82.62158327,0.03096839
2.63730400,1.62255900,171.15574300,Glutamic_Acid--2-Picoline,0.13178080,3.26000000,159.45891300,78865,-0.04368835,0.55958829,-73.85725717,0.05010614
2.84491800,1.87153800,176.57211300,Hydroquinone--Dimethyl_Ether,0.03733180,2.61200000,110.22524400,72557,-0.04464433,0.48138061,-58.71715865,0.02340000
2.86230800,1.89154700,178.23171600,Benzyl_Alcohol--Benzaldehyde,0.03414753,5.76400000,165.35383100,78843,-0.04343724,0.57800754,-100.06017712,0.01847815
2.86969900,1.90543600,172.64129500,"Butan-1-ol--1,4-Dioxane",0.03157077,1.93800000,113.07037600,71682,-0.03530076,0.82607085,-151.03280299,0.02150866
2.81500500,2.12590000,123.66018100,Saccharin--Oxime,0.02571656,4.41400000,143.26053300,75946,-0.06310363,0.79529823,-109.62101456,0.03194854
2.73368700,1.75180600,170.91558700,Glutamic_Acid--Diethyl_Ether,0.05835819,2.27800000,141.47837100,77769,-0.05009339,0.49435372,-52.75212433,0.03743012
2.93692500,1.95753300,162.68785300,Indole--Propan-2-ol,0.02355053,4.54100000,139.04570800,69889,-0.03894711,0.45517516,-63.78908768,0.02164755
2.90442000,1.89317800,171.04061200,Thymine--Anisole,0.03455567,4.87700000,163.39772900,72016,-0.05922747,0.67141110,-74.18752935,0.03850260
2.89582600,1.87577200,177.01257100,Cytosine--Propan-1-ol,0.03571947,2.42400000,116.83400500,72865,-0.04391076,1.00659284,-177.39152383,0.02760023
3.04209600,2.04837600,167.64765100,N-Methylacetamide--Valerolactone,0.01516242,9.85300000,103.67024200,77822,-0.04058201,0.40010069,-55.11694880,0.00761375
2.86347400,1.89205700,175.86904100,Resorcinol--Tetrahydrofuran_(THF),0.03027283,4.43100000,128.28705400,72250,-0.04366611,0.81189185,-127.19940447,0.01214301
2.74840900,1.71070400,178.10939000,Guanine--Isoquinoline,0.09492208,2.51900000,197.03723000,67376,-0.05109714,0.68753197,-73.02864849,0.03436243
2.65316900,1.66939200,168.34762900,"Butanoic_Acid--N,N-Dimethylacetamide_(DMAc)",0.07268004,3.01700000,120.37063500,76017,-0.03438878,0.43348159,-69.89400371,0.04979892
2.95970100,1.96888900,165.36376300,N-Methylformamide--Benzaldehyde,0.02661985,7.82500000,120.64838500,64084,-0.04244600,0.51936864,-92.83132408,0.01339256
2.90960900,1.95983600,165.36501400,Glycerol--Formaldehyde,0.02558312,3.63800000,72.84438300,80058,-0.05060507,0.51736187,-64.86148099,0.04383806
2.89334700,1.88322400,170.38892300,Acetamide--Pyrimidine,0.04789638,5.41400000,97.65476800,77049,-0.07068770,0.64852476,-54.18947835,0.05308969
2.44095300,1.34132400,166.46087600,Formamide--Phosphate_Ion,0.24531149,5.89400000,70.20881400,81582,-0.09115793,1.68476200,-198.75757805,0.01717365
2.81624700,1.83367200,176.62628800,Threonine--Methyl_Acetate,0.04218026,3.53100000,118.08910900,79047,-0.03653959,0.39605639,-63.97183240,0.02018918
2.97794300,1.96915900,174.60464200,N-Methylformamide--Methanol,0.02519440,6.48000000,61.01463800,81162,-0.04001032,0.42767311,-61.98427721,0.02908235
2.78750500,1.75263400,174.05054300,Barbituric_Acid--Diethyl_Ether,0.06682952,2.36400000,126.67564600,75187,-0.04989574,0.62876795,-83.20918126,0.04387351
2.62233300,1.58638500,178.19181800,Chloroacetic_Acid--2-Picoline,0.15531691,5.17700000,121.71919200,75182,-0.06347828,0.80925596,-108.52406517,0.02964337
2.93025100,1.91570600,174.03702500,Aniline--2-Picoline,0.04236863,4.44200000,151.61593100,72325,-0.04096209,0.47187546,-59.45023020,0.01753292
2.69114400,1.69808700,179.10832700,"Chloroacetic_Acid--N,N-Dimethylformamide_(DMF)",0.06629264,7.38800000,98.35278300,78742,-0.05484734,0.78242602,-103.96210006,0.04671934
2.88566100,1.91843100,176.26922700,Resorcinol--Sulfate_Ion,0.02296321,2.70100000,117.90499100,76343,-0.06037543,0.61790563,-68.51645249,0.01608627
2.76308800,1.77145300,178.52545600,Glycine--Acetaldehyde,0.05821763,3.40200000,73.75142200,75097,-0.04919029,0.51964600,-63.98833266,0.04880734
2.79795100,1.82413000,173.60321500,"Diethanolamine--N,N-Dimethylacetamide_(DMAc)",0.04421166,7.05000000,132.89718200,76387,-0.04329049,0.68484553,-144.77397027,0.05269924
2.93939100,1.93194700,170.06128300,Thymine--Methyl_Acetate,0.03095318,4.80300000,125.52830800,77847,-0.04260056,0.80447727,-125.89725923,0.02786834
2.90755200,1.95042600,168.19180600,Diethanolamine--Acetic_Acid,0.05266504,4.15400000,105.02907800,76859,-0.05831501,0.65957974,-84.07437747,0.07651879
2.86769000,1.89373900,176.99220700,Catechol--Gamma-Butyrolactone_(GBL),0.03362213,5.98700000,129.81296600,79578,-0.04055607,0.44863910,-66.28777662,0.01503654
2.58182100,1.62103400,159.79056600,Sulfuric_Acid--Ethanol,0.10951435,2.36500000,78.40105700,80543,-0.05363847,0.62850724,-69.40851312,0.12395594
2.72075000,1.72926900,174.26915800,Lactic_Acid--18-Crown-6,0.06834221,1.63400000,220.59171400,70725,-0.04000023,0.70588452,-140.40169939,0.02591066
2.73982700,1.82770500,152.11845800,Lactic_Acid--Oxime,0.04556213,2.94800000,78.87524500,77965,-0.05060917,0.83433420,-125.45402118,0.05755370
2.81283800,1.78730700,170.83299900,Barbituric_Acid--18-Crown-6,0.05752613,3.12200000,239.74167600,68151,-0.03732120,0.50439739,-115.00319805,0.02444050
3.20132500,2.24910200,155.21755700,Dimethylamine--Ethylene_Carbonate,0.00790970,6.57900000,84.46234200,77926,-0.04316887,0.60048282,-90.05473150,0.00827841
2.87037500,1.85415100,174.12993000,Thymine--Dimethyl_Ether,0.03796337,5.88400000,112.66093800,75013,-0.05265859,0.69915030,-107.71760747,0.02297553
2.82539000,1.85610300,173.76854600,Benzyl_Alcohol--Propan-2-ol,0.04032374,3.36000000,128.73702100,76033,-0.03880020,0.57563950,-104.47443865,0.02034850
2.71150900,1.71849600,176.15800900,Chloroacetic_Acid--Morpholine,0.06920328,3.72600000,108.21994900,76706,-0.06303931,0.67779283,-81.61844710,0.05199418
2.94137400,1.97781100,171.69420700,Catechol--Ethylene_Carbonate,0.02023129,7.39500000,123.37354500,79680,-0.06333799,0.69846052,-77.96193100,0.00456770
2.76203800,1.77457900,176.62327200,"Acetic_Acid--1,4-Dioxane",0.05611856,1.94400000,91.04520900,77323,-0.05489112,0.54687406,-57.88930558,0.04432839
2.79958300,1.82836400,171.49397600,Hydrogen_Peroxide--Diethyl_Ether,0.03960861,2.11500000,71.01300500,79630,-0.03820334,0.51380332,-114.44071713,0.03519837
2.84414100,1.89625800,154.33175600,Indole--Dimethyl_Sulfoxide_(DMSO),0.03240856,5.25500000,147.46375000,71286,-0.05328894,0.73292119,-91.41331843,0.03161222
3.19842200,2.26773700,151.61510000,Ethylamine--Acetaldehyde,0.00744129,2.59200000,67.64049500,80068,-0.02983753,0.40778808,-88.75416446,0.00752406
3.11136000,2.10903100,168.15702700,Ammonia--Pyridine,0.01893873,3.71000000,77.20448900,74192,-0.03608813,0.47278421,-91.77446109,0.01474495
2.92279700,1.93490700,163.84196700,N-Methylformamide--Butan-2-one_(MEK),0.03059800,6.52100000,92.50847700,75579,-0.04026222,0.46323010,-68.97167498,0.02606603
3.09730100,2.14634700,155.09525900,Butylamine--Benzophenone,0.01088532,4.42600000,204.57285600,64718,-0.02819233,0.34240625,-77.31689417,0.00741036
2.78996300,1.80667900,175.80918800,Resorcinol--Isoquinoline,0.06319014,5.91400000,180.01134500,67915,-0.03949739,0.49206247,-65.05067957,0.01763428
2.79138300,1.75514400,176.80203300,Barbituric_Acid--Butan-2-one_(MEK),0.06371826,4.51300000,123.09479900,73736,-0.05694563,0.57222782,-62.58171537,0.05346646
2.88955300,1.92320700,171.52672000,Methanol--Pyrimidine,0.03899341,4.37500000,80.35684000,77262,-0.05096837,0.54182445,-62.46145594,0.04480238
2.73316500,1.74741900,174.65694400,Citric_Acid--Benzophenone,0.05364727,4.08400000,242.19425100,60150,-0.03154441,0.53726445,-129.59671997,0.01214215
2.92154300,1.97644500,161.90339300,Propanoic_Acid--Propylene_Carbonate,0.02504460,4.66200000,104.15258500,77186,-0.03934036,0.43586802,-65.54780216,0.01795382
3.13157700,2.13941500,164.45782600,Propylamine--Acetophenone,0.01282934,4.06200000,141.73018000,66465,-0.03310700,0.40255682,-65.09117958,0.01554930
2.81635800,1.85416700,167.82524300,Phenol--Vinyl_Acetate,0.03899360,4.06200000,129.49813600,70806,-0.03156718,0.36726077,-70.36192785,0.02183734
2.85712700,1.84054200,173.82615600,Tryptophan--Isoquinoline,0.05628973,8.41300000,247.75672700,64069,-0.03812107,0.43289528,-56.86206537,0.02405466
2.71439400,1.75777300,162.14912000,Benzoic_Acid--Gamma-Butyrolactone_(GBL),0.05193706,3.35300000,138.59559500,72800,-0.05433544,0.55642087,-67.99750487,0.04136088
2.97252000,2.02999500,164.38319800,Butan-2-ol--Methyl_Acetate,0.01797892,2.72700000,102.69520200,80711,-0.03721490,0.58677562,-118.47844247,0.02202295
2.95710000,1.94247200,179.99811600,Pyrrole--Pyrazine,0.03821890,3.16700000,113.29035300,81558,-0.06156753,0.61711121,-56.96170474,0.04767760
3.14875000,2.18291100,158.40343700,Butylamine--Anisole,0.00912500,1.14800000,145.22813800,69331,-0.03073018,0.28541965,-42.86169174,0.00913801
3.16087200,2.16261100,166.65348300,"Propylamine--1,4-Dioxane",0.01159134,1.58800000,105.75973100,74707,-0.04058942,0.56070973,-111.67181581,0.01102701
2.81944800,1.88818600,159.10501700,Butan-2-ol--Dimethyl_Sulfoxide_(DMSO),0.03154971,4.00400000,109.32448200,75188,-0.04707540,0.55096334,-59.24587019,0.03758083
2.82590200,1.85210600,170.27008400,Serine--Methyl_Acetate,0.04020034,4.05200000,106.53953900,79603,-0.03384250,0.31995008,-46.18593996,0.02528933
2.92730900,1.91155200,178.62401500,Acetamide--Acetaldehyde,0.03502315,1.38800000,68.98123700,70826,-0.06062679,0.61907982,-75.23151987,0.06054374
3.14006300,2.18129200,172.72507100,Ethylene_Glycol--Carbon_Dioxide,0.00795907,3.01400000,56.95314800,93167,-0.06231154,0.64977184,-80.47623388,0.00875841
2.85089800,1.89500300,166.10237100,Ethanol--Butan-2-one_(MEK),0.03450830,3.64900000,86.16355800,77218,-0.03939147,0.41230723,-67.51111618,0.03616769
2.65420300,1.58921700,178.07348500,Saccharin--2-Picoline,0.15554794,0.95700000,189.82491900,76512,-0.05894613,0.51799663,-42.32440960,0.01026553
2.97592600,1.96522600,174.28310600,Formamide--Anisole,0.02612431,5.15800000,111.95805100,78152,-0.04379876,0.39563338,-43.69593619,0.03064076
2.70388200,1.74744100,161.36840400,Serine--Gamma-Butyrolactone_(GBL),0.05500066,2.82900000,113.09391300,83327,-0.03984558,0.44773603,-65.73712305,0.02830249
2.98428700,1.97672800,177.18686200,Tryptophan--Cyclohexanone,0.01986421,8.70500000,215.81656400,66540,-0.03749515,0.55367752,-105.33741146,0.00390939
2.79195300,1.81980300,169.99515000,Ethylene_Glycol--2-Picoline,0.06035662,4.93500000,112.55654600,73874,-0.04946976,0.60834251,-99.34127097,0.03712718
2.86009400,1.83901100,174.82602100,Cytosine--Diethyl_Ether,0.04396041,2.53100000,128.76274800,70088,-0.03873863,0.50133035,-89.35576501,0.02215686
2.96683900,2.01100300,154.82372100,Methylamine--Dimethyl_Sulfoxide_(DMSO),0.02090702,2.87300000,78.94202800,78421,-0.04550259,0.68614733,-111.92522522,0.03804258
2.76713400,1.85257900,146.60228500,Thymine--Propan-1-ol,0.04501403,3.60500000,123.95972700,75975,-0.03449711,0.36227551,-62.13438223,0.03974966
2.99681200,1.99414800,165.82325400,Hydroxylamine--N-Methyl-2-pyrrolidone_(NMP),0.02132652,4.25500000,87.63705900,77571,-0.04505292,0.44356755,-56.03755929,0.01826201
3.15488300,2.17904600,160.06308000,Ethylamine--Valerolactone,0.01014888,3.52400000,90.44120600,72780,-0.03392518,0.42797298,-89.76771171,0.00698391
3.10461200,2.12748200,160.78301500,Histidine--Butan-2-one_(MEK),0.01352751,7.91100000,152.88300500,71042,-0.04074990,0.41347925,-53.46539540,0.02098646
2.83086000,1.85386300,172.05622800,Propanoic_Acid--Ethyl_Acetate,0.04026640,3.46100000,104.16338900,78795,-0.04021884,0.60627915,-113.44130830,0.02643347
2.70396000,1.69839200,179.04645900,Salicylic_Acid--Pyridine,0.09967664,0.99000000,153.47619500,76946,-0.04161449,0.57003679,-90.05787319,0.04497796
2.93689800,1.92733700,174.42738800,Urea--Benzaldehyde,0.02907013,1.08900000,117.60593200,80550,-0.06237040,0.56820328,-48.58375756,0.04574107
2.74554000,1.75673100,178.27885400,Acetic_Acid--Propan-1-ol,0.05770108,2.52700000,79.28383400,76566,-0.05307657,0.55144683,-68.68593048,0.06772505
2.92436700,1.91183300,179.99218200,Imidazole--Diethyl_Ether,0.02979331,6.30600000,106.41569000,77156,-0.03353731,0.53383693,-104.05776643,0.01942257
2.73732800,1.75175100,171.38527100,"Alanine--1,4-Dioxane",0.06352852,1.94200000,111.83893000,74073,-0.05463829,0.94885725,-130.51199723,0.04607168
2.91702500,2.02330300,151.47695200,Acetic_Acid--Carbon_Dioxide,0.01807931,1.86800000,53.67264400,86196,-0.09260586,1.13525434,-109.36063582,0.04919600
3.03946000,2.04970800,166.08483400,N-Methylacetamide--Trioxane,0.01677024,5.46900000,95.60619600,76858,-0.05067432,0.51884420,-67.03502559,0.01513188
2.68524200,1.69400800,167.87398900,Glutamic_Acid--Pyrimidine,0.09864244,2.21600000,143.50454000,78232,-0.04822001,0.45018362,-52.68039877,0.06836819
2.91835800,1.95166600,172.67521700,Diethanolamine--Benzaldehyde,0.02694826,6.72700000,151.63578300,73541,-0.04123728,0.51821000,-88.75477853,0.01767578
2.78125500,1.75395700,179.74628800,Barbituric_Acid--Benzophenone,0.04977090,5.01500000,213.67679900,70202,-0.04136933,0.39695034,-44.41432270,0.02161566
2.82821200,1.80511500,173.86835700,Cytosine--Acetone,0.05132834,2.49200000,113.42972200,73486,-0.04265095,0.48012293,-59.90868667,0.03434034
3.05259800,2.09674300,155.49488800,Butylamine--Acetamide,0.01609206,3.50800000,99.85175400,76088,-0.03239923,0.36277018,-67.83227138,0.01433552
3.24475400,2.31013500,152.06335100,Pyrrolidine--Ethylene_Carbonate,0.00636867,6.51100000,102.43635600,73258,-0.04451759,0.53956066,-78.88827759,0.00337175
2.82230000,1.84236700,160.75390700,Histidine--Propan-1-ol,0.06248096,4.84900000,144.68242700,73355,-0.03924509,0.38889881,-52.77964371,0.05088569
2.98559100,1.99614800,165.50645600,N-Methylformamide--Anisole,0.02219684,5.55200000,123.73653900,69397,-0.03937996,0.46599308,-69.72174537,0.01839017
2.82232400,1.79450500,174.37436700,Formamide--2-Picoline,0.07129859,4.69700000,102.38301900,73971,-0.05195842,0.46017726,-43.60938396,0.07307430
2.75052000,1.78053700,169.96019000,Glycerol--Urea,0.05295257,4.95500000,90.63640800,81253,-0.03705817,0.39440191,-58.03192195,0.05765854
2.86217100,1.93017600,159.77569300,Glycerol--Oxime,0.05541778,2.45300000,81.94847700,83272,-0.03887676,0.44893743,-72.56273040,0.06254721
2.72346200,1.72835000,177.23971300,Glycine--Butan-2-one_(MEK),0.06746125,4.33300000,96.73139900,76895,-0.04042357,0.47159414,-71.76289976,0.04002262
3.03079500,2.09650100,161.34802900,Glucose--Ethylene_Carbonate,0.01417563,2.55500000,144.67624400,79820,-0.05599102,0.82144351,-126.68427355,0.03948194
2.76951800,1.79157900,176.84818100,Ascorbic_Acid--Diethyl_Ether,0.04994690,8.40200000,150.68144500,74199,-0.05573314,0.77799975,-105.03786508,0.03997083
2.72712300,1.73350200,178.14647800,Salicylic_Acid--Acetone,0.06629534,2.05400000,131.66067800,74116,-0.04219761,0.74825100,-136.17889978,0.03561574
3.13659500,2.18477600,154.89824400,Hydrazine--Pyrazine,0.01337711,2.22300000,81.81632600,76789,-0.04089010,0.50120414,-82.60124765,0.00564433
2.75061300,1.77007400,178.78490200,Phenol--Dimethyl_Sulfoxide_(DMSO),0.04939744,7.03100000,125.35821600,72252,-0.03385287,0.59652010,-121.99639813,0.01915222
2.96969200,1.95848400,179.98012800,Imidazole--Dimethyl_Ether,0.02469550,6.12400000,83.29102600,79445,-0.04400382,0.47657084,-62.78946152,0.02180642
2.79136100,1.76221900,175.91405900,Guanine--Pyrazine,0.07794611,4.40600000,152.58726200,71571,-0.05513437,0.58908691,-65.50812385,0.05921413
2.69623400,1.75193800,156.81048900,Benzoic_Acid--Ethanol,0.06672447,1.87300000,118.76172300,70554,-0.06342336,0.63116989,-61.51821746,0.08321994
2.59519300,1.64434200,160.89723600,Sulfuric_Acid--Propylene_Carbonate,0.08174332,6.07100000,103.30215000,79486,-0.07043119,0.66584555,-54.56248249,0.09705894
2.91583000,1.99632700,157.82276000,Methanol--Propylene_Carbonate,0.02089002,7.52800000,79.58063500,79197,-0.04195355,0.48491873,-78.27340449,0.01398912
2.91658700,1.98767400,157.82011400,Glycine--Ethylene_Carbonate,0.02384782,4.90700000,90.14172200,78176,-0.06204579,0.67547113,-67.16364588,0.02631634
3.07485200,2.07055800,173.27652900,N-Methylacetamide--Methyl_Acetate,0.01627864,2.73700000,97.14762600,72622,-0.04785719,0.63122645,-86.15291086,0.02345305
2.75848100,1.85245000,151.54732300,Benzoic_Acid--Phenol,0.04343141,2.41200000,157.97747600,69965,-0.04268563,0.43420230,-53.98723637,0.04185805
2.96786100,1.95824700,179.29760400,Tryptophan--Dimethyl_Ether,0.02439676,6.30400000,178.09399100,66022,-0.04739332,0.57186111,-62.57533759,0.01838648
2.80551400,1.79434900,168.85571300,Thymine--Benzophenone,0.04895047,7.47500000,222.69691300,62751,-0.03494079,0.48730676,-84.22036060,0.01847597
3.05302000,2.10663700,153.13517100,Hydroxylamine--Gamma-Butyrolactone_(GBL),0.01457780,4.33700000,71.55164900,74197,-0.04764231,0.52998072,-75.87324401,0.01307999
2.80990200,1.84556200,169.62679100,Benzyl_Alcohol--Acetophenone,0.04184494,4.87300000,176.64085500,69243,-0.04119342,0.59456159,-92.70090840,0.03383137
2.72842800,1.80913700,147.35250100,Guanine--Methanol,0.06230542,5.43700000,115.61933800,72601,-0.05820227,0.58739955,-77.31743005,0.07288520
2.95015800,1.93950500,179.09524500,Indole--Acetophenone,0.02702709,7.13400000,186.96299100,80094,-0.04908907,0.53153617,-69.80182562,0.02524954
2.87035900,1.90090100,174.61697300,Ethanol--Tetrahydrofuran_(THF),0.03220631,3.16700000,84.59546500,73617,-0.05472335,0.72313831,-122.11379092,0.02825006
3.18812700,2.20127300,163.30689600,Dimethylamine--Ethyl_Acetate,0.00902008,1.42600000,95.98030000,76788,-0.05219655,0.77685052,-144.36945646,0.01560562
2.87778600,1.92193100,167.28342000,Hydroquinone--Anisole,0.02860087,2.08200000,160.97643500,66022,-0.03543584,0.45829706,-79.70544826,0.01555632
2.83975200,1.86543300,176.29989100,Resorcinol--Dimethyl_Ether,0.03867558,3.58900000,110.29388400,72116,-0.04058097,0.47678340,-98.15085517,0.02354338
2.91583100,1.90604400,177.96730200,N-Methylformamide--N-Methyl-2-pyrrolidone_(NMP),0.02649922,9.76200000,108.47328400,75888,-0.03638609,0.45909683,-88.96232882,0.02310381
2.92441400,2.01173500,156.51212300,Ethanol--Phenol,0.01599191,1.77400000,105.41980000,72381,-0.04766483,0.47601444,-53.82893646,0.01056108
3.04487200,2.06370900,163.89068600,Pyrrole--Methyl_Acetate,0.01613676,0.76300000,100.93879200,79230,-0.03327817,0.52166830,-98.48041515,0.00812673
2.86882700,1.85392000,179.68513300,Adenine--Tetrahydrofuran_(THF),0.03782953,9.03200000,131.86203800,74197,-0.04574692,0.53396895,-69.37390363,0.02805584
2.93358100,1.92055600,178.44702800,Pyrrolidone--Benzaldehyde,0.02989132,1.85800000,138.39950400,74263,-0.04496687,0.47860836,-56.10993397,0.02117948
2.79253100,1.81808200,169.71808300,Hydrogen_Peroxide--Pyrimidine,0.05945482,2.81600000,73.05740900,85852,-0.09074072,0.72625758,-49.47299789,0.12558987
2.79494700,1.81604200,170.63799600,Butanoic_Acid--Formaldehyde,0.05081441,0.70000000,76.57685400,80622,-0.04006009,0.49616726,-73.20869892,0.03917663
2.84866600,1.90454000,162.64565700,Propan-2-ol--Acetophenone,0.03342335,4.48800000,137.18058000,74040,-0.03073798,0.57605854,-104.04047878,0.01669290
3.17211800,2.18192000,164.29347400,Propylamine--Trioxane,0.01026352,2.96200000,94.08308400,76865,-0.04116516,0.44460444,-69.75448222,0.00437663
2.75826700,1.82811900,157.78675200,Diethanolamine--Dimethyl_Sulfoxide_(DMSO),0.04123746,5.94600000,123.48903800,75982,-0.04809179,0.57163764,-83.76466348,0.06828019
2.84665900,1.93254000,155.59717200,Ascorbic_Acid--Anisole,0.02704062,7.78900000,178.40171800,67640,-0.05047077,0.97514648,-162.39248280,0.02012343
2.84461200,1.87150800,171.97036700,Ethanol--2-Picoline,0.04890243,3.92400000,107.85920900,76399,-0.03897089,0.59932395,-101.72728044,0.03325747
3.19132700,2.29705500,146.01670200,Propylamine--Acetone,0.00620266,2.17700000,90.59125500,80298,-0.03959077,0.43523658,-62.61408308,0.01307155
2.65658200,1.63403800,176.92316500,Formic_Acid--Isoquinoline,0.12929396,4.69700000,126.45393100,78877,-0.09415204,0.83983319,-62.91974793,0.08737684
2.94894500,2.00898700,162.49095000,Resorcinol--Diethyl_Carbonate,0.01996429,2.64300000,151.35943100,71842,-0.04141744,0.54354467,-76.15543975,0.01490847
2.82852200,1.85579200,171.97231000,Glycerol--Pyrazine,0.05017304,1.92800000,112.85659600,78837,-0.04610875,0.58749255,-81.96004166,0.03642093
2.84049200,1.87082500,170.76249000,Glycerol--Pyrimidine,0.04659999,3.12200000,112.86470600,77732,-0.04493133,0.69338092,-104.04244065,0.02865147
3.07115000,2.08228900,162.32499100,Pyrrolidine--Quinoline,0.02245621,3.54200000,159.20933600,65485,-0.04705566,0.45416859,-49.98810578,0.01704175
2.86281600,1.89503500,173.54313600,Methanol--Methanol,0.03452828,2.67700000,43.14415000,79032,-0.04911964,0.77423786,-137.69585241,0.04689440
2.70779900,1.71796600,171.73616500,Glycine--Acetophenone,0.07072503,6.69900000,136.18357000,70308,-0.03735410,0.44711415,-64.52622695,0.02537801
2.75411900,1.76566600,176.02350400,Formic_Acid--Dimethyl_Ether,0.05350323,3.05400000,56.85208500,80721,-0.05215029,0.70061541,-122.29417038,0.06287411
2.70954400,1.71529800,175.14634200,Citric_Acid--Acetone,0.07072920,3.19500000,139.94422500,70714,-0.03321287,0.33677065,-54.50730374,0.02982397
2.83677500,1.81611100,178.85926300,"Pyrrolidone--N,N-Dimethylacetamide_(DMAc)",0.04952779,3.95400000,119.70149700,70469,-0.04696831,0.48739827,-68.80647553,0.04870203
2.78998800,1.76052700,179.40336400,"Barbituric_Acid--1,4-Dioxane",0.05527524,1.15800000,126.58869400,75502,-0.05764102,0.74257177,-89.00002813,0.03867700
2.84700700,1.86351600,162.02152000,Histidine--N-Methyl-2-pyrrolidone_(NMP),0.03795861,7.67400000,168.80103200,75052,-0.04775285,0.50862573,-63.98832153,0.02673469
2.82408500,1.84863700,171.85553300,Butanoic_Acid--Oxime,0.03829169,1.60600000,85.71263300,78922,-0.04043381,0.81605683,-137.65165142,0.01912415
2.74820000,1.77568700,168.15558800,"Hydrogen_Peroxide--N,N-Dimethylformamide_(DMF)",0.05599237,5.37900000,65.44606200,73295,-0.04637436,0.54844921,-73.61188190,0.05513341
2.70023100,1.70268900,173.97124900,Lactic_Acid--Benzaldehyde,0.07877510,5.54000000,132.02652900,75119,-0.03999856,0.42631876,-60.68782317,0.04208119
2.93465900,1.96956200,173.53566200,Butan-2-ol--Benzaldehyde,0.02402505,5.53200000,137.53433800,71568,-0.04142701,0.67476227,-151.34773970,0.01501575
2.92161500,1.90939200,177.98566500,Imidazole--Acetophenone,0.03039891,8.65900000,142.23807700,77552,-0.04674743,0.50286861,-62.03933956,0.03563522
2.68102300,1.73836800,155.93035200,Alanine--Propan-1-ol,0.06999365,0.62700000,100.17598100,75972,-0.04739214,0.44081181,-51.83050896,0.06874840
2.88788700,1.95936100,159.13652500,Ethanol--Vinyl_Acetate,0.02540975,2.83800000,90.30650900,81096,-0.03950450,0.42267882,-64.32400612,0.03052853
3.16477300,2.18205500,162.82139000,Ammonia--Benzophenone,0.00816330,4.96700000,157.56488600,71390,-0.03207045,0.37580413,-62.74644053,0.01019041
2.98047400,2.11546700,142.17798700,Thymine--Carbon_Dioxide,0.01292618,4.45600000,98.25623300,88215,-0.06377370,0.68177470,-72.55824663,0.02866141
2.86026200,1.88940700,174.30396800,Ethanol--Ethanol,0.03572519,2.41000000,66.17011200,78198,-0.05347913,0.59500442,-95.43122834,0.04713873
2.80134000,1.81868500,176.68145300,Resorcinol--Pyridine,0.06028263,5.17000000,140.04880600,72489,-0.04466747,0.53866130,-67.12484288,0.02606238
2.87064500,1.85651100,177.99378600,Adenine--Propan-2-ol,0.03690705,8.92700000,124.94755800,76850,-0.04458416,0.74474872,-153.18120349,0.02094306
2.99284600,2.04124500,167.20495300,Propan-1-ol--Ethylene_Carbonate,0.01574300,8.02700000,91.27046200,79096,-0.04228910,0.49714728,-80.50344077,0.01949352
3.15979300,2.14785000,174.79402500,Ammonia--Dimethyl_Ether,0.01060498,2.52000000,47.50322400,76897,-0.03747173,0.44992309,-84.03283916,0.01297496
2.71260800,1.73786800,170.38697600,Fructose--Dimethyl_Sulfoxide_(DMSO),0.07270243,5.77600000,152.99516200,71568,-0.03909275,0.45609110,-61.77595399,0.04511981
2.73675700,1.74355000,175.68470700,"Formic_Acid--1,4-Dioxane",0.06448627,2.25700000,79.81890100,76187,-0.05648937,0.71348310,-116.18501145,0.06333455
2.93830900,1.97631300,170.80058700,"Cyclohexanol--N,N-Dimethylformamide_(DMF)",0.02188830,6.47400000,125.75407200,74834,-0.03536831,0.39471147,-62.55027087,0.01990887
2.88669000,1.92931300,168.82598600,"Butan-2-ol--1,4-Dioxane",0.02849251,2.01400000,112.85445600,75283,-0.04410604,0.51456170,-107.73051998,0.02431498
2.71993900,1.74133300,170.33949200,Trifluoroethanol--Acetophenone,0.06433846,3.99500000,129.18909600,68901,-0.04316522,0.56493023,-83.93875641,0.03256678
2.91543700,1.94740100,176.53847200,Ethanol--Trioxane,0.02626822,1.97500000,77.92429800,76259,-0.05128902,0.62347744,-86.45137024,0.02530067
2.84049100,1.89034200,163.37399500,Diethanolamine--Quinoline,0.04405536,5.09000000,173.69290900,69090,-0.05848342,0.55850400,-58.84974512,0.02731418
3.47308900,2.65943000,130.74093000,Ethylamine--Ethylene_Carbonate,0.00208552,4.86400000,83.91744200,76948,-0.05139487,0.57257499,-80.18544349,0.01320775
3.00121800,1.99441000,176.74713500,Tryptophan--Acetic_Acid,0.01790485,6.89600000,179.14585200,70140,-0.03879206,0.42416239,-56.26060514,0.01168228
2.74044900,1.82993900,151.61313400,Serine--Phenol,0.04635004,1.87700000,132.49781700,73034,-0.03199476,0.35362821,-65.88832240,0.03429797
2.69725800,1.76329100,154.92019100,Butanoic_Acid--Ethanol,0.06274009,0.91500000,91.02168400,77805,-0.03026118,0.39049244,-88.51940786,0.04317781
2.67791700,1.68092900,173.04242300,Lactic_Acid--Cyclohexanone,0.08105783,4.34400000,122.17664600,76617,-0.04261800,0.52992660,-75.17670289,0.04956983
3.14926800,2.16030000,164.68304200,Piperidine--Acetic_Acid,0.01014111,2.78500000,114.12929900,80239,-0.02593801,0.30925956,-58.94183309,0.00606172
3.06036000,2.05013000,170.21447600,Methylamine--Quinoline,0.02449409,2.84600000,129.19470300,66418,-0.04292170,0.56368347,-82.68465729,0.01565438
2.95620900,1.99005600,174.35595300,Cyclohexanol--Dimethyl_Sulfoxide_(DMSO),0.01753532,6.36600000,127.65706200,75643,-0.05248039,1.47653516,-214.64511145,0.02273141
2.71750600,1.72895800,177.05453400,Salicylic_Acid--N-Methyl-2-pyrrolidone_(NMP),0.05692911,2.77800000,159.32027400,71416,-0.04017096,0.56235571,-99.62138291,0.03834113
3.10320400,2.10880800,165.25561300,Propylamine--Benzophenone,0.01326157,4.02900000,192.85933000,67248,-0.04251109,0.53583105,-82.84662685,0.01490602
2.68828800,1.69443500,170.26139200,"Oxalic_Acid--1,4-Dioxane",0.08086436,2.54900000,97.99067100,80573,-0.06692370,0.70588979,-63.88328717,0.05300648
3.20549200,2.26873200,153.13983800,Piperidine--Propylene_Carbonate,0.00762369,6.91900000,137.52144800,78708,-0.03579526,0.45809917,-84.89430823,0.00616541
3.03821200,2.11137600,160.12835400,Propan-1-ol--Pyruvic_Acid,0.01090496,3.55100000,92.97986600,79724,-0.03980124,0.77476080,-171.76845496,0.00461145
2.63866600,1.82132700,134.50888900,Saccharin--Benzophenone,0.04523168,5.00500000,258.91457900,69066,-0.03454672,0.47639503,-76.37695327,0.02506291
3.15868800,2.15738500,168.12672900,"Methylamine--1,4-Dioxane",0.01061003,1.53100000,82.56545700,77327,-0.04345878,0.48972906,-68.83555599,0.00641867
2.75976700,1.79954000,164.42759800,Hydrogen_Peroxide--Cyclohexanone,0.04988848,3.70600000,85.58904300,75928,-0.04634392,0.68963877,-111.26112998,0.04073638
2.67840700,1.66635500,176.26065400,Chloroacetic_Acid--Pyrazine,0.11409305,3.05800000,105.82451300,75557,-0.07574787,0.93354217,-100.72834725,0.10140464
2.82010600,1.85463300,166.59101500,Threonine--Diethyl_Carbonate,0.03972650,2.41400000,146.32338200,77873,-0.04554146,0.48396338,-71.86860969,0.02484373
2.65781900,1.71066000,155.98834200,Cysteine--Propan-1-ol,0.07902472,1.40400000,119.80299500,77526,-0.04041104,0.48198308,-63.75048477,0.04335614
2.76475900,1.73527900,177.32720500,Acetamide--Urea,0.06900524,1.13700000,75.45717500,79971,-0.07066244,0.60056127,-49.00829369,0.17762610
2.78620700,1.75208100,173.17390500,Cytosine--Quinoline,0.08213944,3.68400000,175.24471000,76203,-0.08052089,0.82449654,-69.75430590,0.09127267
2.79778900,1.83232100,170.86783400,Butan-1-ol--Dimethyl_Sulfoxide_(DMSO),0.03907057,5.57200000,109.62225000,72118,-0.03034848,0.40958252,-63.74405059,0.01774744
2.81760900,1.96350200,140.14424700,Acetamide--Pyruvic_Acid,0.06100716,4.30200000,87.04158300,78226,-0.05200790,0.56012236,-62.99511490,0.08357804
2.76054800,1.81523500,161.21418400,Trifluoroethanol--Gamma-Butyrolactone_(GBL),0.04603132,5.06500000,89.66044300,80287,-0.05100307,0.59403821,-92.45564711,0.02424390
2.83571800,1.81171000,178.86318900,Adenine--Pyrimidine,0.06377208,8.61500000,139.12632200,76109,-0.08169219,0.81031983,-73.96259249,0.07214482
3.06431200,2.05440900,171.89277200,Piperidine--Pyridine,0.02430956,3.40500000,142.83327500,72432,-0.02991108,0.36873985,-67.75521232,0.00795400
2.52692400,1.53220600,166.09614900,Fructose--Phosphate_Ion,0.11435901,10.73200000,142.47429500,77297,-0.08023645,0.90087458,-82.94776002,0.09267859
2.91067700,1.94427900,173.82997900,Catechol--Acetic_Acid,0.02105939,3.20300000,111.49387700,76296,-0.03739744,0.77727933,-151.53582714,0.00972693
2.82113800,1.80448000,175.04482000,Guanine--Valerolactone,0.04683579,3.34500000,146.78127600,67635,-0.05191571,0.55509257,-62.79261444,0.02672872
2.76923000,1.74995500,171.59300200,"Guanine--N,N-Dimethylacetamide_(DMAc)",0.06229335,1.66200000,156.30890100,69913,-0.05057991,0.71861508,-98.18906878,0.05499021
3.19170600,2.24634300,153.81496400,Pyrrolidine--Oxime,0.00757118,1.23400000,83.76723600,81173,-0.04239949,0.49555579,-75.35969606,0.01310200
2.69578400,1.75906900,155.35763400,Propanoic_Acid--Ethanol,0.06411595,1.09700000,79.36770000,82356,-0.03884731,0.51035526,-93.06011214,0.06804063
3.09804200,2.09678900,167.60332800,"Ethylamine--N,N-Dimethylformamide_(DMF)",0.01433744,5.00200000,88.75151900,74911,-0.02825400,0.35112218,-70.31886734,0.01073214
2.76461500,1.78982400,168.87434500,Lactic_Acid--Phenol,0.04963588,4.67800000,123.21721400,74968,-0.04649596,0.52195860,-73.54965792,0.03516249
3.15233400,2.19363700,173.00006600,Benzyl_Alcohol--Carbon_Dioxide,0.00746878,2.00800000,103.32135300,77865,-0.05710143,0.69788232,-86.53079148,0.00498537
2.72665500,1.88434900,137.85217300,Saccharin--Gamma-Butyrolactone_(GBL),0.03552693,6.11900000,168.24343000,72368,-0.06071027,1.15991957,-186.89599862,0.03399599
2.68795400,1.69549400,172.10905700,Cysteine--Propan-2-ol,0.07748688,0.80500000,119.56737000,76058,-0.04462149,0.67930421,-122.44516528,0.04553652
2.86530100,1.90500600,169.23318400,Ascorbic_Acid--Gamma-Butyrolactone_(GBL),0.02697836,11.51500000,147.10107000,75086,-0.05240231,0.97375229,-172.49195638,0.02276508
2.81224100,1.84554300,170.23894600,Trifluoroethanol--Oxime,0.03844399,2.87800000,64.64472900,86046,-0.05303303,0.55837102,-62.63348038,0.03603163
2.82022000,1.79488000,175.66311600,Cytosine--Butan-2-one_(MEK),0.05310475,2.54400000,125.06203200,73373,-0.04121871,0.39903316,-53.31727231,0.05036342
2.79099400,1.82971700,167.75276600,Trifluoroethanol--Acetic_Acid,0.03742179,3.33000000,71.39092800,83779,-0.04641069,0.71125173,-99.41131995,0.02783736
2.96767900,2.00349800,158.69127900,Pyrrole--18-Crown-6,0.02297272,3.38800000,224.28781200,72566,-0.03867301,0.43361997,-67.83248929,0.01695448
2.91049000,1.96788100,160.77690100,Threonine--Propylene_Carbonate,0.02627613,5.84300000,129.64863600,75303,-0.03796584,0.39171318,-54.23833708,0.01439738
2.71491000,1.73244800,157.06576300,"Saccharin--N,N-Dimethylformamide_(DMF)",0.07312745,3.73700000,166.36244300,76788,-0.05851393,0.71649006,-93.74809910,0.04793559
3.06499600,2.06114500,167.26082400,Pyrrolidine--Isoquinoline,0.02373119,3.95000000,159.22769500,68295,-0.04666507,0.54025166,-60.74912099,0.01384830
2.75696600,1.77165900,172.18293400,Glutamic_Acid--Pyruvic_Acid,0.05887247,1.50300000,132.94563100,77943,-0.05571150,0.61933894,-84.59963192,0.04495504
2.69732900,1.75956600,155.81878300,Benzoic_Acid--Propan-1-ol,0.06283229,1.41600000,130.46502500,75248,-0.04438318,0.49740232,-68.49007120,0.04951387
2.96086000,1.96692800,166.99883800,Pyrrolidone--Methanol,0.02250227,3.75900000,78.75467300,75477,-0.04857496,0.48894568,-57.70701021,0.02952427
2.67414500,1.66785100,176.18956700,Oxalic_Acid--Diethyl_Ether,0.09002676,2.99500000,98.08091500,81071,-0.04779383,0.44354865,-54.23450470,0.04850322
2.81108200,1.79428000,172.55013300,Guanine--Acetophenone,0.05270172,1.11200000,186.33165400,64898,-0.04636532,0.42711623,-46.20416679,0.03170128
3.05111500,2.11599600,162.29815500,Glycerol--Carbon_Dioxide,0.01190212,2.50300000,73.17909800,84726,-0.05852402,0.72832280,-91.75285937,0.02204263
2.67214600,1.72424400,156.80523600,Aspartic_Acid--Methanol,0.07448952,0.94200000,94.97405600,77740,-0.04717501,0.44783599,-53.05947089,0.05888624
2.93552300,2.00892400,159.61338000,Butan-1-ol--Propylene_Carbonate,0.01990796,8.04100000,114.56759900,69519,-0.04137974,0.53124781,-84.35088494,0.01359719
2.97152700,1.96075800,178.26419900,Imidazole--Benzaldehyde,0.02504680,8.57400000,130.92243100,80925,-0.06437824,0.58402842,-52.42458178,0.02114522
2.96651300,2.08922100,149.01753000,Fructose--Methyl_Acetate,0.01466378,5.81700000,146.32345400,73411,-0.03961738,0.50765248,-94.49632964,0.03313333
2.96791100,1.96270600,172.65262300,Pyrrole--Morpholine,0.02486404,5.30000000,115.66284200,76976,-0.03093103,0.40339626,-88.91888899,0.00833756
3.23141200,2.26810200,157.62006600,Propylamine--Oxime,0.00699429,1.33500000,77.02149800,78932,-0.04603279,0.48967789,-69.37537206,0.00993351
2.50876400,1.52876900,158.45571100,Ethanol--Phosphate_Ion,0.12696872,6.67200000,75.11353400,80455,-0.09482894,0.89397868,-59.24201122,0.19754717
2.84310300,1.82983900,170.46998200,Uracil--18-Crown-6,0.04439405,3.47900000,237.37096100,69522,-0.03840680,0.40373635,-64.13641510,0.01759638
2.82891200,1.87371300,166.64939800,Ascorbic_Acid--Acetone,0.02965842,8.31900000,135.46289700,75518,-0.04715701,0.47402737,-62.23477022,0.02351660
2.76536800,1.74683300,170.17362600,Uracil--Hexamethylphosphoramide_(HMPA),0.05290382,8.47500000,200.46959800,70492,-0.04476929,0.73893743,-103.22141594,0.04917883
2.82501100,1.85039800,173.58690800,Ethylene_Glycol--Pyridine,0.05299934,5.57300000,101.10282300,76000,-0.06040788,0.65070700,-72.54584271,0.05267371
2.89469700,1.94415900,163.05589800,Aspartic_Acid--Ethylene_Carbonate,0.02844162,5.96100000,119.81658800,76605,-0.04475555,0.60633339,-94.29499799,0.01867738
2.87165800,1.89979100,178.86056700,Diethanolamine--Morpholine,0.03141988,5.64600000,131.58498000,75173,-0.05092596,0.69045864,-85.76784025,0.02204473
2.95885200,1.95689900,169.17730500,Acetamide--Morpholine,0.02850068,3.71700000,100.00887800,72104,-0.05273018,0.52003664,-54.41573521,0.02989010
3.01755300,2.01144900,173.33994500,N-Methylacetamide--Methanol,0.02040504,6.61200000,72.29327200,80055,-0.04593637,0.51453157,-75.49241789,0.02220163
3.15480100,2.16246600,165.56629200,"Ammonia--1,4-Dioxane",0.01030749,1.82400000,70.50902100,79908,-0.04015387,0.62829225,-119.30982422,0.00793258
2.80806900,1.83055200,177.91223700,Resorcinol--Diethyl_Ether,0.04369297,3.75600000,133.40246300,73980,-0.03612790,0.52878611,-74.49728551,0.02870390
2.91294200,1.99250500,158.51021700,Butan-1-ol--Phenol,0.01835987,1.88300000,128.85333900,63663,-0.03181552,0.58084888,-76.89542574,0.00726654
3.18381900,2.19350100,165.38513300,Piperidine--Cyclohexanone,0.00823132,4.75100000,150.86484200,74626,-0.02401951,0.31663454,-63.93729828,0.00144995
2.77745100,1.80299300,168.68280600,"Glutamic_Acid--1,4-Dioxane",0.05050390,3.11500000,141.31090000,77330,-0.04971098,0.59958570,-72.68293028,0.06025090
2.69757300,1.70822200,171.63038100,Serine--Acetone,0.07024041,2.36300000,101.51368800,78101,-0.03398126,0.50125048,-130.98580077,0.03200918
2.66161600,1.70609800,157.24617500,Formic_Acid--Propan-2-ol,0.08004991,1.77000000,67.94000300,78343,-0.05443890,0.51786893,-58.73099486,0.09562143
2.83549100,1.80948500,177.98733800,Uracil--Acetaldehyde,0.05288944,5.76200000,97.65374100,75384,-0.06148896,0.68334258,-73.87798513,0.05261384
2.80797200,3.14736800,61.45377700,Ammonia--Phenol,0.06206547,4.15200000,86.32000900,72058,-0.04819859,0.59471630,-85.14824579,0.04678394
3.53902200,2.69514100,133.57560900,Butylamine--Ethylene_Carbonate,0.00597467,5.18000000,107.27733300,74085,-0.05802257,0.86445260,-139.45431019,0.01182421
2.88564400,1.93192400,155.76094200,Urea--Valerolactone,0.02632117,2.64000000,89.36279100,78093,-0.06028542,0.70138581,-97.13457999,0.03137650
3.15735500,2.20056100,171.63035600,Methanol--Carbon_Dioxide,0.00723228,2.09100000,40.69864400,95763,-0.04672903,0.55605544,-82.59773093,0.00944748
2.87164300,1.95475100,156.71445800,Butan-1-ol--Vinyl_Acetate,0.02644584,2.89100000,113.74852600,69395,-0.02923912,0.52574071,-116.58043129,0.01863938
2.97133100,2.00894400,173.73859300,Butan-2-ol--Trioxane,0.01751241,3.59700000,101.19275900,77470,-0.04063350,0.52514611,-85.46228762,0.01648992
3.03975300,2.05460800,161.05033700,Hydroxylamine--Diethyl_Ether,0.01630792,1.84200000,75.32871200,82704,-0.03310457,0.38244093,-66.77885214,0.02219940
2.67503700,1.68562300,173.88960300,"Glycine--N,N-Dimethylacetamide_(DMAc)",0.06494354,5.72100000,106.18707000,74013,-0.05037297,0.70218833,-116.41480985,0.06452726
2.58276200,1.58201200,166.52698500,Acetic_Acid--Dimethyl_Sulfoxide_(DMSO),0.11040586,2.58500000,87.67105300,78006,-0.06679719,0.87687556,-107.56432755,0.15417273
2.86575600,1.90466200,168.18122700,"Fructose--1,4-Dioxane",0.03293257,4.75800000,156.44225100,73043,-0.04182308,0.51607782,-83.91407283,0.02987765
3.05640700,2.04575600,169.95274500,Hydrazine--Isoquinoline,0.02461327,3.28000000,126.34497000,61793,-0.03636955,0.50838609,-84.47472392,0.01211017
2.95426100,1.93318900,179.74162500,Barbituric_Acid--Formaldehyde,0.02580671,3.28000000,88.86860200,83903,-0.06843504,0.70260589,-60.58665231,0.03114967
2.74496700,1.83734400,152.32270600,Hydrogen_Peroxide--Propan-1-ol,0.04614183,2.10300000,59.12733400,80857,-0.04605143,0.67032601,-138.76394903,0.04766038
2.74939800,1.85607500,149.62092600,Aspartic_Acid--Phenol,0.03732628,1.78800000,145.75065500,67212,-0.03559368,0.78816012,-176.17770089,0.01853570
2.82084800,1.79983700,173.15210300,Thymine--Acetaldehyde,0.05316878,4.29300000,109.13568400,76071,-0.05060933,0.63469961,-85.29865823,0.04354336
2.87035700,1.86291200,170.70699100,Pyrrolidone--Benzophenone,0.04062419,2.54500000,200.92063400,67684,-0.02932238,0.43387540,-79.63529363,0.01470750
3.02165600,2.05123800,160.45705600,Aniline--Propan-2-ol,0.01573550,3.35400000,121.47438600,77976,-0.03267051,0.37410790,-64.93818907,0.01419761
3.05097000,2.09254800,172.17708600,Propan-2-ol--Ethylene_Carbonate,0.01293415,5.09700000,91.09375800,78037,-0.03574364,0.37834854,-58.97518296,0.00646007
2.81614200,1.79092300,177.83413100,Thymine--Gamma-Butyrolactone_(GBL),0.05356607,5.43300000,131.99091100,72839,-0.04670144,0.67362158,-98.84536191,0.04305576
2.73652300,1.69932100,170.56912500,"Barbituric_Acid--N,N-Dimethylformamide_(DMF)",0.08276673,6.32300000,121.13135800,80027,-0.05766629,0.55827812,-62.86159588,0.06493848
3.05688400,2.09290400,156.46868200,"Hydroxylamine--1,4-Dioxane",0.01650210,0.68900000,75.16203900,77113,-0.04178323,0.59005394,-137.34180663,0.01259829
2.84839300,1.89249500,165.02321400,Fructose--Pyrimidine,0.04395376,6.86700000,158.70952600,76865,-0.04447868,0.45448096,-62.04415310,0.03374697
2.85097400,1.87846100,176.34667500,Propan-1-ol--Propan-2-ol,0.03689847,2.79600000,89.31508700,77678,-0.03106389,0.42861955,-85.90356788,0.02031032
2.88190800,1.91254500,176.30517700,Hydroquinone--Butan-2-one_(MEK),0.02437301,4.58000000,129.75487700,71673,-0.03113692,0.43354278,-74.06212924,0.01197258
2.80839700,1.84347900,169.01565300,Ethylene_Glycol--Acetophenone,0.04291882,5.44800000,130.29369400,75251,-0.04183600,0.43509315,-55.34658104,0.03707298
2.77763600,1.79338400,177.24013600,Acetic_Acid--Dimethyl_Ether,0.04730511,2.11000000,68.08032000,75725,-0.05995716,0.60742589,-68.70761155,0.06361291
2.98880400,2.10713300,144.75413700,Pyrrolidone--Propylene_Carbonate,0.01416034,9.93400000,115.25055300,70992,-0.04203094,0.55195852,-79.41776526,0.00443055
2.97232600,2.04336100,151.64813200,N-Methylformamide--Propylene_Carbonate,0.01936249,8.37400000,97.40715200,76964,-0.05079170,0.51451405,-59.66760214,0.01752455
2.73356100,1.74622800,171.75094000,"Threonine--1,4-Dioxane",0.06492017,2.48000000,128.16171800,76079,-0.03947319,0.52959055,-87.45811240,0.02666153
2.81686700,1.79993400,174.26987500,Pyrrolidone--Dimethyl_Sulfoxide_(DMSO),0.04831660,1.97100000,110.21692700,69241,-0.05420322,0.55579878,-50.27388934,0.05030839
2.83129900,1.80655500,171.81811400,Cytosine--Pyrazine,0.06571784,1.64000000,130.79101400,81255,-0.07681332,0.78455387,-63.42010083,0.07594043
2.98929900,2.08729500,147.48974000,N-Methylacetamide--Vinyl_Acetate,0.01624609,5.56700000,107.91477000,79328,-0.03370812,0.43385660,-69.65284909,0.01905015
3.00509300,1.98256200,173.63399800,Hydroxylamine--Isoquinoline,0.03253312,3.21700000,121.84628200,76315,-0.04236791,0.56503070,-93.84447048,0.02037682
3.13723700,2.23230900,147.34104500,Pyrrolidine--Anisole,0.00713645,0.58100000,140.23361100,70075,-0.04126375,0.43360997,-55.47185061,0.01815770
2.90889700,1.94664100,170.04663500,Fructose--Pyruvic_Acid,0.02576323,5.65400000,148.07831800,69521,-0.03866425,0.43903410,-72.43101413,0.02342642
2.72882600,1.74445000,169.70055400,Threonine--18-Crown-6,0.06700647,4.53300000,241.31673200,71726,-0.03324012,0.26461153,-40.35433601,0.01614671
2.75724900,1.77978300,168.53423600,Threonine--Trioxane,0.05688799,2.40100000,116.47217500,80654,-0.04163009,0.66537729,-96.07066290,0.02572609
2.70622300,1.71508500,170.81295200,Chloroacetic_Acid--Dimethyl_Ether,0.07638722,2.36500000,80.60569400,76881,-0.07330235,0.73847410,-66.01081286,0.06831069
2.80140300,1.83063700,168.94793800,Acetic_Acid--Phenol,0.04177659,2.94300000,106.83006400,78827,-0.05722997,0.64038485,-70.17442488,0.02776569
2.99456400,2.15975900,137.69973900,Ethylamine--Acetamide,0.05405396,2.86800000,76.47768900,75058,-0.03182099,0.59379034,-141.95457678,0.04097814
2.80301700,1.83708700,156.62352500,Thymine--Propylene_Carbonate,0.03803865,3.85100000,137.07383000,69856,-0.04246879,0.51058500,-66.79233394,0.01104000
2.83548500,1.81668400,175.89515800,Acetamide--N-Methyl-2-pyrrolidone_(NMP),0.04811796,1.73800000,107.89995200,72447,-0.05723133,0.62801080,-72.23664353,0.05024082
2.90148100,1.93585700,175.00437200,Methanol--Valerolactone,0.02266198,6.13900000,74.55787100,75214,-0.03534658,0.39222012,-74.23132502,0.00983328
2.82521700,1.84395300,177.52768600,Acetic_Acid--Ethyl_Acetate,0.04008680,2.89200000,92.48996600,78838,-0.04434845,0.50601937,-76.13913680,0.03583659
3.11443200,2.12372600,164.64396400,Histidine--Gamma-Butyrolactone_(GBL),0.01348092,9.14700000,152.76294100,70084,-0.04511359,0.73824097,-98.75790629,0.01594621
3.16213700,2.19477900,157.62205000,Hydroxylamine--Methyl_Acetate,0.01008804,2.51000000,65.04893500,77909,-0.05822033,0.56158704,-59.32510903,0.01622793
2.65820300,1.63681400,178.39302700,Serine--2-Picoline,0.12775714,5.05100000,134.75559200,70581,-0.03687120,0.57379431,-108.31111748,0.03368848
2.79375300,1.84904100,162.04809700,Ascorbic_Acid--Dimethyl_Ether,0.04029444,8.15900000,127.63661900,74276,-0.05221219,0.62200283,-73.11812082,0.01862217
3.09144500,2.08495200,169.08465500,Methylamine--Isoquinoline,0.02124736,3.80400000,129.23567900,64661,-0.03942554,0.46178407,-66.88203588,0.01122096
2.69419100,1.71082000,168.51468900,Benzoic_Acid--Benzophenone,0.07211199,2.94100000,229.29124200,70634,-0.03361372,0.39108616,-52.19740692,0.02369379
3.03478200,2.04232700,167.63468200,Indole--Ethyl_Acetate,0.01826814,1.02300000,152.41673800,75793,-0.04837645,0.62614179,-98.85495740,0.00512315
2.72190000,1.72780600,175.58963000,Formic_Acid--Vinyl_Acetate,0.06552348,2.76800000,80.54649800,80162,-0.05396791,0.57010108,-61.61655037,0.07303678
2.87674100,1.91577300,169.61917800,Catechol--Dimethyl_Ether,0.02616790,2.28700000,110.40931800,77373,-0.05122857,0.71168701,-90.33568402,0.02549665
3.14550100,2.47749800,122.44095000,Hydroxylamine--Propan-1-ol,0.02055651,1.49600000,63.49802900,81678,-0.03877792,0.55370180,-118.08711212,0.01951016
3.14150300,2.17351700,158.38264400,Propylamine--Ethanol,0.01125508,2.47600000,82.28636100,78068,-0.03030042,0.48983934,-127.17580708,0.00404408
2.85452700,1.82922900,177.18171300,Cytosine--Cyclohexanone,0.04822087,3.33600000,143.31713700,74665,-0.04075472,0.48928793,-72.09193773,0.03272005
2.87144000,1.86225100,176.41356200,Tryptophan--Hexamethylphosphoramide_(HMPA),0.02912838,9.52700000,277.49186700,67464,-0.03854542,0.66717467,-139.15418874,0.02927351
2.95783800,1.96074800,168.63343800,Adenine--Pyruvic_Acid,0.02158926,8.32800000,128.59060000,75793,-0.04351603,0.49490970,-62.48917985,0.01036419
2.96777800,2.14873700,136.79258100,Formamide--Propylene_Carbonate,0.01234243,10.06800000,85.68402500,75838,-0.04558937,0.62111347,-85.63058582,0.01040234
2.99361700,1.98369000,179.63883400,Indole--Dimethyl_Ether,0.02224911,4.52600000,128.02162500,75076,-0.04985956,0.47725540,-51.31247339,0.00823619
2.79693700,1.81466800,173.11872100,Formic_Acid--Oxime,0.04449798,2.02400000,51.17640500,86468,-0.07626019,0.94632889,-129.72954387,0.07602602
2.70357600,1.70579800,179.57813700,Aspartic_Acid--Diethyl_Ether,0.07568589,2.84100000,129.96011200,73581,-0.03655516,0.35288859,-48.12347955,0.04646280
2.96359200,1.95368800,177.83478900,Pyrrole--Acetophenone,0.02535288,6.61300000,147.05148200,76448,-0.04395519,0.45367657,-54.55364272,0.03154711
2.81143500,1.83538200,175.63234200,Phenol--Diethyl_Ether,0.04295590,3.64300000,128.93146100,71231,-0.03565889,0.37041647,-56.48874978,0.03751930
2.87827700,1.90828500,175.54761100,Ethanol--Propan-1-ol,0.03213362,3.21200000,77.86712000,80567,-0.04570974,0.55284022,-80.09456144,0.02149277
2.78939500,1.80573200,176.06638800,Chloroacetic_Acid--Methyl_Acetate,0.04711954,2.64300000,93.58049200,78796,-0.07920827,0.90563954,-82.98466617,0.03515190
2.84095100,1.87695600,169.53738700,Fructose--Morpholine,0.03603774,4.47300000,161.00102500,76674,-0.03700460,0.49251592,-82.77620389,0.02584725
2.64505300,1.63280900,178.26399900,Salicylic_Acid--Acetamide,0.10174236,3.06300000,129.32307200,73391,-0.04782195,0.52760089,-74.01594515,0.09044735
2.69056600,1.69466700,179.61696500,Formic_Acid--N-Methyl-2-pyrrolidone_(NMP),0.06489989,5.08500000,92.35390200,72545,-0.05359422,0.59762873,-69.89354968,0.04832873
3.13630600,2.12610300,173.73438900,Ammonia--Formaldehyde,0.01238988,2.01300000,32.68820600,83068,-0.03992389,0.62574530,-130.81199224,0.01777043
2.83714900,2.08296500,129.87519600,Ammonia--Phosphate_Ion,0.18810704,6.91200000,56.48313900,86975,-0.09928209,0.95441263,-66.21405490,0.21380456
2.83200600,1.86959300,169.09224200,Butan-2-ol--N-Methyl-2-pyrrolidone_(NMP),0.03679249,5.01900000,125.32651600,74775,-0.04056651,0.34690393,-44.80822340,0.02409479
3.00547400,1.99829900,177.43749400,Pyrrole--Sulfate_Ion,0.01868459,2.53700000,95.57587700,85904,-0.05595414,0.90681470,-144.87520515,0.01605234
2.96667800,1.99637200,159.48692200,Pyrrolidone--Formaldehyde,0.02535580,2.18400000,75.88442400,77418,-0.04997094,0.46374890,-49.58247469,0.03496367
2.71893400,1.74748300,167.68266700,Trifluoroethanol--Butan-2-one_(MEK),0.06170836,3.34400000,89.72929700,80198,-0.04613020,0.43950896,-65.74580112,0.04142831
2.83967600,1.82258600,177.14433100,Guanine--Diethyl_Ether,0.04320801,3.37900000,150.58681400,67651,-0.04274784,0.57325934,-75.35306116,0.02949417
3.13366000,2.12858800,169.34399900,Butylamine--Pyrazine,0.01759215,1.50300000,119.67989400,74199,-0.03522015,0.46189668,-72.76655019,0.00808273
2.84378000,1.81861900,176.63164600,Cytosine--Acetophenone,0.04982027,3.89600000,164.52573500,72695,-0.05228889,0.53659255,-58.48107860,0.04647568
2.52701800,1.47298100,166.17070400,Pyrrolidine--Phosphate_Ion,0.15219176,9.48700000,97.22664600,79714,-0.06987110,2.21170382,-250.92351984,0.04733924
2.67350800,1.68465900,168.27491600,Threonine--Benzophenone,0.08112071,1.99700000,215.31514400,67485,-0.03465823,0.50936776,-106.69880283,0.03044233
3.10683300,2.14219300,157.28954800,Hydrazine--Vinyl_Acetate,0.01614989,1.82800000,80.27149200,80092,-0.04251797,0.44592082,-64.51746034,0.02863226
2.87152700,1.89895900,174.12862600,Ethanol--Pyridine,0.04233853,4.21100000,96.39577400,75326,-0.05907378,0.55977430,-57.09378355,0.04596616
2.89301200,1.97382800,157.03684700,Ascorbic_Acid--Ethyl_Acetate,0.02325152,5.58800000,152.09121600,72900,-0.05503347,0.60514048,-66.04045526,0.02128878
2.89565900,1.93041400,170.94397400,Fructose--Trioxane,0.02904051,6.67600000,144.73258400,77537,-0.04035618,0.40016467,-59.88736585,0.02382507
2.93511700,1.95094100,163.14260300,Histidine--Acetaldehyde,0.02885294,4.07100000,129.91962100,78781,-0.04402511,0.49887494,-71.42561754,0.02025865
3.22077800,2.28276700,152.83744900,Propylamine--Ethylene_Carbonate,0.00644729,5.34800000,95.68004400,76808,-0.04809757,0.58422085,-113.29411975,0.00441234
2.81163100,1.83428800,171.89103500,Alanine--Oxime,0.04085935,1.94200000,83.20116900,79508,-0.05282026,0.53511020,-61.97803098,0.02891410
3.16649700,2.15328600,173.34746800,Propylamine--Pyrazine,0.01479896,1.61200000,107.94219300,73297,-0.03567907,0.44667373,-72.06686358,0.00079331
2.71032100,1.70539700,176.55052600,Threonine--Pyrazine,0.09787130,2.34100000,130.36996200,72480,-0.03629685,0.51183770,-74.91189887,0.03174085
2.77032200,1.78698400,169.81226300,Formic_Acid--Formaldehyde,0.05761032,1.71300000,42.02394300,92318,-0.11196454,0.94570402,-67.28621691,0.18859875
2.65072100,1.64260300,176.13376400,"Aspartic_Acid--N,N-Dimethylformamide_(DMF)",0.09771808,5.60400000,124.41363900,70399,-0.03634044,0.46763018,-73.74090461,0.04313193
3.04074400,2.02381100,172.10960100,Hydroxylamine--Propan-2-ol,0.02236000,1.65800000,63.19496900,78550,-0.04451236,0.56145965,-110.17231917,0.02046433
2.85101000,1.82890000,179.03467800,Histidine--Isoquinoline,0.05841275,6.90200000,203.09769000,65423,-0.04309849,0.56866852,-81.68120709,0.01977645
2.77557600,1.96820900,134.46727100,Guanine--Pyruvic_Acid,0.14862414,6.09500000,142.12604100,73066,-0.05306044,0.62403286,-66.88489929,0.01453998
3.17592000,2.28947100,144.90631100,Ethylamine--Acetone,0.00646207,2.08300000,78.92775500,75438,-0.03839836,0.48817434,-97.77161563,0.01406675
2.91681900,1.96812500,165.14746600,Ascorbic_Acid--Pyruvic_Acid,0.02097808,6.34500000,142.32838100,78888,-0.06096727,0.72267639,-68.05192416,0.01749058
2.95805400,1.99314300,156.70364600,Ammonia--Dimethyl_Sulfoxide_(DMSO),0.02183057,2.61900000,66.88076200,79024,-0.05548968,1.00299219,-198.07765551,0.04992844
2.66449600,1.66712500,174.59193700,Butanoic_Acid--N-Methyl-2-pyrrolidone_(NMP),0.08089858,3.50300000,126.88056900,72974,-0.03296073,0.51067123,-80.03774140,0.03370746
2.79148600,1.76384300,175.44952400,Uracil--Butan-2-one_(MEK),0.06195314,7.04700000,120.61271200,73368,-0.04375923,0.50965068,-70.16242382,0.03182140
3.09429200,2.08758900,179.48954400,Tryptophan--Formaldehyde,0.01275751,6.98000000,163.27601300,67201,-0.04191604,0.49736964,-63.77063259,0.01173230
2.85967400,1.89197400,178.05012800,Benzyl_Alcohol--Acetone,0.02723898,4.66900000,125.62217000,77236,-0.03305128,0.40783561,-75.37626805,0.01145381
2.79753300,1.83293500,166.39426700,Benzoic_Acid--Anisole,0.04141228,2.82300000,169.89371600,74817,-0.06143645,0.66129341,-85.50112149,0.02593177
2.72905800,1.73663100,177.17891400,Glutamic_Acid--Vinyl_Acetate,0.06506562,2.71200000,142.01244000,79303,-0.04459971,0.65379811,-122.51960140,0.03912489
2.71855200,1.74396800,166.05422800,Serine--18-Crown-6,0.06643744,2.48900000,229.76768100,72064,-0.04155895,0.62367401,-87.41926591,0.02023163
3.20191600,2.21114500,164.36697600,Dimethylamine--Cyclohexanone,0.00758720,4.79100000,109.31960100,77377,-0.04041536,0.56481184,-87.64678077,0.00267899
2.70800300,1.71514900,177.03449600,Chloroacetic_Acid--Propan-1-ol,0.06770731,3.51300000,91.90158800,80201,-0.06303299,0.68526315,-86.58225955,0.05350240
2.96819700,2.02782800,163.63063500,Hydroquinone--Ethylene_Carbonate,0.01711958,6.14600000,123.14044500,77088,-0.04634664,0.71884689,-127.58342583,0.00475371
2.80182200,1.78007400,171.33313200,Uracil--Benzaldehyde,0.06006349,7.06400000,148.70299900,73744,-0.04409497,0.49109399,-58.96607675,0.02663544
2.85533300,1.83633300,175.85398400,Indole--2-Picoline,0.05741856,5.56000000,169.19062600,68225,-0.03558866,0.50507488,-83.88613479,0.03066831
2.66580200,1.71547000,156.96842600,Lactic_Acid--Ethanol,0.07644985,2.27200000,84.04972700,79406,-0.04485421,0.51038858,-70.77095314,0.07393032
2.77681300,1.87033500,151.96510400,Benzoic_Acid--Oxime,0.04117526,2.31900000,113.57145700,81673,-0.06325368,0.55672914,-47.50291211,0.07980828
2.82021300,1.87006800,162.51118800,Fructose--Isoquinoline,0.04814014,6.70700000,203.18140000,71769,-0.04407691,0.37702522,-46.24306527,0.04108530
2.79715500,1.82526100,175.30984400,Catechol--Hexamethylphosphoramide_(HMPA),0.03245867,5.65600000,209.81910700,67568,-0.03689227,0.50343426,-92.52336962,0.01366612
3.00783300,2.00366800,172.37800500,Imidazole--Ethyl_Acetate,0.02147837,2.55000000,107.72449900,77024,-0.04776161,0.59010030,-106.45941954,0.02143633
2.73496800,1.74308500,177.33549300,Lactic_Acid--Dimethyl_Ether,0.06292091,4.29300000,84.43531000,77751,-0.04413281,0.46389039,-61.87625484,0.05467325
2.96489500,2.33786200,118.71864400,Propylamine--Acetic_Acid,0.11790817,2.12900000,83.65681400,73482,-0.03783578,0.78856295,-147.67646769,0.06671718
2.80203300,1.84498900,154.84576500,Saccharin--Propylene_Carbonate,0.03980824,8.49100000,173.28869200,76843,-0.04924090,0.52627806,-58.64872520,0.02433930
2.88768600,1.86701800,178.37514000,N-Methylacetamide--2-Picoline,0.05242209,7.24000000,125.44716100,71798,-0.03974253,0.45058274,-60.83580857,0.02859311
2.74332900,1.70080000,173.76477900,Thymine--Quinoline,0.10183500,7.61600000,182.25924600,73038,-0.05424173,0.51154685,-50.73446812,0.05695621
2.66551000,1.67334300,178.55304200,Citric_Acid--Hexamethylphosphoramide_(HMPA),0.06111348,4.99300000,231.52203700,69843,-0.03263811,0.39977285,-60.21225850,0.02453002
2.86077700,1.84841000,177.43392800,Adenine--Acetamide,0.03254776,11.78300000,119.35066000,78055,-0.04765855,0.62347280,-71.89488994,0.02661546
3.11895100,2.18729400,151.24845500,Pyrrolidine--Butan-2-one_(MEK),0.01058368,2.96300000,109.02095800,76621,-0.03504495,0.56009845,-125.47416865,0.01262948
2.71031700,1.72076200,177.91711400,Acetic_Acid--N-Methyl-2-pyrrolidone_(NMP),0.05782189,3.92100000,103.57816200,73113,-0.06168742,0.85987427,-101.90143159,0.03889700
3.16485300,2.17148800,165.12746100,Dimethylamine--Benzophenone,0.00910559,4.61800000,181.64485400,73717,-0.03441196,0.38436410,-55.57667345,0.01210463
2.85503900,1.87706500,159.89881900,N-Methylformamide--Acetamide,0.03998362,5.99000000,78.43824600,78131,-0.04705380,0.53501868,-70.27049059,0.04087562
2.68398800,1.68549300,168.76986900,Benzoic_Acid--2-Picoline,0.10535461,2.94800000,160.29573300,79091,-0.05613404,0.58935970,-63.60081571,0.05348435
2.69506600,1.70725700,171.01909600,Glutamic_Acid--Benzophenone,0.07223917,4.82600000,228.40883500,72268,-0.04467563,0.91582060,-151.03097907,0.03276066
2.81125100,1.90320100,154.05976100,Trifluoroethanol--Propylene_Carbonate,0.02912872,6.36900000,94.67635000,78447,-0.05773596,0.55602596,-62.37197958,0.02286133
2.57150900,1.56454200,166.91356800,Serine--Dimethyl_Sulfoxide_(DMSO),0.11879261,2.47200000,113.26130600,78005,-0.04366284,0.79284856,-115.06953142,0.07017091
2.75028200,1.99130700,129.26106800,Saccharin--Ethanol,0.02756119,4.72300000,148.39876500,73958,-0.07012221,0.91438109,-101.62088213,0.03740018
2.92963500,1.91726300,176.43733200,Acetamide--Benzaldehyde,0.02987487,1.69500000,120.10174200,70040,-0.05141492,0.56543535,-72.98287230,0.03025825
2.78684000,1.81242700,175.24495100,Fructose--N-Methyl-2-pyrrolidone_(NMP),0.04211361,5.92600000,168.94073800,67898,-0.03762459,0.53050038,-80.52737882,0.03343486
2.69161400,1.69299100,175.34294000,Chloroacetic_Acid--Diethyl_Ether,0.07991466,2.92500000,103.75027100,76248,-0.06021987,0.76491843,-98.28336210,0.08095040
2.67422600,1.71703600,160.11817500,Chloroacetic_Acid--Valerolactone,0.06444671,3.34600000,100.11759200,81109,-0.07802812,0.84554517,-94.78492949,0.07543764
2.97310000,1.96268800,179.72476100,"Pyrrole--N,N-Dimethylformamide_(DMF)",0.02345740,7.90800000,105.74038800,81340,-0.03080321,0.43639681,-91.71074159,0.01039687
2.71305700,1.72161300,171.98619700,Chloroacetic_Acid--Acetaldehyde,0.07269095,3.58300000,77.19070900,81888,-0.06720578,0.73256338,-70.27607217,0.09022036
2.69533600,1.71147800,172.13511900,Lactic_Acid--Benzophenone,0.05840546,5.22200000,194.56342500,69317,-0.03692654,0.36285805,-50.32315727,0.02064606
2.67279300,1.65733800,177.89226500,Serine--Isoquinoline,0.11755052,5.43600000,163.27644900,63425,-0.03195675,0.39145524,-82.35245643,0.02701509
2.80534200,1.91269400,143.70112900,Cytosine--Propan-2-ol,0.04100309,0.92300000,116.77563500,73385,-0.04002948,0.59867547,-107.38193383,0.04343026
2.92158100,1.96043400,173.19123700,Propan-2-ol--Sulfate_Ion,0.01965874,1.78200000,85.72806500,79484,-0.04496622,1.06184422,-210.41606776,0.01542580
3.42267300,3.01313800,105.25268700,Ammonia--Ethylene_Carbonate,0.01615525,5.56100000,60.33108600,75120,-0.05408210,0.54160404,-68.62544356,0.01724370
2.78515600,1.82219800,163.61534500,Glucose--Quinoline,0.06130392,6.38800000,201.52728400,67501,-0.03721624,0.40525591,-64.26324012,0.03307958
2.95194400,1.94582100,173.32454000,Tryptophan--Ethanol,0.02733723,6.42400000,177.61265400,64945,-0.04279420,0.46068905,-72.91348525,0.01650766
2.97341800,2.01749000,168.73131000,Propan-1-ol--Oxime,0.01857541,2.13400000,72.60414100,81638,-0.03855334,0.58619262,-100.45159595,0.01574728
2.94984300,1.93873000,179.54605100,Adenine--Acetaldehyde,0.02505208,10.15400000,110.46605300,79592,-0.05522794,0.58234712,-75.55537607,0.02434549
2.93029200,1.92781000,166.29071300,Cytosine--Formaldehyde,0.03390646,1.02900000,90.75905500,83173,-0.08588849,0.86190095,-95.69010063,0.05887111
2.68141000,1.72228800,160.53766000,Oxalic_Acid--Propylene_Carbonate,0.06140572,3.48500000,99.53636100,77802,-0.05817489,0.60774323,-67.15778226,0.04797639
2.66771800,1.66304100,178.05531400,Alanine--N-Methyl-2-pyrrolidone_(NMP),0.08784657,4.42100000,124.33582300,74106,-0.04767512,0.66742287,-85.83392605,0.04499305
2.92016800,1.96652400,168.23334500,Benzyl_Alcohol--Gamma-Butyrolactone_(GBL),0.01965629,6.70500000,137.17097100,76907,-0.03775687,0.52640237,-78.23505093,0.00691414
2.92869000,2.17046100,130.50423800,Pyrrolidone--Oxime,0.05547315,4.88300000,85.12701300,78060,-0.04723230,0.53081296,-65.41367290,0.05861729
2.80055600,1.83224800,171.74221000,Butan-1-ol--N-Methyl-2-pyrrolidone_(NMP),0.04317168,5.14200000,125.56111900,69334,-0.02839416,0.27750048,-50.33132185,0.01818923
2.65765700,1.69901500,158.11302500,Lactic_Acid--Propan-2-ol,0.08202822,2.31400000,95.52998100,82747,-0.04340469,0.59508924,-134.16365125,0.06508833
3.39676200,2.39832900,167.96651800,Butylamine--Carbon_Dioxide,0.00331143,1.38300000,80.01582300,81028,-0.04630006,0.76853551,-120.24652714,0.00156166
3.05043100,2.06191100,165.98490700,Pyrrole--Oxime,0.01656572,2.75500000,82.38890300,78813,-0.03858686,0.43345759,-60.07688499,0.01056255
2.72515800,1.81001400,151.91684300,Cysteine--Phenol,0.05204238,2.56800000,147.34846100,70162,-0.03660240,0.43200107,-67.35274220,0.02331789
2.90387000,1.89333400,175.24441100,Pyrrole--Dimethyl_Sulfoxide_(DMSO),0.03212358,7.33500000,107.59320500,84163,-0.04251209,0.48963654,-67.90142148,0.02228567
2.76090500,1.78715600,167.99581400,Chloroacetic_Acid--Anisole,0.05088835,3.56900000,131.41614800,72287,-0.04903947,0.67658750,-105.55671938,0.03838422
2.92292300,1.91295100,179.93015600,Tryptophan--N-Methyl-2-pyrrolidone_(NMP),0.02533321,10.00400000,213.55661700,68881,-0.03734582,0.43865642,-67.64967754,0.00672602
2.88025900,1.94913100,159.44446700,Cyclohexanol--Butan-2-one_(MEK),0.02761942,3.34300000,127.56378300,75772,-0.03455362,0.44328029,-100.22867677,0.02888800
2.53610800,1.50712900,167.16320100,Oxalic_Acid--Dimethyl_Sulfoxide_(DMSO),0.15136297,4.51500000,94.59999700,79268,-0.06655784,0.84886012,-107.66927480,0.06710365
3.15260400,2.16671900,162.60851400,Propylamine--Pyrimidine,0.01503704,2.56300000,107.95240500,69713,-0.03794168,0.47707738,-69.10691728,0.00898031
2.72281800,1.72920300,174.20265500,Alanine--Benzaldehyde,0.07080397,3.86900000,136.46649300,71883,-0.04113703,0.42632870,-55.46459701,0.02296796
2.83995300,1.86738800,177.01491200,Phenol--N-Methyl-2-pyrrolidone_(NMP),0.02861586,7.30100000,141.36472700,74743,-0.02959104,0.44335377,-94.33764835,0.00854679
2.84389200,1.85838700,161.64536300,N-Methylformamide--Urea,0.04249824,7.15100000,76.00138000,79858,-0.05123895,0.60408547,-93.40622911,0.04983269
2.88582200,1.94793500,161.30431800,Phenol--Propylene_Carbonate,0.02592462,7.49000000,130.32015700,74162,-0.03770347,0.39120530,-59.12760758,0.01052487
2.77031000,3.22617100,54.86110800,Ammonia--Oxime,0.07571876,2.91200000,41.85774400,83827,-0.03710887,0.51326628,-134.54981075,0.08407156
2.86206500,1.89255800,175.26816800,Phenol--Benzophenone,0.02620373,6.18400000,215.94933700,64156,-0.02914458,0.32723451,-51.26263231,0.01040984
2.74486100,1.75345200,173.75437600,Glucose--2-Picoline,0.07981818,5.52400000,173.04725100,73958,-0.04266489,0.55948783,-97.10838283,0.05084622
2.70255300,1.70233500,177.93628700,Threonine--Acetophenone,0.07668123,3.28000000,164.14828700,67802,-0.03069827,0.29932770,-49.05822506,0.02014391
2.75635100,1.76841700,178.14807600,Citric_Acid--Dimethyl_Ether,0.05461470,2.80900000,132.11090700,73834,-0.03878033,0.54751335,-82.96934982,0.02675306
2.87798800,1.91471000,170.69283700,Phenol--Anisole,0.02816288,3.15100000,156.57605200,68117,-0.03559104,0.40914922,-62.70821276,0.01345874
2.76424700,1.80693900,165.97271000,Benzyl_Alcohol--Dimethyl_Sulfoxide_(DMSO),0.04336049,4.50600000,137.17915300,75494,-0.04520469,0.55465127,-97.01688360,0.03808721
2.77677900,1.74312800,173.39703600,Uracil--Pyrazine,0.08568506,5.61600000,126.32843700,75104,-0.04933948,0.54523683,-55.17407143,0.05313158
2.79316700,1.77813000,176.97385200,Adenine--Hexamethylphosphoramide_(HMPA),0.04091629,11.77100000,213.28558500,68568,-0.03879951,0.80742918,-94.99157968,0.02722630
2.94019800,1.93309200,171.86758500,"Urea--1,4-Dioxane",0.03017031,4.45200000,92.96806300,71879,-0.05082235,0.52522352,-73.56024335,0.02628495
2.78560000,1.81237800,173.72599100,"Glycerol--N,N-Dimethylformamide_(DMF)",0.04262140,5.24200000,105.24640000,81651,-0.04395022,0.47395500,-61.97962948,0.04576650
2.80705300,1.83584600,172.15901500,Hydroquinone--Propan-2-ol,0.04342433,3.10600000,121.24761700,74963,-0.03412552,0.41338352,-72.34079019,0.01615520
2.74525000,1.75584700,176.62133300,Propanoic_Acid--Valerolactone,0.05832074,3.34300000,99.15921700,78670,-0.03966341,0.43743336,-70.08713614,0.04038030
2.79104100,1.81440600,159.77262900,Guanine--Ethylene_Carbonate,0.04112088,4.97200000,140.37906400,77760,-0.06549653,0.58626888,-46.64512172,0.03852833
3.13630800,2.15633800,162.09894000,Piperidine--Gamma-Butyrolactone_(GBL),0.01005041,5.83200000,132.49530600,74402,-0.02695077,0.41992230,-94.21446688,0.00450502
2.71449300,1.76682000,159.70358800,Phenol--Acetamide,0.05877691,4.89100000,111.28141200,75409,-0.03624726,0.54114646,-83.83803257,0.03655819
2.99838300,1.99076900,177.60547900,Indole--Cyclohexanone,0.01882557,6.84400000,165.74909700,74016,-0.03718981,0.62178794,-108.53348150,0.01177558
2.86708600,1.89452700,174.35747600,Glycerol--Acetic_Acid,0.03403459,2.67400000,88.66936700,75936,-0.04108879,0.53768163,-89.06600192,0.03094283
2.92173700,1.96310000,171.11893700,Propan-1-ol--Sulfate_Ion,0.01975742,2.08200000,85.79934400,73252,-0.05686320,2.68706925,-255.41093567,0.01606077
2.98496400,1.97518800,176.38673600,Aniline--N-Methyl-2-pyrrolidone_(NMP),0.02102861,5.89700000,145.93309700,77746,-0.04246144,0.49131677,-64.60286582,0.00957538
2.93894500,1.93213700,172.79388100,Imidazole--Propan-1-ol,0.02833236,6.39800000,94.50476300,79252,-0.03491928,0.42594644,-76.82749128,0.01754024
2.78098400,1.87965900,150.88592700,Acetic_Acid--Oxime,0.03933994,1.89800000,62.48505400,80649,-0.07631453,0.79570607,-74.99065018,0.11586808
2.86497300,1.89275400,174.40662800,Fructose--Dimethyl_Ether,0.03508624,5.75300000,133.46205800,79808,-0.04347263,0.43360327,-65.00630541,0.03900545
2.98808800,2.03338300,168.82366800,Propan-1-ol--Methyl_Acetate,0.01714821,1.11800000,91.18128900,72792,-0.04554471,0.65303919,-101.17777026,0.01024921
2.69957100,1.70438200,168.86504400,Salicylic_Acid--Quinoline,0.09824761,1.37000000,193.43087500,64579,-0.04133160,0.58193978,-84.50402701,0.03242685
2.95059600,1.94221200,173.84130400,N-Methylformamide--Propan-1-ol,0.02876762,6.27300000,84.21521200,81323,-0.03849993,0.54476544,-96.65759538,0.02411750
2.82621200,1.80915400,174.39099500,Guanine--Acetic_Acid,0.04866815,3.16800000,128.45578500,70900,-0.05447974,0.59241037,-64.85513192,0.04314357
2.70520500,1.63540600,173.61907700,Barbituric_Acid--2-Picoline,0.13910356,3.87500000,144.62809700,76337,-0.06162075,0.61336469,-56.55684427,0.05574499
2.84390100,1.86847100,174.77069800,Propan-2-ol--2-Picoline,0.04899421,3.61200000,119.43010400,75532,-0.03641343,0.73067741,-190.41226571,0.03054911
2.69249400,1.70218200,170.65115200,Aspartic_Acid--Tetrahydrofuran_(THF),0.07710035,3.14600000,124.77719200,77136,-0.04519089,0.62930550,-90.81835095,0.04050542
3.07357400,2.08728300,163.65910900,Piperidine--Diethyl_Ether,0.01478168,2.69200000,136.27337700,75045,-0.02891061,0.45444058,-110.54448418,0.01239080
2.83939100,1.87187300,173.37527400,"Ethylene_Glycol--1,4-Dioxane",0.03643746,3.13700000,94.33323000,77331,-0.06446368,1.16854060,-133.62454100,0.03012608
2.79699600,2.06832000,130.10530100,Cyclohexanol--Acetic_Acid,0.07432996,1.16300000,109.05959700,74995,-0.05028026,0.65458551,-80.53382019,0.05692704
2.66812200,1.68916500,166.02323300,"Glutamic_Acid--N,N-Dimethylformamide_(DMF)",0.07361462,5.60100000,135.97948800,79133,-0.04823814,0.45913967,-56.26546937,0.06027112
2.93469400,2.04282300,151.77919500,Hydrogen_Peroxide--Propylene_Carbonate,0.01833521,5.77300000,72.32595000,77806,-0.05197243,0.52491004,-58.50337682,0.01393126
2.90859100,1.93972400,173.52120400,Diethanolamine--Butan-2-one_(MEK),0.02716961,6.04000000,123.54570600,75459,-0.04631231,0.54228555,-89.87785276,0.03628006
2.85496900,1.83853100,176.69587900,"Guanine--1,4-Dioxane",0.04213396,4.97900000,150.45294100,69030,-0.05332374,0.69658659,-80.15057050,0.02480915
2.45020300,1.40761200,167.16724400,Sulfuric_Acid--Dimethyl_Sulfoxide_(DMSO),0.21468752,5.49400000,98.29962300,73273,-0.07414389,0.92271314,-86.81176927,0.10951637
2.77684200,1.74820700,176.29035800,Saccharin--Butan-2-one_(MEK),0.06682032,4.28300000,168.31018000,71959,-0.05113749,0.64638649,-90.94543817,0.03751115
2.62126000,1.60204800,179.02598200,Glycine--Urea,0.11314570,4.99000000,80.28282600,72131,-0.05851970,0.65585865,-80.22150773,0.11832917
2.69474200,1.75652100,155.61489400,Propanoic_Acid--Methanol,0.06534469,1.36100000,67.83001700,79093,-0.04543095,0.61991705,-99.21502986,0.07151827
2.71638600,1.67315500,179.53770700,Saccharin--Pyrazine,0.11145276,2.45900000,173.94326000,77093,-0.06343281,0.71540050,-83.95807407,0.04490533
2.78390000,1.82323800,167.23957200,Methanol--N-Methyl-2-pyrrolidone_(NMP),0.04227856,4.73600000,90.60261000,75177,-0.03621809,0.40499615,-62.44591133,0.03165462
2.84704200,1.93470800,154.83965000,Resorcinol--Pyruvic_Acid,0.03008337,3.05800000,124.93985300,68838,-0.04121947,0.62254468,-119.84448406,0.01510583
2.70582500,1.70822000,176.77251200,Alanine--Acetone,0.07421655,2.45300000,96.72690900,72848,-0.05319143,0.56435657,-67.55833229,0.07130072
3.09350300,2.08069900,176.24407000,Piperidine--Formaldehyde,0.01714422,2.20200000,98.24535800,78072,-0.03211930,0.43431110,-109.31606560,0.00880451
2.91778500,1.95160600,173.48679700,Hydroquinone--Gamma-Butyrolactone_(GBL),0.02067844,6.04200000,129.68784700,71126,-0.03306935,0.67085278,-176.08899757,0.00720517
2.79371200,1.77029800,178.03211000,Guanine--Butan-2-one_(MEK),0.05781411,3.08400000,146.87661900,71561,-0.04267740,0.47026600,-63.89064924,0.04182979
3.01940200,2.15261100,148.47646000,Cyclohexanol--Anisole,0.01001719,2.12100000,158.81405600,71934,-0.04064617,0.55142051,-76.04531266,0.02045098
3.43246000,2.44304500,165.31074300,Ammonia--Carbon_Dioxide,0.00257967,1.84800000,33.04300200,93093,-0.04359331,0.63082856,-138.83151137,0.00409426
2.87136100,1.90393100,174.70833500,Butan-1-ol--Methanol,0.03250021,2.83100000,78.10978900,79403,-0.03039168,0.35824988,-73.94824510,0.01493705
2.67262200,1.67861100,178.04942500,"Chloroacetic_Acid--N,N-Dimethylacetamide_(DMAc)",0.06617861,5.72900000,109.65969300,76480,-0.05555040,0.53309703,-44.95787551,0.06908891
2.70991300,1.73279700,166.52694800,"Cysteine--1,4-Dioxane",0.06783871,1.45600000,131.48538900,81138,-0.04907674,0.78013306,-140.43942735,0.03030048
2.70458400,1.70035600,176.56530300,Citric_Acid--Pyrimidine,0.09826783,1.97500000,157.25029300,74388,-0.03706139,0.67014196,-149.91763917,0.03559659
2.88252000,1.87096100,173.56927900,Pyrrolidone--Hexamethylphosphoramide_(HMPA),0.03059227,3.52000000,190.14670300,69727,-0.03666845,0.46253526,-95.18567287,0.03764442
3.01710000,2.07263200,165.29507200,Butan-2-ol--Acetaldehyde,0.01264255,4.93300000,86.46251800,76226,-0.03758397,0.53754207,-106.00503262,0.01462364
2.82534400,1.86137500,169.15459900,"Hydrogen_Peroxide--1,4-Dioxane",0.03392577,0.45800000,70.89221900,81645,-0.04534393,0.62690424,-113.36131155,0.01980760
3.09322500,2.12069900,159.59912700,Methylamine--Vinyl_Acetate,0.01270593,2.60300000,83.23044400,78188,-0.03663774,0.45334051,-78.06561539,0.01383458
2.80243000,1.78081900,176.18861800,Guanine--Acetone,0.05561882,2.91000000,135.23958700,72323,-0.05173759,0.51086565,-55.03226137,0.03912241
2.99206900,2.10564800,151.16975400,Glycerol--Ethyl_Acetate,0.01446464,4.00500000,112.02110800,77348,-0.03790299,0.55677400,-92.11702597,0.01993163
2.86340600,1.89373000,172.56414700,Ethylene_Glycol--Pyrimidine,0.04412988,5.40400000,96.59050400,76583,-0.06061756,0.61180472,-63.98619393,0.04417365
2.82327500,1.88225400,159.91078300,Glucose--Ethanol,0.03873607,3.74800000,131.40685400,75842,-0.03977670,0.69490652,-153.84402480,0.03127805
3.22306700,2.23192200,164.66990800,Ethylamine--Trioxane,0.00690878,2.20900000,82.41933300,73709,-0.03691139,0.48171306,-84.57594910,0.00378666
5.79460300,4.91141000,147.69103200,Propylamine--Diethyl_Carbonate,0.00156644,1.60700000,123.81561300,66994,-0.02503898,0.33466773,-76.17586842,0.00103799
2.85913800,1.91403500,163.40618000,Methanol--Vinyl_Acetate,0.03079701,2.70200000,78.78953300,76415,-0.02939956,0.42528550,-95.19373484,0.02318952
3.07705000,2.06888200,176.26556200,N-Methylacetamide--Ethyl_Acetate,0.01654524,2.78800000,108.72225600,74311,-0.04775690,0.58087790,-97.23422333,0.01799302
2.61163900,1.58736800,178.99221500,Cysteine--Acetamide,0.12166973,3.17600000,114.03719800,75076,-0.04633480,1.06811030,-178.53975537,0.05917693
3.22465200,2.26111400,157.70105200,Propylamine--Valerolactone,0.00670461,6.06800000,102.16619100,78057,-0.03100792,0.38665330,-82.67923100,0.00053074
3.17630400,2.21898400,171.38637400,Ethanol--Carbon_Dioxide,0.00666353,2.15700000,52.22078500,91255,-0.06038907,0.64225397,-71.31089952,0.00908694
2.70617000,1.71178600,176.57013900,Benzoic_Acid--Butan-2-one_(MEK),0.07070651,2.00300000,138.62802500,72484,-0.04676787,0.51091511,-69.10240840,0.05412419
3.12564100,2.12837100,166.42391000,Methylamine--Ethanol,0.01260495,2.29100000,59.07346100,81474,-0.03626779,0.40075816,-67.52489745,0.00912087
3.23244200,2.27893700,155.54527400,Pyrrolidine--Acetaldehyde,0.00575612,4.36400000,86.09494300,76580,-0.03681457,0.40243769,-55.92449579,0.00367178
2.90993400,2.07846500,137.39970600,Cytosine--Phenol,0.06197422,2.20900000,144.47294600,80423,-0.05604308,0.60701009,-63.48929521,0.06690824
2.62189700,1.68888700,156.15702800,Sulfuric_Acid--Phenol,0.08149463,2.21000000,117.66332600,68949,-0.05698711,0.87503463,-106.71432697,0.07941355
2.73192500,1.74102300,175.53309800,Threonine--Vinyl_Acetate,0.06191844,2.47300000,128.91709100,75237,-0.03767870,0.46038684,-67.47341543,0.03269272
2.89090300,2.02960200,147.37330500,Methanol--Phenol,0.01573707,2.18200000,93.89125500,67771,-0.03704202,0.44457666,-76.40727275,0.00815050
2.69019800,1.74525300,156.65364300,Acetic_Acid--Ethanol,0.06862481,1.39600000,67.66732900,78216,-0.07605189,0.62984277,-51.31259629,0.13634269
2.89023400,1.93035500,169.75623100,Methanol--Acetaldehyde,0.02932717,3.73200000,51.67520500,79786,-0.04170762,0.48637386,-72.19689235,0.03325376
2.88451900,1.86886100,172.40309600,Thymine--Trioxane,0.04133913,4.84100000,123.92170600,79259,-0.05313114,0.60094809,-70.79578038,0.02863504
2.80869900,1.79259000,177.97828200,"Adenine--N,N-Dimethylacetamide_(DMAc)",0.04368251,12.33700000,142.83471900,75828,-0.04852560,0.72616940,-82.28813515,0.03269368
2.68821800,1.67886800,179.25919000,Benzoic_Acid--Pyridine,0.10734843,2.89000000,148.82201700,80085,-0.09311845,0.78703142,-54.96246538,0.13196536
2.92066200,1.95386500,172.12900500,Propan-1-ol--Pyrimidine,0.03333610,4.41900000,103.51899200,72735,-0.04018180,0.42851138,-56.49372408,0.02931298
2.73296100,1.74624700,171.08167200,Oxalic_Acid--Anisole,0.06285851,3.69100000,125.76756900,71405,-0.05074833,0.50178079,-63.17352219,0.03259632
3.01099000,2.00239300,178.51060000,Pyrrole--Vinyl_Acetate,0.01971240,5.18500000,111.77146600,79145,-0.04348604,0.50691704,-77.32515891,0.01523575
2.91202600,1.92293400,163.96325400,"Acetamide--1,4-Dioxane",0.03305624,4.22900000,95.42355000,70653,-0.05439716,0.66511882,-96.52690196,0.03215448
2.74694300,1.76293100,171.59531200,"Propanoic_Acid--1,4-Dioxane",0.06048125,1.71700000,102.71007100,75379,-0.04296221,0.54861131,-80.05086021,0.04441285
3.04084300,2.05002400,164.18071700,Piperidine--Quinoline,0.02469196,3.32900000,182.78159100,71519,-0.03037291,0.38069742,-77.07670797,0.01100477
2.90477500,1.89867900,169.32250200,Histidine--Pyrazine,0.04427523,4.09100000,158.61842800,73701,-0.04168895,0.55203024,-75.93702170,0.02113468
2.82488700,1.89627700,157.20101000,Catechol--Quinoline,0.04313682,2.93800000,180.05680000,82469,-0.08180814,0.82292919,-75.01301648,0.03547097
3.02507400,2.09800100,152.11962400,Indole--Methyl_Acetate,0.01383861,1.42500000,140.84517900,75065,-0.03773399,0.50187797,-81.47214586,0.00107241
2.73141500,1.77946100,161.09537300,Salicylic_Acid--Valerolactone,0.04812517,4.73800000,143.22827000,69982,-0.05265346,0.56001570,-61.71109905,0.02831605
2.93975300,1.97876800,171.38864200,Propan-1-ol--Valerolactone,0.01864780,6.44800000,97.72936800,72072,-0.03211349,0.51904062,-103.49025770,0.00135096
2.81419400,1.93280900,142.46165200,Cytosine--Ethanol,0.04511699,0.70300000,105.28752700,76214,-0.04831236,0.65865004,-92.92470902,0.05654497
2.60256700,1.65508100,160.36757500,Sulfuric_Acid--Ethylene_Carbonate,0.07794823,5.66700000,91.81393900,81647,-0.07695277,0.76155488,-62.97147810,0.11113716
2.82070400,1.80239800,168.41964700,Barbituric_Acid--Trioxane,0.05467066,2.36500000,114.83701800,77159,-0.06911651,0.81948383,-105.34609153,0.04927788
2.90003500,1.93060200,177.28240100,Propan-2-ol--Dimethyl_Ether,0.02942957,2.63700000,78.22260300,78291,-0.03293787,0.41347113,-73.42019360,0.02062551
3.01361500,2.13338600,150.21934100,Cyclohexanol--Quinoline,0.01552518,3.23100000,177.70781200,66285,-0.04356232,0.56897070,-99.11648103,0.01967338
3.03026800,2.09618200,153.31065000,Tryptophan--Methyl_Acetate,0.01506151,3.88100000,190.90932400,70059,-0.04447979,0.47831732,-62.59118969,0.01458541
3.08701200,2.12375300,157.10963200,Pyrrolidine--Propan-2-ol,0.01222255,3.43700000,100.57040200,76917,-0.03689757,0.42120008,-70.48191750,0.00872106
2.63045600,1.61592300,178.89325000,Butanoic_Acid--Urea,0.10662425,3.32500000,94.47852700,73154,-0.03682983,0.44510411,-73.01816248,0.07501172
2.73092000,1.74630600,169.99103300,Alanine--18-Crown-6,0.06631391,4.79700000,225.00797400,73884,-0.03142612,0.37993591,-73.32424044,0.01451360
2.88125100,1.91487800,173.25481600,Propan-2-ol--Methanol,0.03182096,2.51900000,66.22986400,81046,-0.03433876,0.50518883,-143.29393227,0.02746312
2.77795800,1.79612600,172.94936800,Phenol--2-Picoline,0.06624200,4.32700000,147.04224500,67336,-0.04085590,0.48653165,-59.23170474,0.03505634
2.80796500,1.83436400,171.91555100,Hydrogen_Peroxide--18-Crown-6,0.04430301,3.89800000,184.03900800,74919,-0.04507314,0.54041469,-72.45794241,0.01790575
3.10410300,2.12295400,161.55997000,Methylamine--Diethyl_Ether,0.01262754,2.78600000,82.71042700,78477,-0.03984816,0.41689045,-68.43884342,0.02232743
2.92025300,1.95129500,176.34691400,Catechol--Vinyl_Acetate,0.02080354,3.66300000,134.11877600,83191,-0.04705415,0.53246372,-76.69353123,0.01854542
2.80088900,1.82530300,170.82246500,Fructose--2-Picoline,0.05726165,6.25700000,174.68078900,74537,-0.04611217,0.43460908,-49.82175231,0.04344488
2.81056300,1.84193900,168.45473000,Catechol--Pyridine,0.05351409,3.31500000,140.11955100,84732,-0.07380366,0.65351206,-49.02947306,0.04870130
2.91335500,1.94818900,173.13969800,Butan-2-ol--Dimethyl_Ether,0.02748299,2.83000000,89.88316200,76862,-0.03671547,0.39161214,-74.80334242,0.01574436
2.67797200,1.67223600,178.05066100,Oxalic_Acid--Cyclohexanone,0.08497000,4.76500000,112.74641700,76078,-0.06380033,0.66504412,-74.80450364,0.05315425
2.72322500,1.72374000,176.57268800,Butanoic_Acid--Pyrazine,0.09003491,2.00100000,116.56943300,71462,-0.03284902,0.48299045,-97.78889137,0.03686742
3.06202500,2.12046000,152.37426300,Hydroxylamine--18-Crown-6,0.01498807,3.70800000,188.39232200,75388,-0.04538396,0.42284681,-49.69025940,0.01759821
2.62367500,1.63716200,166.57756700,"Citric_Acid--N,N-Dimethylacetamide_(DMAc)",0.08498613,3.64300000,161.01049900,75603,-0.03860883,0.64697109,-161.37285844,0.03855831
2.95824400,2.03239500,151.12234800,N-Methylformamide--Pyruvic_Acid,0.02010128,4.03900000,87.65133400,76614,-0.04289185,0.50952191,-65.31679807,0.01596291
2.85765500,1.88360400,176.25771800,Resorcinol--Gamma-Butyrolactone_(GBL),0.03488047,7.22000000,129.73915000,73773,-0.04416859,0.55812643,-95.83078918,0.01071130
2.82076500,1.85120000,171.76917600,Fructose--Butan-2-one_(MEK),0.03923006,4.93900000,152.97248600,69779,-0.03314941,0.39352198,-73.70654721,0.02788826
2.75233200,1.76288200,178.46601100,Acetic_Acid--Vinyl_Acetate,0.05671602,1.72600000,91.75691200,79094,-0.05322054,0.80855008,-117.37070253,0.05875789
3.12601400,2.12496600,167.38452600,Ethylamine--Ethanol,0.01426471,1.48400000,70.61807200,75615,-0.03427808,0.40959460,-87.50478000,0.01507415
3.09189600,2.10791500,163.16373600,Piperidine--Benzophenone,0.01227216,4.54800000,223.18710100,68196,-0.02725896,0.37806163,-76.54636730,0.00955422
2.91262200,1.97139700,163.95770200,Butan-1-ol--Cyclohexanone,0.01998263,5.58200000,127.87862500,71575,-0.02585050,0.31153511,-67.49519336,0.00478490
2.68113900,1.67822500,178.47189400,Chloroacetic_Acid--Butan-2-one_(MEK),0.08328455,3.68800000,100.20151300,74374,-0.07364445,0.66022374,-46.33194703,0.08968511
3.13567300,2.43551100,129.03143000,Fructose--Ethylene_Carbonate,0.01014170,9.80600000,146.29417800,70787,-0.04409509,0.62488811,-92.00272422,0.02961407
2.69822200,1.71044300,175.77712000,"Acetic_Acid--N,N-Dimethylacetamide_(DMAc)",0.05790862,4.19800000,97.05772900,76868,-0.04710647,0.48308946,-64.41603743,0.06545796
3.10967300,2.12007500,163.52229000,Hydrazine--Morpholine,0.01273812,2.24600000,84.22636600,74495,-0.04242607,0.47437997,-68.73442971,0.00954406
2.97003200,2.18597000,136.73568900,Glucose--Diethyl_Carbonate,0.00950691,4.93900000,173.00259200,75048,-0.05022322,0.83826190,-98.74923123,0.02175264
2.89787300,1.92841700,178.36541000,Propan-2-ol--18-Crown-6,0.02926936,3.42100000,214.40661700,71564,-0.03394485,0.30337138,-46.02140342,0.01819095
2.79795200,1.83827600,165.19124700,Hydrogen_Peroxide--Dimethyl_Ether,0.04525734,1.90900000,47.84283300,84341,-0.05141349,0.54009101,-68.30455490,0.05863206
2.69393100,1.73472100,161.66238000,Citric_Acid--Gamma-Butyrolactone_(GBL),0.05837756,3.70100000,151.52554500,77347,-0.04231188,0.57378607,-72.72768694,0.03377271
3.14329600,2.15757800,162.85877000,Ethylamine--Formaldehyde,0.01211849,2.09800000,56.28849700,82394,-0.02995872,0.36871050,-77.88151835,0.00817892
2.80758900,1.78075000,176.59311400,Thymine--Acetone,0.05810565,6.15500000,120.45417900,77030,-0.04434508,0.46835635,-60.72269674,0.04071007
2.94141900,1.93817700,170.27613800,N-Methylformamide--Tetrahydrofuran_(THF),0.02863154,6.39900000,90.95119600,78207,-0.04250053,0.65082660,-158.46082616,0.02743116
2.78184000,1.80919300,169.76641700,Glucose--Cyclohexanone,0.04785216,3.32400000,169.60058700,72428,-0.03816630,0.39928132,-57.91978198,0.03356084
2.92934000,1.94901100,161.65724100,Acetamide--18-Crown-6,0.03052824,4.92500000,208.60825600,73427,-0.04316398,0.51018476,-77.76832750,0.02208713
2.98248100,2.11917700,141.10144600,Ammonia--Acetamide,0.04933644,2.76700000,52.91606300,72569,-0.04832543,0.53906188,-82.75652020,0.09552701
2.91487500,1.90572700,176.97592100,Pyrrole--Hexamethylphosphoramide_(HMPA),0.02443447,7.24900000,187.52226300,70263,-0.03063425,0.36274533,-62.11404219,0.01890765
2.78973900,1.82337200,168.49109200,Catechol--Butan-2-one_(MEK),0.04604438,3.68200000,129.83453400,81543,-0.04012888,0.41946587,-56.01608482,0.02342888
2.64894400,1.63313900,174.44907800,Aspartic_Acid--Isoquinoline,0.12661168,5.14200000,176.53136500,64573,-0.03426400,0.55939191,-110.92881962,0.02333414
2.71861500,1.69234500,170.09050000,"Saccharin--N,N-Dimethylacetamide_(DMAc)",0.08086298,2.60000000,177.71212700,73696,-0.05092764,0.71672358,-101.69959863,0.04649379
2.94986700,1.94001300,174.42930300,N-Methylacetamide--Urea,0.02614027,8.86800000,87.28728000,79806,-0.05277594,0.53316392,-56.82883866,0.03154962
2.95093700,2.00926300,164.08521500,Methanol--Methyl_Acetate,0.01997565,2.57800000,67.97704600,80764,-0.04540679,0.75541123,-128.05928503,0.02493388
2.82868900,1.85475600,178.71241800,Catechol--Morpholine,0.03773081,3.50400000,137.92433700,75228,-0.03919037,0.42183598,-55.69483875,0.02457637
2.75624200,1.71949900,177.32260700,Guanine--Pyridine,0.09227243,2.38000000,157.08222600,71363,-0.05478485,0.53518047,-57.37847481,0.05176686
3.16879000,2.23388200,152.22034700,Ethylamine--Methanol,0.00781640,2.18100000,59.10610800,78565,-0.02752985,0.40258264,-127.71120890,0.00979600
2.60843100,1.61900000,172.28790900,Sulfuric_Acid--Tetrahydrofuran_(THF),0.10669749,4.00000000,96.56743800,77448,-0.06728070,0.84486880,-108.17198703,0.08202713
3.10951400,2.15805900,155.21872400,Butylamine--Propan-1-ol,0.01036500,2.91900000,105.71653000,77734,-0.02975076,0.45996343,-91.09034241,0.00324380
3.05733600,2.11900000,153.48659700,Aniline--Pyruvic_Acid,0.01467196,3.14700000,124.99849200,72583,-0.04457860,0.52160360,-67.73826738,0.00869898
2.84655900,1.88263900,169.66568200,Glycerol--Valerolactone,0.03375246,6.00300000,107.04165400,74812,-0.05083916,0.60468662,-90.75740101,0.02744336
2.66619800,1.66679300,175.64193500,Propanoic_Acid--N-Methyl-2-pyrrolidone_(NMP),0.08341956,3.67600000,115.21657500,75761,-0.03665128,0.45150085,-75.41870290,0.04383039
2.71932900,1.72576200,176.87396600,Lactic_Acid--Vinyl_Acetate,0.06640375,4.13000000,108.14420200,80938,-0.03405752,0.61434088,-143.54951937,0.03195480
2.73761300,1.76707800,165.81179000,Citric_Acid--Trioxane,0.05904290,2.35300000,143.35348700,75219,-0.04279975,0.52178456,-67.83547697,0.02296989
2.74108300,1.76715700,167.34296200,Propanoic_Acid--Acetaldehyde,0.05772490,1.79600000,76.28946500,80967,-0.03602328,0.38794332,-62.37053339,0.02721603
3.11271400,2.09935300,172.87338200,Pyrrolidine--Propan-1-ol,0.01469497,2.32600000,100.74614900,78302,-0.03500417,0.39110145,-64.15426409,0.00983502
2.90668300,1.89735600,170.30876600,Thymine--Ethyl_Acetate,0.03549289,4.71300000,137.08793900,71755,-0.04172961,0.62511097,-116.53762690,0.02604994
2.89570900,1.92603000,177.16788000,Resorcinol--Acetic_Acid,0.02239688,4.76600000,111.42836700,74749,-0.03882839,0.40208124,-51.51807289,0.01638600
2.85225300,1.90572500,163.85703700,Ascorbic_Acid--Trioxane,0.02961424,5.83700000,138.96499400,74582,-0.05318069,0.81760683,-106.67929170,0.01745108
2.58880200,1.55267200,179.58310100,Oxalic_Acid--Acetamide,0.13998352,4.27000000,80.54945500,77212,-0.06594026,0.69996196,-65.87268667,0.10702739
2.80806300,1.82345000,178.93413400,Salicylic_Acid--Trioxane,0.04726907,1.20700000,135.10219700,77755,-0.04736018,0.53405677,-75.77940255,0.04115148
2.86242200,1.89043600,174.37351300,Glycerol--Dimethyl_Ether,0.03632130,3.01600000,87.61317500,78582,-0.04396755,0.96527624,-158.40132143,0.03458869
2.53721200,1.53841300,163.06298000,Sulfuric_Acid--Isoquinoline,0.17207754,5.40600000,148.35028000,66078,-0.06885468,0.89313156,-99.37206576,0.01963441
2.67440700,1.67534800,172.82719800,Cysteine--Acetone,0.08545518,2.20000000,116.36571900,77496,-0.04523543,0.48551766,-56.98023224,0.04571705
2.77882700,1.81176000,168.94141200,Trifluoroethanol--Ethanol,0.04542113,3.83300000,69.84944000,81250,-0.04282088,0.46915843,-72.89409237,0.03000771
2.99321800,1.97009000,172.81946300,Hydroxylamine--Quinoline,0.03513747,2.43400000,121.79505000,77010,-0.05295061,0.57217282,-57.63846467,0.02761909
2.78449400,1.79763400,177.48857400,Acetic_Acid--Pyruvic_Acid,0.05069495,1.04100000,82.70248200,77804,-0.05860429,0.60246586,-86.04620451,0.04872595
2.96489800,1.95905100,170.36714200,Aniline--Pyridine,0.03573962,4.41200000,140.16380100,76132,-0.04386812,0.43488454,-54.41056900,0.02507653
2.81424400,1.83289700,173.77796500,Alanine--Ethyl_Acetate,0.04358749,3.19600000,113.30685200,78657,-0.04454892,0.50616803,-74.39287860,0.02668330
2.73901700,1.76161400,168.19529800,Aspartic_Acid--Trioxane,0.06072542,0.75100000,118.13773600,78528,-0.04170904,0.44737620,-67.60609066,0.03166802
3.11460500,2.10764700,179.99795300,Pyrrole--Formaldehyde,0.01169087,5.02700000,73.28280300,89334,-0.05142962,0.47739360,-46.71801376,0.01376707
2.67813500,1.67798600,176.80096100,Benzoic_Acid--N-Methyl-2-pyrrolidone_(NMP),0.08135577,3.68800000,154.61896700,72966,-0.04711334,0.67669457,-88.33588990,0.02138274
2.71566900,1.71741100,177.04279600,Formic_Acid--Diethyl_Ether,0.07290035,2.48200000,79.93547600,76400,-0.04326863,0.43780653,-60.22328432,0.05535854
2.88323400,1.92828100,156.00918100,Urea--Gamma-Butyrolactone_(GBL),0.02657140,2.59300000,89.36080500,77974,-0.06056508,0.69961762,-78.20285036,0.04377273
2.71834900,1.72546000,175.58536500,Trifluoroethanol--Isoquinoline,0.08731565,5.20400000,139.92932900,67748,-0.04512237,0.51546175,-64.20394924,0.03139556
2.95548500,1.99600300,169.88419800,Phenol--Pyruvic_Acid,0.01798742,3.61200000,120.53239800,72498,-0.03545780,0.50468057,-101.68440249,0.00624047
3.16728200,2.17450600,164.87959400,Propylamine--Pyruvic_Acid,0.01138148,1.15800000,97.36128500,76181,-0.03556090,0.45519143,-89.30377097,0.00234584
2.76757800,1.79196000,172.68807100,Trifluoroethanol--Methanol,0.05270332,4.00600000,58.27140000,83510,-0.04941997,0.44989301,-53.63532981,0.04221351
2.86407600,1.92623900,161.59213000,Butan-1-ol--Acetic_Acid,0.02981960,2.56000000,91.12072900,72672,-0.03447524,0.61868230,-146.17169391,0.01547198
2.90790000,1.99946000,155.29402500,Ethylene_Glycol--Propylene_Carbonate,0.02030193,8.45200000,95.82795100,81523,-0.04877061,0.73768384,-110.43416031,0.01111870
2.73336900,1.73976600,179.07725400,Salicylic_Acid--Butan-2-one_(MEK),0.06492131,2.12400000,143.34958400,73300,-0.03551819,0.58920843,-124.27613336,0.01662899
3.01909600,2.38998000,119.14508500,Hydrazine--Carbon_Dioxide,0.03069240,2.58800000,42.15856100,91939,-0.06919451,0.70361826,-72.02679633,0.06458739
2.60963800,1.58640700,177.81412100,Aspartic_Acid--Acetamide,0.12188160,4.42900000,112.40566500,72560,-0.04548328,0.48309858,-73.37252915,0.05565671
2.75703000,1.77287000,173.58377000,Benzoic_Acid--Pyruvic_Acid,0.05462295,0.77100000,133.78219000,73053,-0.04914176,0.65729135,-100.40160261,0.02728128
2.76685000,1.85197000,146.65273300,Thymine--Ethanol,0.04517056,3.66400000,112.28006000,78397,-0.04207193,0.42603031,-52.93637210,0.04475462
3.09838500,2.12178900,160.50199400,Ammonia--Ethanol,0.01448731,1.03000000,46.98825100,80178,-0.04210416,0.46630424,-81.81327017,0.02307942
2.68333200,1.73352600,157.27862000,Serine--Ethanol,0.07224466,1.58800000,93.27199500,82177,-0.03258756,0.37697140,-84.25077806,0.04447212
2.72603100,1.73102100,178.22170100,Glycine--Cyclohexanone,0.06673285,4.46500000,114.93508800,75014,-0.04642767,0.58467729,-88.18071476,0.03697690
3.01578100,2.00948600,175.12537700,Indole--Trioxane,0.01949177,4.35500000,139.31989000,75116,-0.04719428,0.53020785,-64.21048015,0.01212174
2.80693700,1.82409700,177.07364800,Glycine--Ethyl_Acetate,0.04342141,1.52100000,101.64617300,76283,-0.04152521,0.45810820,-70.45810733,0.02121988
2.71296200,1.71702700,176.45840500,Glycine--Acetone,0.07079156,4.01100000,85.05964300,75048,-0.04710948,0.60738452,-93.11686674,0.04503098
3.37464600,2.42401500,144.77612500,Piperidine--Oxime,0.08178115,2.03000000,107.14992700,74484,-0.04487820,0.65186301,-112.99254945,0.05694916
3.00745700,2.07632700,161.01278200,Cyclohexanol--Dimethyl_Ether,0.01256797,2.82500000,108.07051900,71076,-0.05192558,0.63803356,-88.98073634,0.02493042
2.83050700,1.86321600,170.44647400,Trifluoroethanol--Trioxane,0.03869821,3.66000000,81.54662000,81835,-0.04391306,0.55863598,-81.83305568,0.01799209
3.00305000,2.07248300,160.18453900,Ethanol--Morpholine,0.01738076,3.50400000,94.22273600,77317,-0.05047386,0.55675450,-78.41487425,0.01136885
2.80608200,1.82560700,173.92612600,Aspartic_Acid--Methyl_Acetate,0.04426247,3.17500000,119.75825000,77949,-0.04658857,0.70574326,-113.64990788,0.02498747
2.68946500,1.64182900,179.27770200,Uracil--Urea,0.10038724,7.21800000,104.17757000,78269,-0.06566281,0.80029047,-83.30435041,0.12400621
3.09732200,2.08286400,173.21787600,Ethylamine--Quinoline,0.02086169,3.41900000,140.76348600,66542,-0.03550068,0.40687203,-53.47969972,0.00758119
3.01051900,2.25396200,130.78595600,Pyrrolidone--Carbon_Dioxide,0.02106504,4.75300000,76.27361100,78580,-0.06134070,0.65631167,-74.61820940,0.03119092
2.63065800,1.62900400,171.17751000,Glutamic_Acid--N-Methyl-2-pyrrolidone_(NMP),0.09803572,4.17600000,153.78484600,77352,-0.04058232,0.44628352,-77.36800241,0.05027315
2.86422200,1.90650600,167.53400500,Ascorbic_Acid--Acetaldehyde,0.02890271,7.38000000,124.17964100,75068,-0.04823773,0.56960287,-71.52321373,0.02124557
2.70909600,1.71567000,173.52152200,Trifluoroethanol--Quinoline,0.09100543,4.68100000,139.89126500,68652,-0.05253127,0.87190728,-187.78928319,0.03491154
2.87168400,1.90695800,171.63958000,"Catechol--1,4-Dioxane",0.02742549,1.30000000,133.41251700,74518,-0.04639751,0.65537834,-98.77700215,0.02277229
2.93048600,1.97197400,171.59378000,Butan-2-ol--Sulfate_Ion,0.01888995,1.89000000,97.37038500,76821,-0.06839793,2.69137286,-249.46400110,0.02054628
2.90838500,1.94052200,174.48958300,Hydroquinone--Cyclohexanone,0.02210563,4.70900000,148.01056200,71270,-0.03095697,0.37742894,-64.32966703,0.00726778
2.88387900,1.95023700,159.65961700,Glycerol--18-Crown-6,0.02848189,4.03400000,223.79170900,73362,-0.04054273,0.51458940,-78.44223937,0.01228870
2.89328500,1.93451900,168.84000600,Hydroquinone--Ethyl_Acetate,0.02741529,1.62500000,134.66099000,76073,-0.03598141,0.52536674,-87.17941596,0.01316460
2.83773300,1.86509900,174.92531100,Phenol--Methanol,0.03796795,3.75200000,93.84804400,76697,-0.05130202,0.73822925,-132.26576201,0.02297509
2.69561300,1.64105600,176.41844600,Barbituric_Acid--Urea,0.10150118,5.61100000,106.65574100,80779,-0.07209628,0.74703045,-72.02676552,0.10936388
2.67221000,1.65836400,177.55271600,Glutamic_Acid--Isoquinoline,0.11665463,4.49500000,187.95762100,71053,-0.04287362,0.47735911,-62.59939593,0.04176014
3.04459600,2.03299700,170.00095700,Hydrazine--Quinoline,0.02647611,2.90300000,126.30435500,64954,-0.03698198,0.51171833,-92.69095014,0.01180837
3.12971000,2.19251500,152.26343500,Hydrazine--Benzaldehyde,0.01054842,2.89700000,104.23357800,67470,-0.03596451,0.37864696,-59.92491398,0.00666796
2.87389900,1.90592000,174.13855500,"Hydroquinone--1,4-Dioxane",0.02800652,0.91000000,133.26789000,74051,-0.03501197,0.46420409,-94.20557259,0.00883656
2.78494700,1.79950500,178.00146700,Hydroquinone--Quinoline,0.06484293,3.51800000,179.89572600,66767,-0.03690239,0.48731255,-74.15668232,0.01753310
2.92458100,1.96159400,171.28723200,Catechol--Ethyl_Acetate,0.02403326,2.57200000,134.81601100,77253,-0.04578448,0.46165583,-57.67174275,0.01140819
2.84052900,1.87736800,170.29872600,Butan-1-ol--Propan-2-ol,0.03706816,2.69000000,101.11057300,72730,-0.02894116,0.31669599,-66.59408529,0.01750945
2.65167700,1.63139700,176.81639400,Cysteine--Pyridine,0.12971789,2.67200000,138.16554600,76035,-0.04836025,2.11247735,-247.57755040,0.04791084
2.91843200,1.95251800,175.29056500,Benzyl_Alcohol--Phenol,0.02321243,3.40600000,156.49153700,71397,-0.04133651,0.49693816,-82.66958747,0.01128017
2.72361900,1.73808600,173.38958300,Glucose--Dimethyl_Sulfoxide_(DMSO),0.05955937,2.79300000,151.38190700,74410,-0.04534771,0.42059001,-49.00511988,0.04090072
3.04429400,2.06186500,162.60478400,Piperidine--Hexamethylphosphoramide_(HMPA),0.01335228,5.13800000,212.55309300,70022,-0.03020163,0.38319104,-68.16384886,0.02041603
2.82052500,1.79507400,176.80586900,Thymine--Propan-2-ol,0.05598025,5.55400000,123.66715100,77440,-0.04029446,0.47219560,-73.02084252,0.02738436
2.91234600,1.94279100,179.38279100,Hydroquinone--Pyruvic_Acid,0.02287997,2.57200000,124.90436100,80755,-0.03938063,0.54267169,-86.15093040,0.00728532
2.86531100,1.86908500,165.79064400,Pyrrolidone--Acetone,0.03831186,1.10000000,98.56795500,71190,-0.04365920,0.47726652,-62.06182962,0.03479660
2.76379500,1.74284100,171.09739700,Saccharin--Propan-2-ol,0.06875310,2.57000000,159.83358700,68492,-0.06517673,0.72249498,-78.23358648,0.03246106
2.50195600,1.54593800,157.74779500,Sulfuric_Acid--Benzophenone,0.12340082,3.54200000,188.85209900,70897,-0.05683795,0.54168878,-56.02587148,0.04191695
2.73885800,1.96867700,134.18962500,Methanol--Acetic_Acid,0.03663413,0.33500000,56.19336300,80383,-0.04883015,0.55739838,-90.45848478,0.07555005
3.12652700,2.11880700,171.31161500,Butylamine--Propan-2-ol,0.01086568,2.24200000,105.51927000,79713,-0.03118830,0.67819720,-146.67017816,0.00525676
2.89185700,1.89884100,164.93822400,Histidine--Acetone,0.03641684,4.84200000,141.20485700,79383,-0.04252201,0.43049672,-58.38496167,0.02156742
2.85066400,1.87630600,178.77950800,Trifluoroethanol--Methyl_Acetate,0.03422602,1.95400000,83.15223800,78232,-0.05972819,0.83731446,-172.80808069,0.03473040
2.68360600,1.72791000,160.02897800,Lactic_Acid--Valerolactone,0.06209536,3.78100000,103.87076400,78089,-0.05736274,0.49799224,-46.33887289,0.06431657
2.88296900,1.92794800,169.78305500,Butan-1-ol--Sulfate_Ion,0.02213972,1.94200000,97.59971100,74512,-0.04002353,0.53930400,-70.55330618,0.01374054
2.80764800,1.80143500,165.67178500,Thymine--Morpholine,0.05464443,4.49700000,140.12642300,71263,-0.04204906,0.47014654,-69.91239594,0.02426357
2.46397000,1.41360800,170.39176900,Glucose--Phosphate_Ion,0.20616693,9.63100000,140.75763100,79036,-0.06969449,0.88089983,-115.85136801,0.17785349
2.78666100,1.80250100,176.02001500,Propanoic_Acid--Trioxane,0.04950658,3.03700000,91.04952400,75630,-0.03761547,0.50926535,-90.35328718,0.03192967
2.88660700,1.95317400,159.00226900,Glucose--Trioxane,0.02760772,6.39300000,143.23026500,74458,-0.05002113,0.66403833,-82.30692340,0.02156592
3.00166500,2.02970000,160.51225500,Histidine--Formaldehyde,0.02117901,4.53200000,118.61634900,79494,-0.04729629,0.49479677,-67.92887413,0.01642254
3.00146700,1.99282500,179.99791400,Pyrrole--Benzophenone,0.01856498,6.68500000,198.16844600,60359,-0.02302024,0.35300080,-77.38133617,0.00641960
2.97936300,2.12979200,139.32784700,Propylamine--Urea,0.04987592,2.86300000,85.64544400,76133,-0.03833401,0.37162062,-50.62334749,0.03403704
3.21996100,2.25006700,159.05952900,Ethylamine--Benzaldehyde,0.00757982,4.74900000,118.76321600,67775,-0.02603136,0.32501241,-60.00988995,0.00000000
2.89298600,1.90746300,161.18197000,Cytosine--Trioxane,0.03503551,1.05000000,116.87629500,75997,-0.04555581,0.53448354,-76.76948432,0.02620141
2.76898700,1.89173800,142.80824400,Guanine--Phenol,0.07814695,6.72000000,166.34305700,69490,-0.04519003,0.51015611,-63.26515487,0.04928706
2.72995400,1.74551400,170.42325100,Acetic_Acid--Morpholine,0.06577527,1.25400000,95.55524400,76713,-0.05733790,0.78318721,-124.33665154,0.05036068
2.98759800,1.97797600,179.89826600,Imidazole--Acetone,0.01985938,7.87500000,91.13366700,82195,-0.02961203,0.44129110,-82.02139728,0.01217877
2.98912600,2.00966300,160.63850600,Dimethylamine--Sulfate_Ion,0.02009786,0.82700000,78.91687800,80125,-0.07219881,0.74306898,-65.50090875,0.01868523
2.72905400,1.73676300,176.23285300,Benzoic_Acid--Acetophenone,0.06527570,2.76000000,178.10695100,65464,-0.03842970,0.54136221,-92.32979311,0.03993128
2.83979900,1.86803000,171.25181900,Hydrogen_Peroxide--Pyruvic_Acid,0.03880467,2.62100000,62.52054200,78054,-0.05697422,0.82036361,-148.16329533,0.03982226
2.76100000,1.73833100,172.55569500,Uracil--N-Methyl-2-pyrrolidone_(NMP),0.05993671,8.53700000,136.58284900,73889,-0.04691296,0.54903319,-103.17617566,0.03097738
2.67665400,1.66331400,177.92548700,Glycine--Pyridine,0.11488283,4.74700000,106.86240600,77721,-0.04834293,0.52916117,-63.91748973,0.06086143
2.61586600,1.60757500,176.03379600,Sulfuric_Acid--Pyrimidine,0.14226731,4.63300000,103.88829900,72232,-0.07928048,3.45779980,-254.05018362,0.02936792
2.99187700,2.12091600,149.47284900,Butan-2-ol--Ethylene_Carbonate,0.01174581,5.10200000,102.76234400,75958,-0.04061585,0.48208735,-87.25991365,0.00870053
2.64670600,1.68651500,157.52714600,Oxalic_Acid--Methanol,0.08801016,3.28200000,63.13584700,80026,-0.07913716,0.68381542,-51.84871046,0.12479390
3.03503300,2.08459700,167.01206900,Diethanolamine--Ethylene_Carbonate,0.01413595,4.93800000,116.85929700,77379,-0.05429814,0.57282022,-65.57194732,0.01981930
2.71465300,1.72594600,172.33872900,Hydrogen_Peroxide--Urea,0.06928916,5.16200000,50.90038800,90096,-0.09131691,0.78147732,-59.01437179,0.18624729
2.67504000,1.67673400,174.22606800,Aspartic_Acid--Butan-2-one_(MEK),0.08238244,3.73400000,126.33986900,73574,-0.03887463,0.56933424,-93.89781391,0.03347718
2.84156800,1.87112700,175.11864400,Hydroquinone--Benzophenone,0.03072556,5.10000000,220.32052400,66193,-0.02776928,0.34773388,-60.82162053,0.01117711
2.75133600,1.76282900,177.48893100,Salicylic_Acid--Vinyl_Acetate,0.05673620,1.29600000,147.50220100,75950,-0.03584025,0.52481868,-82.08470639,0.02627655
2.84501700,1.88681700,156.58391500,Histidine--Benzophenone,0.03255501,7.02400000,243.49322400,68932,-0.03735142,0.57445270,-78.33192110,0.01667033
3.11832600,2.14251400,160.22054600,Ethylamine--Hexamethylphosphoramide_(HMPA),0.00944717,5.29700000,170.56341700,73919,-0.03540987,0.46234656,-81.15932132,0.01908959
3.00977500,2.01062700,169.22171100,Aniline--Diethyl_Ether,0.02134232,3.25000000,133.58314500,71807,-0.03582040,0.41810532,-70.39256323,0.01697706
3.19210200,2.16859900,154.30744500,Histidine--Ethyl_Acetate,0.01033647,2.47700000,157.78369400,77194,-0.04269853,0.63404036,-99.00014419,0.02100607
2.93907900,1.93320300,172.03886700,Pyrrolidone--Propan-1-ol,0.02747542,3.75400000,101.97934100,73752,-0.03914994,0.45862075,-85.47061457,0.01809225
2.68480900,1.69490700,169.25844900,Lactic_Acid--Acetophenone,0.07904783,7.86000000,143.41600400,73575,-0.03975321,0.43682869,-57.09209099,0.05457804
2.71410900,1.74477700,166.29373700,Hydroquinone--Urea,0.06203542,6.07500000,113.25146800,78601,-0.03853738,0.54096621,-115.95071691,0.03317453
2.95195500,1.98728400,175.36898100,Propan-2-ol--Trioxane,0.02006051,3.24100000,89.53602900,79313,-0.03490189,0.42904360,-75.57175187,0.01200397
2.82851000,1.86296800,170.12474700,Propan-2-ol--N-Methyl-2-pyrrolidone_(NMP),0.03877247,5.06300000,113.68556400,76232,-0.03114496,0.49543529,-156.28676445,0.01870315
2.77970100,1.80655900,172.66821200,Ethylene_Glycol--N-Methyl-2-pyrrolidone_(NMP),0.04871451,6.35000000,106.81344300,78762,-0.04498651,0.50873827,-89.80921933,0.02753860
2.73170200,1.75103700,170.80189000,Propanoic_Acid--Gamma-Butyrolactone_(GBL),0.05563429,3.21200000,99.15849600,80165,-0.03910715,0.49539562,-92.12027454,0.02976059
2.92024400,2.01906600,152.92563500,Benzoic_Acid--Carbon_Dioxide,0.01826283,2.22600000,104.74927300,87745,-0.11536940,0.93659688,-56.73889238,0.05237975
2.79378800,1.81368700,171.05787300,Acetic_Acid--Formaldehyde,0.05138113,0.68300000,53.23459200,83521,-0.08354473,0.77511699,-77.23280640,0.09111811
2.94559000,1.93990700,169.69173700,Aniline--Quinoline,0.03837092,4.64000000,180.08177200,70462,-0.04610980,0.57837919,-74.42897926,0.01322834
2.79124000,1.80651500,177.13076700,Lactic_Acid--Ethyl_Acetate,0.04704202,1.99900000,108.88340200,78300,-0.04368241,0.40788494,-55.86086476,0.01563440
3.13054800,2.16651300,157.78571500,Butylamine--18-Crown-6,0.01148726,4.43600000,230.72604500,69501,-0.03035856,0.35332141,-63.56294817,0.00742003
3.06743500,2.05766600,179.23205000,Aniline--Benzaldehyde,0.01757830,5.43600000,158.10015800,74103,-0.05057868,0.54474795,-57.44587605,0.00883644
2.90144000,1.88813400,179.90050000,"Adenine--1,4-Dioxane",0.03269050,6.85000000,136.95047600,73594,-0.04739245,0.56320434,-78.25990682,0.00984294
2.93972000,1.98325000,168.18121000,Ethanol--Valerolactone,0.02263074,6.63900000,86.09761400,75982,-0.05044559,0.53219364,-67.11627739,0.01969219
2.89227600,1.92142600,178.71993600,Ethanol--18-Crown-6,0.03011799,3.70900000,202.82254700,72474,-0.03546295,0.50915810,-118.97470662,0.01479589
2.73419500,1.74223300,176.46095100,Benzoic_Acid--Acetone,0.06371502,2.00600000,127.01179000,76760,-0.04614667,0.54746062,-67.72552567,0.04217620
2.93001200,1.93101600,167.64020500,Urea--Acetaldehyde,0.03243067,1.32800000,66.43668900,82847,-0.05611486,0.68724410,-89.34618035,0.04863629
2.90022400,1.94165600,170.06182000,Butan-1-ol--Dimethyl_Ether,0.02569139,3.35200000,90.12058700,72695,-0.03089957,0.42908334,-98.89771671,0.01221507
2.67017800,1.68319000,170.86963300,"Propanoic_Acid--N,N-Dimethylformamide_(DMF)",0.06992371,3.18500000,97.39166900,79522,-0.03790870,0.49854321,-92.01570788,0.04538570
2.97515200,1.97111900,172.54566800,Indole--Ethanol,0.02370566,4.74000000,127.53403400,68624,-0.05324237,0.51904544,-64.04148905,0.01407660
2.70493000,1.64863100,179.73798700,Barbituric_Acid--Pyrazine,0.12198493,2.04400000,128.70074200,80912,-0.06928485,0.64256071,-64.24092268,0.05822016
2.87887500,1.90895800,175.07601800,Catechol--Anisole,0.03053801,2.07000000,161.11362000,68452,-0.03862954,0.48487939,-76.53468443,0.02166236
2.83058200,1.85139700,173.65474200,Glycine--Methyl_Acetate,0.03999918,2.40800000,90.09288200,77840,-0.04332923,0.49951285,-68.14814063,0.02916863
2.90650600,1.95423600,167.53165500,Ethylene_Glycol--Gamma-Butyrolactone_(GBL),0.02049979,8.05700000,90.78990700,76690,-0.06441726,0.65784700,-71.80864046,0.01923177
2.70051800,1.76524500,155.40484400,Butanoic_Acid--Methanol,0.06236887,1.45700000,79.50398700,78473,-0.03667891,0.52684541,-91.83421335,0.05785457
2.88818000,1.92246300,175.29244200,Hydroquinone--Sulfate_Ion,0.02247254,0.57700000,117.83588800,77464,-0.04948016,0.77959566,-104.12675577,0.01691045
2.68790200,1.70791900,167.75911300,Threonine--Cyclohexanone,0.06668597,3.24000000,142.92982200,77389,-0.03574428,0.58285675,-115.93478019,0.02241818
2.86623300,1.84449800,179.82155300,Imidazole--Pyridine,0.05651310,7.40800000,112.99856000,84185,-0.07286180,0.63344988,-48.95038102,0.08455048
2.60194000,1.57803700,178.12562700,Aspartic_Acid--Urea,0.12392747,5.12500000,109.97257500,75003,-0.04946865,0.79896646,-149.59355614,0.08381752
2.50819000,1.53797500,161.18958400,Sulfuric_Acid--Urea,0.11905302,3.42200000,81.92070100,83965,-0.08178369,0.84281087,-62.03288512,0.09355725
3.14833900,2.14560200,168.09441600,Methylamine--Pyrimidine,0.01635598,3.80300000,84.74353100,76252,-0.03710770,0.47056092,-74.87539283,0.01158185
2.90148600,1.88260200,178.14625000,Cytosine--Vinyl_Acetate,0.03178943,2.63300000,129.29270300,87122,-0.04722400,0.48217650,-55.49449199,0.03357447
2.78832400,1.80833100,160.41343300,Guanine--Propylene_Carbonate,0.04293352,4.86700000,151.87694300,63819,-0.04653513,0.68289696,-105.45896405,0.03125202
2.70924500,1.67496300,176.32858500,Guanine--Urea,0.08424067,1.72600000,130.41265800,70912,-0.06301176,0.74591969,-70.69257454,0.10971366
2.87870100,1.95137500,150.94149000,Pyrrolidone--Gamma-Butyrolactone_(GBL),0.02456593,1.71900000,110.13547500,71768,-0.05220409,0.50063443,-55.85796743,0.02224472
3.06849600,2.09456200,158.92416800,Hydrazine--Pyridine,0.01963296,2.49800000,86.35760900,78403,-0.03714634,0.41665440,-61.71771481,0.01174208
2.93751800,1.98038900,170.08099500,Butan-1-ol--Ethyl_Acetate,0.02205560,1.79800000,114.52427100,74039,-0.03744315,0.47628809,-92.14786225,0.01568123
2.95824800,2.01133100,165.08178800,Ethanol--Benzaldehyde,0.01873684,5.93300000,114.34977400,75570,-0.04687954,0.38270202,-36.39222205,0.01145956
3.17719600,2.20501700,159.52386300,Ethylamine--Morpholine,0.00833095,3.81700000,98.71115400,76319,-0.03260558,0.47126080,-84.50935691,0.00391086
3.12985100,2.16141800,157.77300200,Hydroxylamine--Ethyl_Acetate,0.01104729,2.33500000,76.61391500,80132,-0.04150957,0.45062765,-69.04388121,0.01380582
2.79443700,1.78129000,165.87905200,Barbituric_Acid--Valerolactone,0.05495295,5.16800000,123.00789200,72646,-0.05164940,0.50898634,-54.50356191,0.02935560
2.83206800,1.85438800,173.91694500,Benzoic_Acid--Ethyl_Acetate,0.03858064,3.99700000,143.58070400,75730,-0.04067064,0.44384112,-57.90943570,0.02309141
2.85629900,1.84183200,173.09243300,Formamide--Hexamethylphosphoramide_(HMPA),0.03457261,4.12100000,160.57954000,71073,-0.04932159,1.85108676,-229.92311730,0.05353836
2.72872000,1.73593700,179.06128500,Benzoic_Acid--Diethyl_Ether,0.06592326,2.12700000,142.25295000,74097,-0.03488783,0.44872484,-79.72483365,0.02477098
2.81723300,1.79829200,171.54170900,Uracil--Diethyl_Ether,0.05366254,6.39800000,124.25792600,75026,-0.04940403,0.65535154,-105.13010758,0.03798644
2.90136400,1.88875100,174.02351300,Acetamide--Ethanol,0.03859230,2.49900000,71.99975300,76923,-0.04866317,0.45287914,-54.79519633,0.04930962
2.70289200,1.70605200,174.53644900,Aspartic_Acid--Benzaldehyde,0.07761309,4.74500000,154.45612500,63653,-0.03601505,0.63392559,-94.46819249,0.01426258
2.88562700,1.92634200,169.87624600,Methanol--Tetrahydrofuran_(THF),0.02674574,4.04200000,73.10948800,78213,-0.03996434,0.49236331,-82.67928652,0.02462480
3.11736300,2.16139200,155.69461200,Ethylamine--Cyclohexanone,0.01234809,3.07400000,108.84785300,70462,-0.03372786,0.49200626,-88.23832912,0.00713609
2.84184500,1.82445700,171.57075100,Acetamide--Isoquinoline,0.06042785,3.11300000,142.11234900,75201,-0.05818655,0.66238407,-93.88083017,0.05348943
2.71386000,1.73309500,168.37313400,"Citric_Acid--1,4-Dioxane",0.06783576,2.22100000,155.04509400,76983,-0.03658437,0.37024598,-56.99988656,0.03362997
2.91252200,1.94299900,177.90742100,Hydroquinone--Valerolactone,0.02077069,6.30900000,129.67079700,73090,-0.03248095,0.55026016,-92.10031635,0.00700267
2.88690100,1.88875100,165.67206400,Guanine--Morpholine,0.03825454,3.94400000,154.92988000,73690,-0.05438520,0.64047576,-78.51089682,0.02509049
2.67930100,1.68280600,173.31608500,Aspartic_Acid--Acetone,0.08070358,3.39400000,114.72549200,78864,-0.03707293,0.50268474,-87.30347276,0.03868790
2.79661900,1.76265300,174.43799200,Cytosine--Isoquinoline,0.07828548,4.14000000,175.26720700,74998,-0.06665537,0.67479581,-62.46071074,0.07330100
2.69685200,1.71666000,168.66434200,Butanoic_Acid--Cyclohexanone,0.06590926,2.26700000,129.13069600,73322,-0.03006358,0.34165635,-66.21831362,0.03340033
3.17242900,2.27269000,146.79437500,Dimethylamine--Phenol,0.00612752,2.00400000,110.27215200,78493,-0.04703518,0.43907920,-49.49783180,0.00765310
2.93841300,1.93661400,169.96682900,Imidazole--Vinyl_Acetate,0.02782477,6.31300000,106.96448700,78416,-0.05308750,0.56697254,-82.11036684,0.02696009
3.01325500,2.00357400,179.13485200,Pyrrole--Benzaldehyde,0.02105991,6.84400000,135.73329000,82285,-0.04649302,0.48488560,-54.61141492,0.01208214
2.90087300,1.88415200,179.37045800,Tryptophan--Pyrazine,0.04719259,5.24200000,203.27642200,64889,-0.04264983,0.47169773,-67.90239025,0.00940132
2.76103000,1.77689800,176.05934100,Salicylic_Acid--Tetrahydrofuran_(THF),0.05146045,1.16900000,141.77144900,72210,-0.03998351,0.44454867,-66.00997793,0.02922024
2.71156500,1.75814200,161.11549200,Acetic_Acid--Gamma-Butyrolactone_(GBL),0.05203820,3.29000000,87.49934800,75671,-0.06520242,0.70799878,-97.19253977,0.05948399
2.93118700,1.93884500,166.09794100,"Histidine--N,N-Dimethylformamide_(DMF)",0.02572117,7.63900000,150.99914400,75314,-0.04995837,0.72818723,-104.06898785,0.01867457
2.88577300,1.98586900,152.28832800,Aspartic_Acid--Carbon_Dioxide,0.02105089,1.98200000,92.52949400,81844,-0.05993452,0.92316548,-122.56922131,0.02883665
3.12607200,2.11201300,176.19430000,Butylamine--Formaldehyde,0.01398895,2.06800000,79.66389700,79179,-0.03419571,0.36213280,-59.02808177,0.00677839
2.69629200,1.70229000,175.12467500,Glutamic_Acid--Cyclohexanone,0.07339524,4.06100000,156.07616800,75582,-0.05089399,0.82109593,-147.38276731,0.03563703
2.58331700,1.53471700,169.85399100,Piperidine--Phosphate_Ion,0.10479489,10.80400000,120.53824100,75471,-0.06221996,0.81609836,-78.83876195,0.05779693
2.74451800,1.75826100,176.09858900,Citric_Acid--Propan-1-ol,0.05386595,3.32200000,143.32388600,73501,-0.03593386,0.57853131,-101.98330725,0.01999533
2.66145100,1.71388200,156.12287500,Formic_Acid--Propan-1-ol,0.07362720,1.75700000,68.12169000,75756,-0.06195614,0.63839977,-77.76609683,0.09558763
2.74738000,1.78647400,166.60585400,Ethylene_Glycol--Dimethyl_Sulfoxide_(DMSO),0.04688291,5.62000000,90.82813000,78728,-0.06191884,0.81035531,-107.51795633,0.06244009
3.05342000,2.04476700,175.82281100,Aniline--Dimethyl_Ether,0.01854113,3.33300000,110.45121700,78120,-0.04101635,0.53565188,-91.69373276,0.01478263
2.78939500,1.81154200,178.29150200,Trifluoroethanol--Morpholine,0.04424327,4.10800000,97.79118700,77279,-0.04129276,0.43705097,-66.31629058,0.02181243
3.04268100,2.03705300,174.66961500,Pyrrole--Trioxane,0.01761227,3.75900000,99.39386500,81621,-0.03313867,0.41329890,-69.39564105,0.01293997
3.17014800,2.41864400,130.00852400,Dimethylamine--Pyruvic_Acid,0.01616548,1.61700000,86.02155300,77243,-0.04817160,0.59826510,-80.08960011,0.01382418
2.68604100,1.63326200,179.50514800,Saccharin--Pyridine,0.13118035,1.62700000,178.42314000,76118,-0.06038691,0.59076575,-49.50192985,0.04445517
2.96101900,2.16125800,133.49982700,Hydroxylamine--Propylene_Carbonate,0.01375040,5.14200000,76.61918100,81628,-0.05155201,0.50398830,-59.12450721,0.02121527
2.72232500,1.73227600,175.78537500,Cysteine--Ethanol,0.06279381,2.33800000,108.07461400,81273,-0.03977994,0.65770065,-117.52951093,0.03333770
2.94128800,2.12446300,136.43652400,Acetamide--Phenol,0.05635961,4.74800000,111.27761100,75405,-0.04427825,0.58893495,-103.44070786,0.03850128
2.65532600,1.63403200,177.85121100,Lactic_Acid--Pyridine,0.12933498,5.89800000,114.09012800,78935,-0.04458144,0.50610276,-64.40948216,0.06721460
2.72377400,1.73596900,169.81673300,Formic_Acid--18-Crown-6,0.06972266,2.93400000,192.97715400,69417,-0.03890323,0.51181415,-74.50720241,0.02739533
2.91671700,2.12827700,132.78512500,Cytosine--Pyruvic_Acid,0.11311939,2.07100000,120.26193800,78083,-0.05555347,0.62707607,-78.17266340,0.06637115
2.75775300,1.76983800,178.57896900,Alanine--Methanol,0.05344215,2.37400000,76.90239000,77491,-0.05644456,0.73880325,-86.11521317,0.03792850
3.08390400,2.07012200,172.74678100,Ammonia--Quinoline,0.02234932,2.76400000,117.12011500,65666,-0.04355239,0.54220711,-71.79143576,0.01656847
2.92934400,2.14838800,132.70685700,Pyrrolidone--Propan-2-ol,0.04317855,3.44600000,101.87764300,76018,-0.03593870,0.43385818,-73.49390871,0.02270535
2.76717100,1.79551400,168.79000900,Hydrogen_Peroxide--Propan-2-ol,0.05301350,2.40200000,58.90357200,80946,-0.05503127,0.54011996,-67.62380177,0.06639983
2.72168400,1.77033400,165.04151700,Sulfuric_Acid--Methyl_Acetate,0.05502740,3.78500000,91.68628100,78594,-0.07839212,0.87126921,-82.50687346,0.07345413
2.89656700,2.00083800,151.48164900,Lactic_Acid--Carbon_Dioxide,0.02004553,2.61000000,70.08233900,84915,-0.06313762,0.64538603,-65.58188299,0.03563978
2.66649900,1.65034800,177.19918100,Glycine--Isoquinoline,0.12056910,5.15800000,146.81348000,71405,-0.04316846,0.43085781,-53.93852512,0.05727840
2.73553000,1.74927700,171.42361800,"Serine--1,4-Dioxane",0.06431318,3.00400000,116.61609000,79433,-0.03570582,0.49802349,-92.91151860,0.02500942
2.74214300,1.75431100,175.00696100,Butanoic_Acid--Acetic_Acid,0.05884857,1.37000000,92.48528000,73484,-0.03901968,0.61929153,-100.77622795,0.03331209
3.05667200,2.04903700,169.29669700,Butylamine--2-Picoline,0.02485798,3.03800000,135.69514200,71518,-0.03962768,0.41031805,-58.91068505,0.00882878
2.73002700,1.73857600,175.96801900,Butanoic_Acid--Tetrahydrofuran_(THF),0.06639114,1.82600000,109.33054200,75209,-0.03005174,0.45712050,-111.60721829,0.03405825
2.81311300,1.90836000,153.89451200,Trifluoroethanol--Pyruvic_Acid,0.02673722,2.35100000,84.88393900,81552,-0.05914590,0.72834882,-89.07009735,0.02210444
3.12741600,2.12707400,166.61491100,Dimethylamine--Pyrazine,0.01833138,1.43200000,96.73956000,77045,-0.06399548,0.58623476,-61.39262020,0.02069823
2.71884200,1.72439200,176.78779600,Threonine--Propan-2-ol,0.06962569,2.32800000,116.25724500,79755,-0.03395434,0.55767658,-100.16181786,0.03195506
2.81629700,1.84445700,173.40134800,Glycerol--Butan-2-one_(MEK),0.03933205,3.90000000,107.12875100,79699,-0.03874775,0.61766255,-114.24739510,0.03443595
2.81296600,1.84769300,166.27241500,Glutamic_Acid--Trioxane,0.04308567,2.67700000,129.59922900,75475,-0.06218646,0.73306679,-93.07269222,0.04846048
2.85128500,1.87977200,172.82414200,Methanol--Pyridine,0.04687378,4.40500000,84.87950900,73916,-0.04614552,0.53882246,-80.28740686,0.04664465
2.76034700,1.79360500,168.70689400,Ascorbic_Acid--Butan-2-one_(MEK),0.04749245,7.07000000,147.07874900,75813,-0.05112642,0.50239909,-55.66236220,0.02788113
2.73317700,1.75592100,170.85219300,Trifluoroethanol--Acetone,0.06052383,3.45600000,78.08925000,83435,-0.04884955,0.73032145,-146.21420046,0.04737390
2.94004300,1.98897100,165.59701100,Cyclohexanol--Hexamethylphosphoramide_(HMPA),0.01641400,4.38300000,207.45992400,72427,-0.03910212,0.43994404,-61.37527157,0.04352784
2.94961700,2.06508500,150.91681000,Phenol--Diethyl_Carbonate,0.01590741,1.44200000,146.92291900,73175,-0.03310111,0.41761566,-72.13470612,0.00622102
2.77402000,1.79035900,171.91613100,Citric_Acid--Formaldehyde,0.05629279,1.41600000,117.27971700,73622,-0.04441084,0.43563965,-58.27448807,0.03470748
2.84298000,1.84799500,165.34658100,N-Methylformamide--Dimethyl_Sulfoxide_(DMSO),0.03933737,7.28800000,92.48272100,76779,-0.05131511,0.62600298,-97.06700117,0.03701143
2.51802200,1.58231700,155.43424400,Sulfuric_Acid--Acetophenone,0.10136553,3.83000000,137.74610600,73913,-0.06360559,0.60536764,-50.15185901,0.07124336
2.76472300,1.78015500,171.58184000,Aspartic_Acid--Formaldehyde,0.05869203,2.49500000,92.06592700,77180,-0.05712176,0.95448780,-159.26214359,0.04309500
2.69294200,1.68501500,176.68931500,Aspartic_Acid--Pyrazine,0.10562836,2.62300000,132.02755300,72504,-0.03942547,0.43011670,-79.12505933,0.03685570
2.73898900,1.74064700,178.08260900,Salicylic_Acid--Pyrazine,0.08433821,1.74700000,148.96091300,77814,-0.04617454,0.55695334,-74.19668495,0.04676428
2.86260100,1.89403100,173.36919700,Hydrogen_Peroxide--Acetic_Acid,0.02566714,2.61700000,48.98929900,87199,-0.06097621,0.73542442,-94.04977369,0.04047724
2.90593800,1.89548900,176.43521200,Adenine--Cyclohexanone,0.02782579,10.82400000,151.63339000,74038,-0.03741148,0.47919538,-85.69805791,0.01744144
3.13132600,2.11806500,172.88074100,Ethylamine--Pyridine,0.01771447,3.31100000,100.82523500,69772,-0.03190712,0.46635994,-101.13990852,0.00931448
2.87335500,1.91763200,168.39061600,Benzyl_Alcohol--Trioxane,0.02964784,2.01900000,128.98869100,76268,-0.03697396,0.36818828,-50.48650447,0.01746918
2.94954000,2.00077400,166.36233800,Propan-2-ol--Butan-2-one_(MEK),0.01694651,5.42000000,97.75459000,78865,-0.02492867,0.35917742,-107.77440846,0.01104184
2.91064500,1.96106600,163.29699500,Benzoic_Acid--Propylene_Carbonate,0.02635108,4.70000000,143.55547600,72699,-0.04520229,0.49833243,-68.86941497,0.01842003
2.62224800,1.60319300,178.72398800,Alanine--Urea,0.11304038,3.89700000,91.95415800,73774,-0.05637967,0.51411634,-56.99832907,0.11613958
2.68752100,1.69043500,172.88168900,Formic_Acid--Acetone,0.07783987,3.21500000,64.69804500,75390,-0.04619582,0.53162568,-78.75062490,0.06981958
2.75704500,1.77452700,170.03970200,Formic_Acid--Trioxane,0.05802940,0.74400000,68.12030200,76533,-0.05758961,0.79656394,-141.41587458,0.05769277
3.23114200,2.50776200,127.71125300,Ethylamine--Methyl_Acetate,0.01001229,3.24100000,83.91544300,75132,-0.03904478,0.39087863,-56.72051495,0.01459459
2.79673100,1.83502100,164.01107600,Ascorbic_Acid--Morpholine,0.06291711,9.82600000,155.01311400,73817,-0.06085168,1.12935980,-151.84898175,0.03326383
2.62080400,1.62951000,175.08499400,Sulfuric_Acid--Diethyl_Ether,0.10265882,4.29900000,101.73017000,77521,-0.06461010,0.73929134,-84.05649016,0.09733297
2.90212600,1.93075800,159.54240100,Adenine--Ethylene_Carbonate,0.02947920,10.53800000,126.83520700,71681,-0.04874596,0.54830755,-57.60617656,0.02100817
2.97998600,2.10850300,142.95708000,Uracil--Carbon_Dioxide,0.01336065,4.42500000,86.79067400,83545,-0.07896710,0.99824884,-94.87767663,0.02592282
2.75172200,1.77206000,175.35551600,Trifluoroethanol--Tetrahydrofuran_(THF),0.05519715,4.23000000,88.16529700,78406,-0.04617560,0.41357286,-50.44564533,0.02653577
2.78383500,1.77605800,168.70360700,Guanine--Hexamethylphosphoramide_(HMPA),0.04392409,1.15600000,226.77765600,62323,-0.04502842,0.61918745,-76.05797953,0.03983107
3.08263900,2.77707400,98.01258000,Urea--Ethylene_Carbonate,0.00337992,1.86900000,82.83396600,80620,-0.06923119,0.70794954,-71.13906054,0.02899687
2.99476200,1.99421400,169.62781700,Pyrrolidone--Ethyl_Acetate,0.02383263,5.95400000,115.18266900,71337,-0.04651084,0.40026480,-43.19933043,0.02487426
2.95150100,2.00407700,165.47959000,Propan-1-ol--Cyclohexanone,0.01768140,5.68900000,116.08733500,76074,-0.03035892,0.46088326,-106.12119028,0.00186312
2.73288400,1.75448600,167.93120700,Chloroacetic_Acid--Trioxane,0.06280404,0.94700000,91.95957700,79820,-0.07090547,1.02012730,-121.01096952,0.05592223
2.89955100,1.89447100,169.48404700,Acetamide--Tetrahydrofuran_(THF),0.03709106,2.71700000,90.38889700,77056,-0.04786358,0.49378626,-58.89581355,0.03976889
2.79079700,1.83691400,164.90537400,Ascorbic_Acid--Acetamide,0.03463788,7.21700000,133.08587100,75656,-0.05000001,0.57861320,-81.12309571,0.03706111
3.08911700,2.10332600,161.73944100,Dimethylamine--Quinoline,0.02076647,3.36000000,141.22476900,72057,-0.05626765,0.63088312,-82.52560266,0.01724865
3.02810800,2.02348400,173.95804700,Pyrrole--Valerolactone,0.01624585,7.95800000,107.50224300,75105,-0.03006478,0.39035212,-71.18965725,0.00413701
2.76588100,1.77563600,178.81328000,Cysteine--Pyruvic_Acid,0.05559247,0.73500000,123.17811900,74359,-0.03876885,0.47381014,-75.84686330,0.01980469
2.91485700,1.90001400,175.87981000,Formamide--Benzaldehyde,0.03261382,2.41700000,108.84080000,83247,-0.07772833,0.77118717,-84.65793337,0.05604024
2.94133200,1.93224000,178.92407400,Tryptophan--Acetamide,0.02313617,9.51700000,183.52560000,69199,-0.03907175,0.37352277,-49.63020145,0.01436006
2.99322500,2.11099400,151.43497600,Butan-1-ol--Ethylene_Carbonate,0.01240772,5.28500000,102.97662300,74206,-0.03149344,0.37144845,-64.92238055,0.00352566
2.80257800,1.89953200,151.72789800,Salicylic_Acid--Oxime,0.04653246,3.19000000,118.25162700,72927,-0.04570777,0.48228614,-62.28355300,0.04482036
2.90494400,1.89347400,179.18218000,Adenine--Acetone,0.02784465,10.26300000,121.75714500,77444,-0.03421543,0.40473659,-69.89760381,0.00920525
2.76119400,1.81265800,162.04352500,Trifluoroethanol--Valerolactone,0.04692848,4.98600000,89.66178500,81336,-0.05117753,0.47133928,-51.57275902,0.02543656
2.82368600,1.85444200,170.00525900,Methanol--2-Picoline,0.05253820,4.08600000,96.34563900,70845,-0.03843355,0.42014597,-59.28896778,0.03540167
2.84501800,1.98304000,140.96893500,Thymine--Oxime,0.03921543,4.45400000,107.08787800,81116,-0.05360063,0.64849784,-72.26026787,0.04698508
3.04866100,2.10277200,152.87618000,Hydroxylamine--Benzaldehyde,0.01595285,3.28300000,99.78694600,79713,-0.04006792,0.44251840,-61.26422204,0.01179813
2.71304400,1.72247100,173.93827700,Butanoic_Acid--Acetone,0.06769039,2.17900000,99.26654000,75029,-0.03413602,0.48380507,-101.53323609,0.03861974
3.00617500,2.19865900,135.93453200,Urea--Phenol,0.06090584,5.85300000,108.85725800,82792,-0.05342094,0.62948467,-86.98445103,0.06873432
2.89364400,1.92406400,174.63881100,Hydroquinone--Benzaldehyde,0.02708210,4.89100000,157.92925600,67392,-0.03076068,0.41690558,-71.21164074,0.00529059
2.85778800,1.85386500,168.43483100,Pyrrolidone--Butan-2-one_(MEK),0.04108984,1.10300000,110.20659500,68033,-0.04383859,0.42555618,-57.30856880,0.04534485
2.95249400,2.00394800,165.94947600,Methanol--Oxime,0.01968628,2.03800000,49.42903400,89023,-0.04246254,0.46374284,-66.25354314,0.02868643
2.68303700,1.74103700,155.77806300,Serine--Methanol,0.07072065,2.45000000,81.74541900,81933,-0.04131817,0.64483365,-130.62624884,0.04607244
2.90438000,1.95414100,166.36966400,Butan-2-ol--Diethyl_Ether,0.02279573,3.31400000,113.04160300,76741,-0.03699673,0.35714054,-63.41002727,0.01894278
2.93883300,1.96610100,160.74583200,Indole--Propan-1-ol,0.02506846,4.52100000,139.21655300,72002,-0.04277710,0.52855325,-90.74259541,0.01374735
2.79754400,1.82068500,172.16324700,Glucose--Acetone,0.04683980,3.40500000,139.74404500,76983,-0.04199491,0.38605414,-44.41629256,0.04024194
2.71476200,1.72648200,171.43100100,Glutamic_Acid--Tetrahydrofuran_(THF),0.07078342,2.50400000,136.23766100,78735,-0.04886707,0.52249545,-61.77859119,0.02110974
3.07227400,2.11946100,154.95485300,Hydrazine--Acetophenone,0.01348248,2.76700000,115.59708600,68615,-0.03579105,0.52485964,-103.71324931,0.02027399
2.61394600,1.63025100,169.90198800,Sulfuric_Acid--Morpholine,0.10224437,4.11600000,106.16890600,78447,-0.06216723,0.86561474,-93.26640092,0.06522075
2.59412300,1.59634900,157.88747600,Ethylamine--Phosphate_Ion,0.08952043,8.25000000,79.21797000,76533,-0.07770386,0.82921801,-76.97948860,0.21785911
3.10709400,2.10059000,170.32128000,Butylamine--Morpholine,0.01477103,2.88100000,122.06390100,77254,-0.03535293,0.55683330,-92.67553505,0.00398403
3.01413200,2.00832700,174.03695300,N-Methylacetamide--Dimethyl_Ether,0.02059894,6.56000000,84.30976800,77118,-0.04694600,0.62520286,-112.80632775,0.02082631
3.14648300,2.16237400,162.30803200,Dimethylamine--Trioxane,0.01133309,1.81500000,82.84480200,78706,-0.05759591,0.53901552,-56.22757332,0.00996431
2.72162600,1.71977900,176.94559900,Acetic_Acid--Pyrazine,0.09181621,1.93300000,93.21951800,80634,-0.06689152,0.65100458,-66.47824080,0.11194668
2.97017200,1.96075900,179.53562200,Tryptophan--Vinyl_Acetate,0.02340883,7.19200000,201.77070000,63308,-0.03693550,0.42119084,-58.30929825,0.01176012
2.80126100,1.83351700,167.44223900,Acetic_Acid--Anisole,0.04178229,3.05000000,118.80167400,76391,-0.05391456,0.75087940,-114.29898039,0.04608971
2.83974000,1.89743900,161.52042100,"Cyclohexanol--N,N-Dimethylacetamide_(DMAc)",0.03387774,5.38800000,137.02862900,74725,-0.03657070,0.48836608,-84.36936865,0.03457408
2.68417600,1.74173800,155.91833000,Alanine--Ethanol,0.06932002,0.57300000,88.49463600,81070,-0.04419708,0.50163624,-68.77944121,0.06251097
2.69847200,1.68839900,175.78438000,Formic_Acid--Pyrazine,0.10517198,2.54500000,82.00056000,83808,-0.09457625,0.77150888,-52.00953265,0.19350038
2.72558900,1.73209500,177.13390700,Propanoic_Acid--Acetophenone,0.06661900,3.24500000,138.70503400,71012,-0.03869330,0.39709763,-59.10248453,0.02707219
2.94552500,1.98138700,171.41188000,Fructose--Diethyl_Carbonate,0.02199144,4.97100000,174.54651900,75470,-0.05020152,0.59403089,-94.94567631,0.04161421
2.92816500,1.91558300,175.79949200,N-Methylformamide--Acetophenone,0.03314754,8.88300000,131.94296600,67089,-0.03866453,0.35883108,-45.16121442,0.01772754
2.86906300,1.85636400,169.74665200,Formamide--Pyrimidine,0.05401720,5.78600000,86.39723400,86529,-0.08284100,0.74553874,-57.63048830,0.10502010
2.82045500,1.85127500,171.86819000,Hydroquinone--Tetrahydrofuran_(THF),0.03994931,3.09000000,128.16643400,73567,-0.03405365,0.40687743,-66.74963673,0.01472108
2.86993900,1.90070000,173.27008300,Benzyl_Alcohol--Pyrimidine,0.04211708,3.63600000,142.96791000,77188,-0.05490843,0.58851696,-62.32616112,0.02365945
3.09772000,2.14021300,155.45050800,Hydroxylamine--Trioxane,0.01061239,1.24300000,63.49781400,80054,-0.04591727,0.47652924,-62.41568996,0.00986458
2.95729500,1.94870900,177.97120500,Indole--Acetamide,0.02164389,7.90000000,133.45299800,80000,-0.05067347,0.54015778,-75.21633367,0.01286010
2.80083300,1.82159300,174.16951700,Glycerol--Pyridine,0.05802737,3.20600000,117.37970400,79625,-0.04061070,0.51262421,-77.43839799,0.04100597
2.85466600,1.88611900,173.87464200,Propan-2-ol--Propan-1-ol,0.03428271,2.63600000,89.42562600,80087,-0.03040254,0.36396451,-79.10491459,0.02310442
2.85517500,1.88428200,175.59499400,Methanol--Diethyl_Ether,0.03544103,2.80900000,78.25212600,79350,-0.03308430,0.43340399,-90.21359301,0.03824071
2.74247000,1.75288200,176.33161100,Alanine--Morpholine,0.05995242,2.42200000,116.42359900,74370,-0.04819335,0.51827619,-78.72452508,0.03853020
2.65578700,1.67161700,179.29589400,Sulfuric_Acid--Methanol,0.08354859,5.10400000,66.77533800,81924,-0.06659328,0.77902118,-71.92826907,0.09622432
2.90143400,1.93330300,174.35152600,Resorcinol--Cyclohexanone,0.02291324,6.50400000,148.08914700,69359,-0.03740899,0.43701736,-62.66767230,0.00741793
2.87756000,1.90601000,178.46841900,Propan-1-ol--Ethanol,0.03255674,3.13700000,77.82768100,74226,-0.03449472,0.50769179,-146.04554154,0.02978268
2.96307300,2.33528100,118.76631100,Ethylamine--Acetic_Acid,0.11815538,2.06500000,72.00190400,77948,-0.03235396,0.52096098,-138.18418708,0.06508083
2.54305400,1.48572800,167.59716600,N-Methylformamide--Phosphate_Ion,0.14235051,4.20200000,81.55083500,81430,-0.07751681,0.77958616,-63.17587505,0.03474591
2.75218000,1.83930700,153.54286200,Methanol--Urea,0.04480522,4.24900000,58.12735900,80897,-0.05469648,0.66966350,-87.86928829,0.08159836
3.16512200,2.15200000,173.40061100,Ethylamine--Pyrazine,0.01480842,1.59000000,96.28340300,72247,-0.03304018,0.42259226,-76.70087390,0.00649628
2.89556900,1.88808000,170.54635600,Urea--Pyrimidine,0.04685489,5.26100000,95.15665500,80509,-0.07182838,0.65540750,-55.81806842,0.06744369
2.86279700,1.91612800,164.86815700,Butan-1-ol--18-Crown-6,0.03090531,3.42400000,226.26786700,66783,-0.02911476,0.40164461,-77.98131931,0.01184701
2.73200600,1.69035000,174.29983500,Barbituric_Acid--N-Methyl-2-pyrrolidone_(NMP),0.08211371,6.18200000,139.02664400,73344,-0.05992769,0.56159319,-57.81902188,0.07209600
2.86742100,1.82424600,156.19555800,Pyrrolidine--Sulfate_Ion,0.11522879,1.73100000,96.51050700,73111,-0.07348601,0.66811175,-51.30727157,0.38981771
2.74775700,1.77681700,165.70370000,Lactic_Acid--Anisole,0.05736932,2.85400000,135.17487800,72061,-0.04648940,0.55476650,-81.14785405,0.04138283
2.70706100,1.70938200,174.70608500,Formic_Acid--Tetrahydrofuran_(THF),0.07547795,2.57000000,74.74656900,74232,-0.05241032,0.48876055,-51.35056696,0.07459151
2.80187100,1.83430000,168.21854900,Ethylene_Glycol--Quinoline,0.05706477,5.60300000,141.03167400,73847,-0.04546774,0.47951541,-58.71364948,0.03395501
2.74404900,1.75664100,176.64246800,Cysteine--Dimethyl_Ether,0.05498591,1.21800000,108.54003700,80105,-0.03962180,0.45050873,-55.72197690,0.03528928
2.71130000,1.72304100,171.40151300,Formic_Acid--Gamma-Butyrolactone_(GBL),0.06446166,4.09300000,76.25686600,73427,-0.04995974,0.57927470,-80.36750790,0.06606094
3.23904000,2.42372900,136.60007700,Propylamine--Gamma-Butyrolactone_(GBL),0.00817309,3.49400000,102.09489000,73748,-0.04301452,0.70285888,-125.65138517,0.01089034
2.95256500,1.99964300,153.38123200,Hydroxylamine--Acetic_Acid,0.05742910,1.42700000,53.27803400,76345,-0.05440909,0.72236436,-109.80243610,0.08860071
2.54115800,1.47552100,174.45834500,Imidazole--Phosphate_Ion,0.14088033,7.06500000,91.99473100,79745,-0.08569719,1.36725655,-183.42374578,0.00732763
2.77905200,1.79930400,177.12643400,Trifluoroethanol--18-Crown-6,0.04975515,5.27200000,206.42166500,71435,-0.04149351,0.42778972,-58.90323615,0.01744264
2.88971700,1.94222500,165.20373600,Ethylene_Glycol--Anisole,0.02594045,4.35300000,122.11380600,75824,-0.04720985,0.40435407,-41.33771731,0.02159657
2.82386700,1.81731100,169.52749200,Guanine--Benzophenone,0.04247059,1.47800000,237.51597000,52984,-0.03416952,0.50174678,-67.80599877,0.01534107
2.72041400,1.72974800,170.70443700,Propanoic_Acid--Pyrimidine,0.08589665,3.55300000,104.97745700,79915,-0.03544706,0.53902669,-108.97642561,0.03652529
2.92040500,2.02771200,151.31749500,Propanoic_Acid--Carbon_Dioxide,0.01776060,1.91800000,65.34885300,81346,-0.05620951,0.64793479,-78.46290320,0.02420148
2.92126800,1.95195800,177.10014200,Catechol--Valerolactone,0.02041807,6.09600000,129.81480300,76732,-0.04422738,0.49217924,-66.04628461,0.01713326
2.75040300,1.71006600,174.52433200,Thymine--Pyridine,0.09765765,7.22900000,142.32447700,77303,-0.05458803,0.80931280,-107.49923774,0.06155637
2.91956800,1.96235900,169.09959700,Ethanol--Benzophenone,0.01981145,5.62500000,176.77914200,70235,-0.03094439,0.43146202,-67.46777003,0.00977819
3.10525200,2.12840200,159.79888900,Pyrrolidine--Pyrazine,0.01813883,1.59300000,114.71853500,71850,-0.04830177,0.48562358,-61.24913106,0.01122770
3.03288600,2.24575900,132.80540200,Dimethylamine--Acetamide,0.05975066,3.15300000,76.84418600,76140,-0.04710627,0.51984192,-71.22203069,0.07102060
3.10267100,2.10890600,165.63867800,Ammonia--Propan-1-ol,0.01486864,1.39100000,58.69160800,76800,-0.03303283,0.58392142,-123.90707566,0.01326706
2.84673000,1.90339600,162.43123400,Ascorbic_Acid--Acetic_Acid,0.05767752,5.63400000,128.77341900,77281,-0.05229672,0.64505791,-74.67874141,0.03021321
2.96883800,1.97636200,166.14210300,"Aniline--N,N-Dimethylacetamide_(DMAc)",0.02378270,4.06300000,139.39781500,73019,-0.04127240,0.51302966,-79.55280567,0.03061849
2.77138800,1.74488800,173.67247200,Saccharin--Cyclohexanone,0.06811262,4.41200000,186.51138600,72030,-0.05598477,0.67209542,-76.15639736,0.01148489
2.86925000,1.94701700,157.29149000,Catechol--Pyruvic_Acid,0.02790969,2.15700000,125.02629100,75470,-0.04876363,0.53187030,-61.89758702,0.02102586
2.85269200,1.90183100,162.79724400,Butanoic_Acid--Diethyl_Carbonate,0.03293943,2.05500000,132.53964100,73958,-0.03385546,0.41390397,-73.49496858,0.01430701
2.61092800,1.59026800,177.94205700,Citric_Acid--Urea,0.11843300,4.09000000,135.17118200,68466,-0.04545665,0.87400652,-128.04666700,0.03541931
2.97264300,2.39475800,114.97850000,Pyrrolidine--Acetic_Acid,0.11949476,2.13600000,90.32644800,72652,-0.04467455,0.51272074,-89.74345099,0.08402059
2.92672400,1.98885900,162.16147200,Propan-1-ol--Vinyl_Acetate,0.02020635,4.24700000,102.03029000,76256,-0.03125989,0.45742677,-88.50600801,0.01370445
2.69139800,1.68293000,177.22295500,Salicylic_Acid--Isoquinoline,0.10583817,1.62300000,193.43612500,61506,-0.03907313,0.61855761,-137.80847106,0.03036075
2.76156700,1.77763600,174.45170400,Hydrogen_Peroxide--Acetamide,0.05544798,4.95600000,53.28938900,81881,-0.05509403,0.58551164,-80.27959002,0.05828567
2.84899900,1.88434300,171.13880500,Methanol--Propan-1-ol,0.03607827,3.00000000,66.35774100,80147,-0.03708583,0.41214787,-65.73831161,0.02285055
2.67817300,1.70540200,166.71597600,Trifluoroethanol--N-Methyl-2-pyrrolidone_(NMP),0.07089538,4.55800000,105.67397200,76109,-0.05145956,0.78499549,-92.89367464,0.04814874
2.73100600,1.74382000,170.74152500,Serine--Dimethyl_Ether,0.06799431,2.01100000,93.59151400,81431,-0.03755936,0.50493941,-96.89129299,0.03515175
2.86263500,1.85182200,170.95765900,"Urea--N,N-Dimethylformamide_(DMF)",0.04390384,0.75000000,87.47341000,77034,-0.04894394,0.56780697,-78.32465912,0.04988108
2.77351200,1.78845300,177.86646900,Butanoic_Acid--Dimethyl_Ether,0.04976686,2.35800000,91.42228300,75761,-0.03090126,0.36018301,-71.55473101,0.02553110
2.65438800,1.64710700,174.39179900,Oxalic_Acid--Acetone,0.09442555,4.61100000,82.87194100,77447,-0.06171531,0.63920117,-69.03691547,0.08844621
3.16868400,2.22992900,152.71607200,Hydrazine--Trioxane,0.00973647,2.46400000,67.93985200,75818,-0.04660061,0.50384952,-71.97895366,0.01691041
3.09824300,2.12305000,160.06192400,Ammonia--N-Methyl-2-pyrrolidone_(NMP),0.01279150,3.08700000,82.91622600,78383,-0.04132435,0.42400989,-64.98825712,0.01866891
3.12709300,2.12014800,170.33247100,Methylamine--Formaldehyde,0.01376740,2.12700000,44.72365800,83530,-0.04736809,0.59420211,-111.28640187,0.01700102
2.82135300,1.85955900,167.84519300,Hydroquinone--Acetic_Acid,0.03862583,3.19800000,111.29348500,80647,-0.04160895,0.48776659,-70.21714532,0.01969612
2.72678000,1.73042300,176.16384300,Oxalic_Acid--Pyruvic_Acid,0.06734002,3.71300000,89.72263500,79321,-0.07219613,1.00248037,-115.37240131,0.06654726
2.76259300,1.79024000,170.26695900,Hydroquinone--N-Methyl-2-pyrrolidone_(NMP),0.05154118,6.15300000,145.66500900,72546,-0.03107990,0.49949139,-147.96098477,0.02116502
2.71583100,1.72429800,171.95966500,Trifluoroethanol--2-Picoline,0.08978010,5.18400000,111.40198500,74638,-0.04744615,0.71299147,-112.56592353,0.04568139
2.98257700,1.98918600,167.21894700,Histidine--Cyclohexanone,0.02174414,7.12900000,171.13195600,74527,-0.04245761,0.48395636,-66.89684917,0.01413700
3.06827300,2.08805800,160.45372000,Hydrazine--Butan-2-one_(MEK),0.01739467,2.22400000,76.11367500,73004,-0.04264344,0.41148728,-54.17935249,0.03352152
2.71722400,1.71464700,175.85557100,Serine--Pyrimidine,0.09346073,2.26700000,118.82189700,72603,-0.03379190,0.40008038,-68.27375802,0.04167403
2.81572000,1.84978900,171.19579200,"Butan-2-ol--N,N-Dimethylacetamide_(DMAc)",0.03555309,5.25300000,118.82994300,75599,-0.04502809,0.48195372,-67.51830903,0.03956096
2.88572800,1.91581500,176.41417700,Resorcinol--Acetone,0.02400812,5.96600000,118.20722400,74235,-0.03562070,0.43593204,-87.36701775,0.01402180
3.10459900,2.09238400,174.29601700,Piperidine--Pyrimidine,0.02021023,2.47500000,138.28625900,72914,-0.03016197,0.42810668,-80.09130551,0.00453405
2.86134000,1.88769500,173.44717200,Ethanol--Quinoline,0.04547395,4.45000000,136.34706200,68166,-0.04515320,0.43133259,-47.65214146,0.02635939
2.70414200,1.74367000,163.95887400,Propanoic_Acid--Cyclohexanone,0.05065794,1.81400000,117.48526200,78074,-0.03811798,0.45106344,-76.77867660,0.03562329
2.67561400,1.68601500,176.49247200,Glutamic_Acid--Hexamethylphosphoramide_(HMPA),0.05863387,5.38600000,217.80208000,72862,-0.04119593,0.53196672,-82.18279560,0.03408378
2.66300700,1.67486500,170.21331400,"Glycine--N,N-Dimethylformamide_(DMF)",0.07277585,4.34400000,94.84957300,77254,-0.05619851,0.76019886,-114.30290973,0.05632167
2.74200700,1.76468300,172.25461600,Hydrogen_Peroxide--Hexamethylphosphoramide_(HMPA),0.04405753,4.53200000,147.27268400,74145,-0.04383940,0.64171599,-155.03281962,0.04520245
2.78209300,1.80056100,177.16640700,Benzoic_Acid--Vinyl_Acetate,0.04036280,1.57800000,142.87301200,79435,-0.04808075,0.50224490,-69.40344313,0.03112636
2.72147300,1.72985800,172.42171400,Lactic_Acid--Acetaldehyde,0.07049553,4.23200000,80.94825000,79062,-0.05531322,0.57034142,-66.12274434,0.07068029
2.83293400,1.88575700,165.12617700,Butan-1-ol--Hexamethylphosphoramide_(HMPA),0.02500336,6.16300000,189.56129800,67764,-0.03180501,0.62878401,-128.07992495,0.01502107
2.85015000,1.83350200,171.60439600,Acetamide--Pyridine,0.05876086,3.61100000,102.16238000,77381,-0.06007929,0.56385281,-54.51365516,0.06477135
2.70284900,1.70578800,176.62968000,Aspartic_Acid--Cyclohexanone,0.07421824,3.91500000,144.60076500,71984,-0.03492063,0.45075423,-79.17750824,0.02274154
2.70852200,1.66393600,179.01553000,Thymine--Acetamide,0.09340524,5.10400000,118.10622500,77674,-0.05169350,0.82928158,-94.72737780,0.10184921
2.97145200,1.98793300,163.07262700,N-Methylformamide--18-Crown-6,0.02568415,3.14600000,209.22703800,73532,-0.03885211,0.91591536,-175.72618068,0.02314323
2.71480100,1.67864000,179.30345200,Uracil--Dimethyl_Sulfoxide_(DMSO),0.07856237,7.54100000,120.58925700,73747,-0.04950892,0.54838971,-66.44867179,0.05819886
2.88597600,1.87486200,171.54671100,Guanine--Formaldehyde,0.04104909,3.74700000,112.57044500,74469,-0.07062891,0.83368012,-110.65312816,0.05616841
2.94086400,1.93382100,171.55427300,Formamide--Methanol,0.02606758,4.00600000,49.19938800,80880,-0.05631517,0.60168362,-75.66438825,0.05231619
3.12117000,2.14737700,159.55561000,Dimethylamine--Dimethyl_Ether,0.01178874,2.66000000,71.58062200,76614,-0.05257291,0.58825244,-79.45040769,0.01210788
2.92780500,1.97625800,163.93014300,Propanoic_Acid--Ethylene_Carbonate,0.02493058,4.29400000,92.64614900,76837,-0.04837535,0.77249425,-168.58682157,0.01757393
2.75168100,2.00695200,131.59164900,Benzyl_Alcohol--Acetic_Acid,0.06874134,1.10400000,118.73005000,70848,-0.04491605,0.43122470,-49.87574073,0.05145901
3.06288400,2.10807700,155.76523700,Butylamine--Hexamethylphosphoramide_(HMPA),0.01074202,5.20200000,193.92712700,70192,-0.03420960,0.56025157,-109.43364168,0.02194333
2.85755100,1.90240300,166.05794800,Propan-1-ol--Acetone,0.03360585,3.71800000,86.14831100,76892,-0.02888850,0.42071500,-97.87000508,0.02009060
2.92225000,1.91302400,177.39507400,Adenine--Sulfate_Ion,0.02551425,6.56200000,121.51176500,81244,-0.06880179,0.97289731,-119.75805582,0.01137636
2.65587600,1.67711500,175.20186300,Sulfuric_Acid--18-Crown-6,0.07817185,5.33900000,214.89677900,73613,-0.05229249,0.71013913,-78.52642794,0.03792113
3.27692800,2.31829300,169.42309000,Fructose--Carbon_Dioxide,0.00527555,5.58500000,118.99816800,80996,-0.04911528,0.93337720,-156.24063042,0.04120169
2.90383700,1.90635300,165.54996900,Indole--Quinoline,0.04548351,5.70000000,197.67467400,75641,-0.08194331,0.65650715,-41.26598883,0.04346936
2.81548800,1.80135100,169.05900900,Pyrrolidone--Quinoline,0.06591296,4.17300000,160.41518800,71177,-0.06138151,0.69794379,-72.22261385,0.03992569
2.77883900,1.74936300,177.67601500,Saccharin--Acetone,0.06688057,4.29000000,156.65083400,70908,-0.05955894,1.81560103,-227.70090805,0.03013444
2.68876600,1.71572200,166.34915500,Alanine--Cyclohexanone,0.06132527,3.36700000,126.60537300,74686,-0.05218014,0.58657043,-88.68231815,0.03822679
3.08801900,2.08330300,179.12872800,"Aniline--1,4-Dioxane",0.01509260,2.69000000,133.49769000,75732,-0.03682560,0.40661962,-56.66555972,0.00461468
3.09634300,2.19496000,146.46396300,Pyrrolidine--Acetone,0.01098845,2.30900000,97.33598400,74514,-0.03369114,0.37488921,-68.75947497,0.00868321
3.08316800,2.20579100,143.70603400,Piperidine--Butan-2-one_(MEK),0.01338770,2.36000000,132.56072300,77652,-0.02969950,0.35807245,-62.85714280,0.01116653
2.80691200,1.83381200,173.76978500,Fructose--Benzaldehyde,0.04071842,5.89800000,181.16688800,67433,-0.03718676,0.51930702,-83.27179941,0.01691858
3.11885100,2.12059700,166.60509700,Methylamine--Propan-1-ol,0.01402740,1.76100000,70.75255100,80678,-0.02813900,0.52799569,-153.49287232,0.00708359
3.47551400,2.44806600,156.21629900,Cyclohexanol--Propylene_Carbonate,0.00625300,4.14800000,132.42021200,72725,-0.05080150,0.58551714,-69.36715001,0.01642852
2.78605000,1.81463300,170.51171500,Phenol--Acetophenone,0.04720493,5.77600000,164.77357500,63144,-0.03628064,0.59426581,-87.10126506,0.02280104
2.90986600,1.89291400,179.07108900,N-Methylformamide--Pyrazine,0.04754244,5.49100000,98.23549400,69136,-0.05402220,0.60467731,-72.16272900,0.03426003
2.86767500,1.91566700,163.47691900,Salicylic_Acid--Diethyl_Carbonate,0.03133842,3.40300000,164.93880100,70098,-0.03991372,0.52034225,-79.90898299,0.01057241
3.04001200,2.06030500,160.33926700,"Ethylamine--N,N-Dimethylacetamide_(DMAc)",0.01831840,4.35100000,100.04612400,71822,-0.03475872,0.42077553,-64.77947983,0.03074492
2.97337400,2.01944500,168.47544300,Propan-2-ol--Gamma-Butyrolactone_(GBL),0.01603335,6.75600000,97.66834700,76197,-0.02892629,0.67728392,-179.47373152,0.00649210
2.83193200,1.86245500,172.39201500,Propan-2-ol--Acetamide,0.03852523,4.95000000,83.65147500,76424,-0.03319884,0.40541965,-72.40666454,0.02563696
2.87148900,1.90124900,173.35444200,Hydrogen_Peroxide--Ethyl_Acetate,0.03108444,1.86900000,72.31436700,77557,-0.04598660,0.60233995,-106.69157085,0.03123612
3.09434000,2.09137600,167.91066500,Butylamine--Pyridine,0.02077348,3.28200000,124.21928800,73990,-0.03529673,0.61326982,-135.42957847,0.00905873
2.96443600,1.95936300,171.87636500,Urea--Dimethyl_Ether,0.02406795,3.42300000,70.00321000,76439,-0.05071657,0.60791403,-110.81877574,0.02729809
2.86900300,1.89926500,175.25433200,Propan-1-ol--Tetrahydrofuran_(THF),0.03246036,3.15100000,96.23594600,74163,-0.03131381,0.38387507,-72.50861269,0.00038194
2.96250600,1.99077700,160.33666200,Imidazole--Propylene_Carbonate,0.02286918,8.04800000,107.69711800,74098,-0.04299250,0.43500581,-52.69234702,0.01328932
2.71251700,1.71679000,175.51350700,Threonine--Acetone,0.07142957,2.74000000,113.05842000,74658,-0.03137904,0.35563436,-81.25323885,0.03033973
2.75926500,1.82147300,158.80857700,Propan-1-ol--Urea,0.04648502,3.95600000,81.31534800,76840,-0.03319970,0.46952382,-92.29678098,0.03592658
2.99783100,2.04237500,154.19798300,Hydroxylamine--Pyrazine,0.02617780,0.60800000,77.36971400,79275,-0.04064043,0.53349387,-88.41922095,0.02260351
2.85681000,1.90261500,155.05392300,Saccharin--Methyl_Acetate,0.03494172,5.43300000,161.65839200,68178,-0.06326411,0.71516357,-68.51200438,0.02452351
3.01426300,2.00479100,179.35517900,Imidazole--Acetaldehyde,0.01897417,7.81600000,79.83332300,83882,-0.04563681,0.70066602,-141.47649002,0.01602222
3.11144800,2.13242300,160.97481500,Methylamine--Methanol,0.01374318,1.05500000,47.54108300,82013,-0.04137871,0.53295487,-99.83816493,0.01891563
2.95293700,2.01048000,164.11098900,Butan-2-ol--Acetophenone,0.01715297,5.63200000,148.88836400,70144,-0.04305810,0.51371586,-66.21441984,0.02071900
3.13558000,2.12901500,178.37409100,N-Methylacetamide--Formaldehyde,0.01098754,7.17600000,69.49350800,82774,-0.04331845,0.54581895,-94.48164009,0.00810807
2.76295400,1.78785300,170.00564100,Hydrogen_Peroxide--Benzophenone,0.05298275,4.02900000,157.98361700,70938,-0.03206214,0.33290210,-53.62139169,0.02314964
2.84394700,1.87626000,173.67322200,Benzyl_Alcohol--Ethanol,0.03707923,3.42600000,117.25437900,77015,-0.04578935,0.52348701,-75.78534272,0.02135500
2.84655300,1.87366100,174.52801400,Butan-1-ol--Pyridine,0.04750817,4.32900000,119.85124700,69464,-0.03062063,0.39586529,-106.49858809,0.02091958
3.12812600,2.22272500,147.13323500,Pyrrolidine--Gamma-Butyrolactone_(GBL),0.00911762,3.56200000,108.82959400,71496,-0.04320523,0.48367519,-73.22805333,0.01070251
2.88843500,1.93601200,166.88516300,Propan-1-ol--Butan-2-one_(MEK),0.02310082,4.96300000,97.85233000,75061,-0.02829418,0.38166853,-73.37427197,0.01592486
3.09643700,2.15884700,152.29765900,Methylamine--Butan-2-one_(MEK),0.01181981,2.08500000,78.97178300,75431,-0.03231274,0.38846434,-83.03456704,0.02025867
2.90156800,1.93241300,174.13654600,Propan-2-ol--Pyrazine,0.03715499,2.19700000,103.44549700,77911,-0.03153662,0.39432759,-75.21778116,0.02202113
2.61894300,1.90549900,123.22560400,Hydrazine--Formaldehyde,0.28336116,4.20300000,41.95594800,77602,-0.07344206,0.63598432,-54.64091613,0.32667931
2.83753000,1.87118900,169.92851700,Trifluoroethanol--Formaldehyde,0.03833018,2.79100000,55.47152500,82608,-0.06136457,0.66897457,-71.30825795,0.03588911
3.00107000,1.99717800,166.35990200,Hydroxylamine--Hexamethylphosphoramide_(HMPA),0.01774615,4.10500000,151.58921100,73024,-0.04253361,0.58848908,-79.19782016,0.03103427
2.93222500,1.94973600,162.40382200,Urea--18-Crown-6,0.03023405,5.59600000,206.12143300,71235,-0.04236516,0.72687186,-124.43607311,0.01868815
2.88904800,1.91892200,177.10403700,Phenol--Acetone,0.02364197,5.56600000,113.73400000,77081,-0.03327326,0.45053084,-100.48386174,0.01807947
2.74636300,1.76010000,172.10230900,Benzoic_Acid--Dimethyl_Ether,0.06343927,0.24700000,119.09146400,72099,-0.04792062,0.57140487,-74.49891818,0.04199229
2.71851400,1.72576100,174.12864800,Alanine--Tetrahydrofuran_(THF),0.07053605,1.56400000,106.78582600,75729,-0.04965941,0.51048380,-68.69206054,0.04762590
2.71526900,1.72541400,176.84040200,"Threonine--N,N-Dimethylformamide_(DMF)",0.05697023,3.74800000,122.87998600,72101,-0.03532692,0.44470715,-71.99816041,0.02472651
2.94507600,1.94764700,162.80219400,Hydroxylamine--Urea,0.03078622,4.13600000,55.13751900,79233,-0.06319240,0.57321188,-57.49620977,0.07817704
2.82531800,1.85623600,174.37835100,Ethanol--N-Methyl-2-pyrrolidone_(NMP),0.03319242,4.95800000,102.12518500,75482,-0.04834173,0.72433936,-114.04749219,0.02697895
2.97034900,2.55290700,104.56713600,Indole--Ethylene_Carbonate,0.00206491,3.38800000,140.82686400,70488,-0.06307487,0.74378289,-88.62331070,0.01589998
2.91048700,1.89371400,174.74370400,N-Methylacetamide--Pyridine,0.04736178,7.64000000,114.00058000,73254,-0.04191451,0.47703471,-63.95359252,0.03611084
2.95520900,2.09886400,146.23430000,Fructose--Ethyl_Acetate,0.01462829,6.28900000,157.87885800,76378,-0.04713469,0.87853974,-193.09839996,0.02830835
2.81737900,1.84391600,176.56253600,Ethylene_Glycol--Propan-2-ol,0.04240127,4.27700000,82.38612500,78765,-0.05345874,0.61790831,-85.22382642,0.04017628
2.87422600,1.90841200,172.66995700,"Propan-1-ol--1,4-Dioxane",0.03086313,2.16800000,101.26206800,78303,-0.03098576,0.39423750,-70.55327137,0.01807865
2.83913900,1.82144300,171.48075700,Acetamide--Quinoline,0.06165874,3.95700000,142.08968100,71393,-0.06444292,0.53798283,-41.37815838,0.05123295
3.01877200,2.18054900,138.84765600,Cytosine--Carbon_Dioxide,0.02199784,1.69000000,91.19656600,84213,-0.09688623,0.74896223,-43.02157648,0.03751842
2.61936100,1.60267800,173.14847500,Oxalic_Acid--Acetic_Acid,0.11243006,2.38500000,76.27552500,78967,-0.07413586,0.94328213,-100.83068063,0.15914425
2.83040900,1.85645500,172.38650000,Resorcinol--Pyrazine,0.05070729,3.02000000,135.53538700,75270,-0.04608805,0.59245179,-91.46587564,0.03509469
3.16898200,2.31544500,140.63710300,Dimethylamine--Acetone,0.00973767,2.13800000,79.31774600,72987,-0.04846800,0.84976428,-157.43841258,0.01277322
2.84166700,1.91928900,156.35689500,Glucose--Phenol,0.03151084,5.97500000,170.66272300,69450,-0.03725476,0.51369325,-108.73201190,0.00945038
3.08329200,2.12382200,171.48715500,Cyclohexanol--Acetaldehyde,0.01011695,4.81400000,104.65321800,72736,-0.04367245,0.47729365,-66.02436385,0.01336059
2.84363600,1.84237100,166.25462400,"Pyrrolidone--N,N-Dimethylformamide_(DMF)",0.04541106,1.90500000,108.28803600,73044,-0.04610836,0.59014984,-114.36894094,0.03397038
2.83507300,1.82108400,179.35676100,Adenine--Urea,0.03557240,12.33300000,116.92537400,75689,-0.04228070,0.38970384,-43.21678953,0.02796129
2.77285800,1.78376200,178.20339800,Acetic_Acid--Acetaldehyde,0.05524833,1.73400000,64.60748000,78112,-0.07939219,0.70131581,-57.56582362,0.07777099
2.69693200,1.69055400,177.18702400,Aspartic_Acid--Pyrimidine,0.10226700,4.50800000,132.04196300,74708,-0.03771216,0.51139108,-101.14158687,0.04641572
2.97337400,1.96239000,179.95486300,"Imidazole--1,4-Dioxane",0.02428166,4.60400000,106.30061500,76211,-0.04011234,0.43991318,-63.73344231,0.01345993
2.70491300,1.74928800,160.97895200,Threonine--Gamma-Butyrolactone_(GBL),0.05526185,3.10600000,124.65230100,75742,-0.04177207,0.44821001,-63.51626869,0.02896480
2.85979200,1.83856600,174.56178800,Cytosine--Tetrahydrofuran_(THF),0.04486483,2.33000000,123.56375700,73181,-0.04491459,0.42379003,-53.79965014,0.01933814
2.63593800,1.67078500,158.27343000,Oxalic_Acid--Propan-1-ol,0.09239983,1.53000000,86.32217400,79320,-0.05236520,0.60075161,-80.70487364,0.08085757
2.74897800,1.76236600,175.15347600,Acetic_Acid--18-Crown-6,0.05819420,2.76700000,204.22306400,72563,-0.04154368,0.61503978,-125.52239403,0.02362850
2.82306500,1.84229800,175.07667300,Alanine--Methyl_Acetate,0.04061569,3.44100000,101.75714600,78116,-0.04598255,0.63879691,-89.59605165,0.02709473
3.08890200,2.10793800,161.30683500,Dimethylamine--Tetrahydrofuran_(THF),0.01419675,3.02700000,89.52413800,78346,-0.04351755,0.46368486,-69.88716706,0.00743054
2.76078400,1.78383100,175.24567600,Hydroquinone--Dimethyl_Sulfoxide_(DMSO),0.04712192,5.88700000,129.74621300,75001,-0.03813816,0.44670510,-63.25032363,0.02694734
2.78818400,1.75774700,172.69319000,Thymine--Pyrimidine,0.08004404,4.78500000,137.81332100,77657,-0.05055615,0.58441830,-70.63610587,0.06413774
3.12496800,2.20391400,149.67885800,"Hydrazine--1,4-Dioxane",0.00998163,2.36100000,79.59249600,75892,-0.04098704,0.40267683,-57.71109810,0.00998147
3.02708400,2.02372500,172.40098600,Imidazole--Methyl_Acetate,0.01955784,2.76600000,96.16630700,77865,-0.04690273,0.57854456,-87.34123213,0.01601231
2.91744300,2.10797900,135.53943800,Formamide--Oxime,0.05004739,4.38400000,55.60098200,86854,-0.07413347,0.83120206,-100.69959721,0.12654241
3.35736700,2.64094400,127.44894900,Methylamine--Gamma-Butyrolactone_(GBL),0.01212036,3.83200000,78.84842800,76239,-0.04585746,0.58579416,-89.44359350,0.01588373
2.94888300,1.98636000,172.72867100,Propan-1-ol--Trioxane,0.01978055,2.45500000,89.62634700,75709,-0.03774192,0.63135959,-140.23952788,0.00178726
2.76685300,1.77694600,177.27513800,Cysteine--Trioxane,0.05773493,0.78200000,119.80346000,78292,-0.04258836,0.53183819,-67.06940506,0.02582938
2.86753700,1.91291600,155.37087300,Formamide--Gamma-Butyrolactone_(GBL),0.02913742,1.21500000,80.59794200,76297,-0.06306534,0.94608065,-155.20780490,0.04659961
2.74741900,1.82364400,155.29069600,Glutamic_Acid--Valerolactone,0.03845972,5.25900000,137.76615400,78695,-0.04947983,0.45286770,-47.23198869,0.05099214
2.94487900,1.93847800,170.63125800,Urea--Diethyl_Ether,0.03214361,2.63900000,93.05617800,77856,-0.04198122,0.50454939,-80.73780004,0.04235349
2.89512200,1.87660400,178.89237300,Indole--Pyridine,0.04979266,5.77200000,157.73805300,75716,-0.08701488,0.86359660,-93.19153910,0.06972351
2.84863100,1.85183800,165.29960800,Guanine--Trioxane,0.04283617,4.95000000,138.70263900,68998,-0.06020477,0.52567013,-50.87130954,0.03392315
2.89305100,1.87513600,174.15993300,Cytosine--Benzaldehyde,0.03621589,3.21500000,153.24270800,79510,-0.05512968,0.67119030,-81.36386486,0.02660375
3.05273300,2.04011800,175.03507100,Piperidine--Dimethyl_Sulfoxide_(DMSO),0.01818285,4.79300000,132.59253400,78947,-0.02909589,0.37701209,-64.33524361,0.00907160
2.80752300,1.82639900,172.75713900,Salicylic_Acid--Formaldehyde,0.04881046,2.19100000,108.96750400,78605,-0.05432938,0.62924713,-68.89811022,0.04889579
2.80621500,1.79185100,170.81451700,Guanine--Tetrahydrofuran_(THF),0.05473250,3.08700000,145.35533100,68392,-0.04508612,0.45924181,-58.65944553,0.01944057
2.88864800,1.93327600,169.66034200,Methanol--Sulfate_Ion,0.02170697,2.11500000,62.65335400,81354,-0.07712258,2.54733159,-259.49259770,0.02513624
2.81821700,1.79373000,174.41157100,Pyrrolidone--2-Picoline,0.06984981,3.89100000,131.96779600,71465,-0.04228991,0.78240591,-110.35660841,0.04901778
2.82223400,1.79644100,178.16995100,Barbituric_Acid--Cyclohexanone,0.04298104,4.97700000,141.36776900,78265,-0.04418186,0.66029678,-96.59001875,0.02291966
2.95953800,2.00934600,166.91607500,Butan-2-ol--Cyclohexanone,0.01687062,5.49600000,127.65942500,76126,-0.03649735,0.49933535,-84.84885161,0.00810511
3.01387300,2.00538600,179.86307100,Pyrrole--Butan-2-one_(MEK),0.01781089,6.46300000,107.57458200,80447,-0.02927306,0.48476268,-99.96382463,0.01612924
2.71939100,1.78006400,158.29028700,Butanoic_Acid--Acetaldehyde,0.04744533,1.36200000,87.96082100,78175,-0.03945661,0.59774604,-117.03742541,0.03943054
2.91321400,2.03006600,151.18841500,Butan-1-ol--Oxime,0.01399623,1.89200000,84.42527000,77537,-0.02785062,0.33530458,-65.77382612,0.01239786
3.08473200,2.07764100,170.00355200,"Methylamine--N,N-Dimethylacetamide_(DMAc)",0.01550247,3.56300000,88.46820800,79618,-0.03902974,0.55815297,-109.49042569,0.03111624
2.75173500,1.77678200,170.93124800,Catechol--N-Methyl-2-pyrrolidone_(NMP),0.05455750,5.24500000,145.79384600,77467,-0.03889441,0.53214307,-110.38337957,0.02422981
2.99578200,2.18884700,134.69462500,Dimethylamine--Urea,0.05658454,3.10300000,74.35502000,73867,-0.04981065,0.58752421,-86.26016824,0.07598404
3.10783400,2.16795900,152.60927300,Hydrazine--Valerolactone,0.01134459,3.57400000,75.98400500,79610,-0.04309177,0.62662716,-94.91089236,0.01714141
2.81421300,1.86186300,165.00497400,Fructose--Valerolactone,0.03619978,6.15300000,152.83376700,71477,-0.03785965,0.45399376,-67.05098024,0.03755082
2.80337400,1.81984200,178.07290900,Glutamic_Acid--Oxime,0.04353091,0.93000000,112.67495800,82817,-0.05267881,0.53643573,-72.02791597,0.04366489
3.04117500,2.03598200,169.78013600,Butylamine--Pyruvic_Acid,0.01920893,0.65900000,109.05940500,80226,-0.03463944,0.52288036,-128.77663713,0.00836689
2.84311600,1.90041200,162.83752700,Benzyl_Alcohol--Vinyl_Acetate,0.03248817,3.29600000,141.36871400,77888,-0.03636543,0.68722497,-131.33179558,0.02528942
2.80889800,1.83135600,171.71405500,Threonine--Oxime,0.04145189,2.17400000,99.53700000,80463,-0.03721162,0.44043495,-72.81194418,0.02616539
2.61101300,1.56735900,177.24750700,Oxalic_Acid--Isoquinoline,0.16837868,5.61400000,144.55154800,70756,-0.05212858,0.62731589,-83.11239407,0.01595968
3.13750200,2.27692700,140.97294000,Hydroxylamine--Ethylene_Carbonate,0.00695025,6.17400000,65.11002300,84387,-0.07009896,0.87592360,-116.64897683,0.01066191
2.73577200,1.76679900,167.31951300,Salicylic_Acid--Gamma-Butyrolactone_(GBL),0.04782651,4.24800000,143.21207200,74182,-0.04654435,0.56952264,-73.06651102,0.02355285
2.88223800,2.05530900,136.01650100,Hydroxylamine--Valerolactone,0.01869896,4.12000000,71.60954400,81390,-0.05093536,0.54427123,-71.75054729,0.02767222
2.85035000,1.87537900,172.86387400,Salicylic_Acid--Methyl_Acetate,0.03578773,4.70000000,136.68135900,70255,-0.04270137,0.54597999,-78.50446256,0.01728461
2.73345400,1.70740000,176.29508500,Guanine--Dimethyl_Sulfoxide_(DMSO),0.06765206,0.69200000,146.86004300,70034,-0.05489499,0.55056059,-54.43205391,0.03790146
2.87836900,2.38892300,108.88342600,Aniline--Benzophenone,0.00589414,2.76100000,220.54092100,71864,-0.03400999,0.45263326,-65.66993439,0.01218977
3.07438100,2.08927100,161.81699500,Hydrazine--Acetone,0.01720275,2.27800000,64.47130900,71580,-0.04224540,0.92386293,-136.95846325,0.02149463
2.71750800,1.73761200,172.00324600,Propanoic_Acid--Benzophenone,0.05186212,2.86900000,189.87343000,70355,-0.03470483,0.35159355,-53.19813856,0.02346523
3.16322600,2.20443400,173.31935100,Butan-1-ol--Carbon_Dioxide,0.00707723,1.88300000,75.65438700,80507,-0.03521517,0.52281521,-103.33868065,0.00249796
2.65497900,1.65093500,173.45734100,Glycine--Acetic_Acid,0.09227738,1.66800000,78.38886000,76202,-0.05991934,0.61417394,-78.63083409,0.13885060
2.78529000,1.80325500,171.65721400,Glutamic_Acid--Formaldehyde,0.05349574,2.80500000,103.51698100,84012,-0.05230211,0.51275144,-57.91541164,0.04943384
3.08798800,2.07327300,175.79392300,Methylamine--Acetone,0.01528467,3.01100000,67.39908500,80145,-0.04137972,0.45462507,-72.45795679,0.01329685
2.95912300,1.99548100,173.32656000,Ethanol--Methyl_Acetate,0.02063177,2.33300000,79.51118700,76822,-0.04402819,0.43833150,-58.01838995,0.01286145
2.90390800,1.96408800,152.24448300,Aniline--Urea,0.02804060,4.32700000,113.34722600,73026,-0.04781138,0.48113513,-63.62398199,0.03740031
2.74063600,1.75152500,172.69274000,Serine--Acetaldehyde,0.06482745,2.47800000,90.15962000,72384,-0.03472239,0.46323793,-94.80599305,0.02249486
2.67577800,1.69124800,170.19314100,"Butanoic_Acid--N,N-Dimethylformamide_(DMF)",0.06748890,3.22400000,109.06364000,75538,-0.04101768,0.65766382,-113.16759224,0.04521490
2.68465200,1.68705700,175.27707600,Citric_Acid--Acetamide,0.07840293,4.90000000,137.53152400,70758,-0.03991442,0.47788730,-64.00850174,0.02788034
2.69895500,1.71478100,170.37202200,Benzoic_Acid--Cyclohexanone,0.06707463,2.36200000,156.87701300,74623,-0.04225498,0.46202709,-67.83493073,0.03153853
2.73678100,1.74523200,176.89517000,Acetic_Acid--Cyclohexanone,0.06250943,2.72300000,105.80414300,76529,-0.04676050,0.59289179,-85.18329570,0.03477374
3.06155800,2.04422000,179.88325200,Barbituric_Acid--Carbon_Dioxide,0.01582966,0.85400000,89.26293700,85518,-0.07666961,0.99432978,-121.53030714,0.01329560
2.90556300,1.93737100,174.54237100,Phenol--Cyclohexanone,0.02241573,6.03600000,143.62218500,72056,-0.02797202,0.31110581,-51.31978815,0.00503997
2.84192500,1.88481200,166.04652000,Glycerol--Propan-1-ol,0.03639528,2.61900000,98.83403800,75846,-0.03425641,0.35547071,-58.60955703,0.02269562
3.00788600,1.99954300,179.36374700,N-Methylformamide--Acetic_Acid,0.01815580,6.87400000,74.08610900,75038,-0.03983667,0.48961374,-83.93923349,0.01802202
2.91326100,1.90211300,179.70469000,Imidazole--Urea,0.02578575,9.83200000,86.28941700,83570,-0.03301175,0.44259069,-77.63085741,0.01462090
2.98942100,1.98004100,178.33693600,Pyrrole--Propan-2-ol,0.02211860,4.86600000,99.12420300,78853,-0.02794211,0.42342743,-99.37017781,0.01219500
2.76425400,1.78804400,174.14154500,Ascorbic_Acid--Propan-1-ol,0.05152551,8.53300000,138.80624000,72871,-0.05217631,0.50461782,-61.92670867,0.04043259
2.72194900,1.72754000,174.00439400,Threonine--Benzaldehyde,0.07177528,3.63800000,152.79249600,64484,-0.03317173,0.48788485,-74.76941757,0.01917904
2.83755400,1.84200700,165.26294600,"Acetamide--N,N-Dimethylacetamide_(DMAc)",0.03899430,1.38100000,101.38593800,75082,-0.04887380,0.56815650,-75.29949174,0.05666028
3.27150600,2.26648400,177.37351500,N-Methylacetamide--Carbon_Dioxide,0.00594855,4.77300000,69.86229800,87375,-0.04503084,0.71571699,-113.03293890,0.00439078
2.83190700,1.86863500,168.27670000,Benzyl_Alcohol--Isoquinoline,0.04913312,5.15600000,187.45971300,68223,-0.03809916,0.41468249,-59.10175903,0.01605423
2.72666700,1.73516400,174.57170700,Acetic_Acid--Tetrahydrofuran_(THF),0.06770839,1.05800000,85.98897700,75310,-0.05153677,0.53763169,-64.63089783,0.05265128
2.57732000,1.53770200,179.34921000,Oxalic_Acid--Urea,0.14647342,4.97300000,78.12755400,78880,-0.09799296,0.77146787,-49.81204731,0.12936639
2.68838600,1.69774300,171.55641700,Serine--Cyclohexanone,0.07415733,3.56000000,131.39379200,79203,-0.03473579,0.35343375,-54.11516216,0.02204813
2.71875100,1.74915900,173.18697600,Sulfuric_Acid--Ethyl_Acetate,0.05932739,3.52800000,103.21977300,83634,-0.06032104,0.90667868,-133.01252011,0.05327431
2.87992100,1.92616400,168.82652800,Benzyl_Alcohol--Sulfate_Ion,0.02241579,2.09400000,125.27864000,76463,-0.05686407,0.58612042,-61.62055387,0.01040323
2.85119500,1.89363700,166.91269800,Glycerol--Diethyl_Ether,0.03228913,2.04100000,110.76550200,76069,-0.03545316,0.40665235,-72.14969640,0.02564438
3.16525000,2.16891800,167.26244900,Piperidine--Ethyl_Acetate,0.01086496,1.94100000,137.51558500,75223,-0.03226635,0.30853211,-47.14599234,0.00196491
2.78595000,1.81588900,167.28024300,Threonine--Anisole,0.04547425,3.40200000,155.94516100,69204,-0.03287796,0.40861646,-70.33888037,0.01966901
2.95987300,2.02614200,152.40372100,Histidine--Vinyl_Acetate,0.01815406,5.68900000,157.12102000,75633,-0.04168355,0.45642049,-64.11521822,0.01784966
2.88414000,1.91753500,176.16484200,Phenol--Sulfate_Ion,0.02282170,1.95100000,113.40687300,76736,-0.04660682,0.76515972,-120.60106153,0.01509994
2.92997800,1.97111700,170.68977700,Methanol--Trioxane,0.02161698,2.50300000,66.45061200,81441,-0.05059395,0.75400323,-153.97964580,0.01938048
2.68292500,1.63583800,175.03583200,Saccharin--Acetamide,0.10594368,5.87900000,154.31147300,69137,-0.06265847,0.75392080,-90.18234234,0.07087228
2.79493700,1.83832500,166.35640100,Ascorbic_Acid--Benzaldehyde,0.03762413,8.82100000,175.23942000,67515,-0.05040569,0.73473057,-124.76462735,0.01723490
2.78340200,1.81536000,167.57603500,Glucose--Butan-2-one_(MEK),0.04659868,3.05700000,151.40016000,74102,-0.04237461,0.43796509,-64.73964766,0.01786247
3.02451900,2.02111500,172.59201600,Imidazole--Pyruvic_Acid,0.01720293,6.02100000,97.93094200,83069,-0.04022624,0.49522525,-80.69127024,0.01291553
2.68501800,1.73735600,157.22713000,Butanoic_Acid--Propan-2-ol,0.06997663,1.55700000,102.51844200,74908,-0.03548501,0.42727525,-100.62261936,0.03410992
2.92087400,1.95190800,173.64456900,Ethanol--Pyrimidine,0.03367730,4.36700000,91.87380600,76149,-0.06129145,0.57969387,-56.20153522,0.03971880
2.95058400,1.93994000,179.46651200,"Indole--N,N-Dimethylformamide_(DMF)",0.02556924,8.26000000,145.65310300,77253,-0.03609544,0.45871933,-77.12317459,0.01789608
2.77999600,1.80741200,171.23391200,Trifluoroethanol--Dimethyl_Ether,0.04935330,3.92600000,70.22704000,77477,-0.05565628,0.89607588,-140.73904149,0.03612383
2.98038600,2.03559800,153.15974800,Pyrrolidine--Pyruvic_Acid,0.02320211,1.06800000,104.09092400,75254,-0.04660299,0.46288065,-54.38179014,0.01425424
3.15196500,2.14685700,169.31550700,Ethylamine--Tetrahydrofuran_(THF),0.01240461,2.15300000,89.06937600,75485,-0.02846318,0.35312887,-74.10660522,0.00584015
2.83188500,1.86996800,166.60616900,Glucose--Morpholine,0.03805232,4.21900000,159.39718000,72336,-0.03274041,0.33145368,-56.41201099,0.02001873
2.79799100,1.82470700,172.88786300,Catechol--Propan-2-ol,0.04585169,2.35500000,121.37906600,74995,-0.04358208,0.70213019,-127.94887795,0.02127583
2.72425200,1.73227000,176.85184400,Benzoic_Acid--Propan-2-ol,0.06735892,0.90800000,130.20696200,74907,-0.05112410,0.55599992,-61.83046669,0.04341215
3.02984300,2.08573600,164.00543400,Glycerol--Methyl_Acetate,0.01575439,1.99100000,100.49593000,76790,-0.04377740,0.61559875,-111.44830312,0.01482371
2.89670100,1.95251600,161.11878400,Lactic_Acid--Ethylene_Carbonate,0.02762327,5.09900000,97.37286700,79802,-0.04135310,0.45312188,-59.82973779,0.02487029
2.67972500,1.73394900,156.48377000,Threonine--Ethanol,0.07142028,0.51300000,104.82404200,79751,-0.03199136,0.35058844,-71.93359919,0.04384518
2.84851900,1.83046200,173.41233200,Saccharin--Pyruvic_Acid,0.04812752,3.79200000,163.46053900,70251,-0.05062105,0.62735880,-76.39291945,0.02069621
2.72168800,1.73286300,172.62839800,Glutamic_Acid--Gamma-Butyrolactone_(GBL),0.06626061,4.89100000,137.71094600,79394,-0.05293018,0.55608014,-63.09213058,0.05659459
2.83010700,1.81117800,172.24834500,Thymine--Diethyl_Ether,0.05113678,6.07500000,135.75524000,71931,-0.04503538,0.49910085,-68.24200459,0.03678664
2.75481700,1.76931300,175.67636100,Benzoic_Acid--Morpholine,0.05406691,2.44700000,146.72089400,75066,-0.04945588,0.46557503,-49.58662407,0.03139564
2.90216500,1.88645700,178.11958000,Acetamide--Propan-2-ol,0.03804632,2.86500000,83.49867400,75718,-0.05230168,0.55016124,-65.41496014,0.03731647
2.79606700,1.76790400,175.97426600,Uracil--Cyclohexanone,0.06147407,7.02800000,138.82612500,73291,-0.04617565,0.47400422,-57.29859853,0.03132634
2.97081700,2.00802300,172.68822200,Propan-2-ol--Formaldehyde,0.02155090,2.61300000,63.41741300,79708,-0.03487805,0.35913501,-53.87314800,0.01829084
3.02088700,2.02200400,166.61909000,Histidine--Acetamide,0.03368620,8.76800000,138.86831300,74227,-0.04560880,0.69543788,-116.17726140,0.03409680
2.78379600,1.81062600,170.21879700,Hydrogen_Peroxide--Tetrahydrofuran_(THF),0.04835320,2.36700000,65.79010200,77587,-0.04771659,0.56543906,-90.09181077,0.03595863
2.87559700,1.90950700,170.10866200,Diethanolamine--Pyrazine,0.04123127,3.40200000,129.17617600,72703,-0.05105384,0.56353245,-68.69507367,0.02989718
2.78458300,1.75113400,174.72619400,Uracil--Pyrimidine,0.08252107,7.87600000,126.35483700,71083,-0.05590450,0.64296467,-71.03583283,0.06393322
2.84198100,1.86231000,178.72287800,Phenol--Pyrazine,0.05042746,2.48700000,131.06044800,72675,-0.03317036,0.37151479,-54.44260461,0.02183229
3.14034800,2.14748800,164.77426500,Propylamine--Methanol,0.01309563,1.34000000,70.76682000,77967,-0.03668120,0.44045954,-89.13479923,0.01284265
2.76753100,1.79887500,154.81406100,Barbituric_Acid--Gamma-Butyrolactone_(GBL),0.04967181,5.09100000,123.03232200,72789,-0.06416523,0.71633518,-67.30232132,0.05069180
2.87303200,1.92002200,167.26960900,Butan-1-ol--Morpholine,0.02754327,4.49200000,117.69624300,69914,-0.03075446,0.47983918,-126.30848672,0.01206542
3.44436700,2.73456700,122.50458700,Acetamide--Propylene_Carbonate,0.00266727,1.92200000,96.78346300,78227,-0.05098945,0.65277979,-79.14838675,0.01217228
2.72607700,1.73080300,176.74306000,Oxalic_Acid--Trioxane,0.06806611,4.37700000,86.33952900,78812,-0.06306462,0.55543378,-56.76443835,0.05713231
2.84790700,2.00808300,142.67927600,Cysteine--Ethylene_Carbonate,0.02141607,5.71800000,121.45019000,76603,-0.04154369,0.58059601,-115.48751643,0.00715230
2.83422400,1.86556000,171.93321300,Hydroquinone--Methanol,0.03860071,2.85000000,98.25083100,73702,-0.04568739,0.56845041,-111.18298887,0.01718832
2.75003000,1.76207300,173.59534800,Benzoic_Acid--Acetaldehyde,0.06173027,1.55700000,115.65019900,78275,-0.06121208,0.68219743,-78.81488895,0.05374252
2.92974500,1.96840700,171.85514800,Ethylene_Glycol--Methyl_Acetate,0.02358619,2.59000000,84.20971700,78924,-0.04677130,0.69600648,-112.62242137,0.03200148
2.66562500,1.64698000,144.00426300,Diethanolamine--Phosphate_Ion,0.11580358,9.13800000,112.05794600,80809,-0.06596026,0.62524886,-62.38484038,0.15319078
2.75398500,1.82967400,147.72617000,Uracil--Propan-1-ol,0.04989579,3.95300000,112.47269700,74771,-0.04271038,0.47090670,-79.61272947,0.03886442
2.79063200,1.80462200,176.95243100,Acetic_Acid--Trioxane,0.05119694,1.08400000,79.34403500,76598,-0.06496611,0.56910733,-59.01148505,0.05922404
2.81456400,1.96499100,139.26430000,Saccharin--Ethylene_Carbonate,0.02631223,6.50800000,161.75716200,77644,-0.07271066,0.86600500,-86.83992220,0.03298332
3.01860800,2.00993300,177.32413000,Pyrrole--Methanol,0.01977096,4.63100000,76.09791200,80833,-0.05109317,0.60047485,-92.18672685,0.01781714
2.86714200,1.95712300,155.35351300,Glycerol--Phenol,0.05004405,3.79500000,126.38463000,70801,-0.03510832,0.37040915,-60.80912854,0.03952996
2.79464200,1.77088800,177.08818700,Formamide--Dimethyl_Sulfoxide_(DMSO),0.05413300,2.72800000,80.67159500,70763,-0.07243299,0.88378225,-89.35617638,0.09138798
2.95223700,2.05651300,146.46952400,Histidine--Propylene_Carbonate,0.01759624,5.07300000,157.80429700,77478,-0.04511116,0.51407762,-90.92915515,0.01801491
3.11746700,2.12120900,166.17517900,Butylamine--Ethanol,0.01319173,2.14600000,94.01931000,77327,-0.03223988,0.33505983,-58.51303561,0.00686909
2.67515300,1.69050100,169.88966600,"Acetic_Acid--N,N-Dimethylformamide_(DMF)",0.06805828,3.23200000,85.70796500,77883,-0.06026244,0.64671510,-83.64538757,0.08376557
2.85045000,1.87565400,177.31844300,Glycerol--Morpholine,0.03757159,4.00200000,115.15798700,75758,-0.03946314,0.66036785,-165.46395725,0.01818143
2.93356100,1.97531400,169.84889500,Propan-1-ol--Dimethyl_Ether,0.02060464,3.25100000,78.32522600,75526,-0.03473767,0.59218285,-141.37371904,0.01989178
2.72923000,1.73550800,178.63914900,Propanoic_Acid--Diethyl_Ether,0.06671667,2.35800000,102.84614100,73493,-0.03426547,0.35895447,-61.19183122,0.03095718
2.88306500,1.86727800,176.07850300,Pyrrolidone--Acetophenone,0.04076295,3.02900000,149.68944600,70397,-0.04124525,0.46428340,-65.92780418,0.04051661
3.01686100,2.03067300,164.88530800,N-Methylacetamide--Anisole,0.01920600,5.91100000,135.00060700,69542,-0.04145427,0.43899855,-68.95727646,0.02830449
3.11379300,2.13291900,161.58031000,Methylamine--Hexamethylphosphoramide_(HMPA),0.00995234,4.93700000,158.99072400,74252,-0.03815465,0.44110861,-59.68834928,0.03002615
2.79223700,1.76374200,175.86913500,Uracil--Acetophenone,0.06257487,7.83600000,160.04892400,73451,-0.04624854,0.55906451,-80.46148739,0.03757447
3.13453000,2.12940600,174.48165400,Aniline--Ethyl_Acetate,0.01244782,1.21300000,134.85909100,78918,-0.03615904,0.44649047,-70.81554038,0.00617622
2.66128500,1.65979600,173.50234500,Acetic_Acid--Acetic_Acid,0.08876984,0.03500000,69.23646000,73269,-0.08442794,0.66596857,-52.15433709,0.19668603
2.59432600,1.56605500,179.00288100,Chloroacetic_Acid--Urea,0.12986040,5.03500000,83.76872200,77183,-0.08309926,0.83728824,-63.27556745,0.09516981
2.98232300,2.13166000,139.33408500,Pyrrolidine--Urea,0.05129565,2.90300000,92.36621200,74723,-0.04180544,0.42310517,-54.28252433,0.04869061
2.54342600,1.63021700,152.11327900,Sulfuric_Acid--Acetaldehyde,0.08521601,3.18800000,75.36572200,82511,-0.08638595,1.20640835,-131.94017303,0.20778353
2.69988000,1.71151800,167.48855400,Alanine--Pyrazine,0.09320201,2.13200000,114.09320900,78184,-0.04644692,0.48133823,-59.23473551,0.05862347
2.82020200,1.85107700,168.34284200,Glucose--Acetaldehyde,0.04325857,2.49900000,128.42693200,77150,-0.04408969,0.46524749,-64.79241966,0.03509013
2.73405400,1.75327900,170.62147500,Hydrogen_Peroxide--N-Methyl-2-pyrrolidone_(NMP),0.06122315,4.93200000,83.29574800,76257,-0.05655318,0.60958845,-73.39338100,0.07325409
3.14341400,2.13423900,171.11870800,Methylamine--Pyrazine,0.01666187,1.55200000,84.72730800,77539,-0.04243176,0.52969737,-76.26476933,0.01160895
2.61165500,1.61203400,168.87317200,"Cysteine--N,N-Dimethylacetamide_(DMAc)",0.10051078,3.77600000,137.45576000,80020,-0.04253473,0.57279953,-95.50680863,0.06486100
2.91635100,1.99132000,157.98734700,Cyclohexanol--2-Picoline,0.03004511,3.47500000,149.28205100,68851,-0.04541533,0.43263348,-48.48766440,0.01982450
2.76533300,1.77715300,175.55767800,Formic_Acid--Anisole,0.05351931,2.32700000,107.57130200,70481,-0.04136534,0.50283924,-80.28911470,0.04955972
2.87760000,1.97656900,152.11641300,Oxalic_Acid--Carbon_Dioxide,0.02214966,0.32900000,60.77336600,95564,-0.11151391,1.07533145,-95.25158634,0.05243642
2.67983400,1.68048800,174.19815300,Oxalic_Acid--Vinyl_Acetate,0.07978586,3.06700000,98.75035000,80617,-0.05531458,0.56481207,-60.35367088,0.05757782
2.77622900,1.74611500,178.08601800,Cytosine--Dimethyl_Sulfoxide_(DMSO),0.06060694,3.98400000,125.06004000,75928,-0.05043079,0.50850262,-51.94971255,0.06668047
2.71263400,1.71749500,176.64589000,Formic_Acid--Benzophenone,0.06634068,4.87000000,166.95147600,67705,-0.03761053,0.44666846,-66.38592293,0.03490875
2.74767300,1.70856200,176.99496000,Guanine--Quinoline,0.09669527,2.70600000,197.00508700,69653,-0.05772592,0.58937787,-55.81838389,0.04252840
2.71904500,1.72684600,175.95431800,Butanoic_Acid--Butan-2-one_(MEK),0.06641723,2.44600000,110.89693700,70789,-0.03043360,0.34268771,-62.05755312,0.03275412
2.66786200,1.67123200,177.50601100,Glycine--Hexamethylphosphoramide_(HMPA),0.06534223,4.93400000,176.65118700,72899,-0.04671562,1.06229590,-207.55791649,0.06731283
2.87210500,1.90795400,172.38264400,Butan-1-ol--Propan-1-ol,0.03038617,3.45500000,101.32122600,73198,-0.02719715,0.35464163,-68.45107097,0.02121310
2.90804800,1.94096700,172.13984600,Propan-1-ol--Pyrazine,0.03513559,2.24500000,103.51398800,73368,-0.03931781,0.48987464,-68.08853279,0.02708642
2.85938200,1.84082800,173.58035100,N-Methylformamide--Isoquinoline,0.05804842,8.07000000,142.68077300,68664,-0.04647189,0.68707743,-127.16913786,0.03345326
2.71981600,1.72346600,178.30832700,Serine--Butan-2-one_(MEK),0.06948583,3.56900000,113.17806900,74670,-0.03172894,0.41691952,-83.39748103,0.02662352
2.71716900,1.72092400,177.48962100,Alanine--Diethyl_Ether,0.07119717,2.03800000,111.96097600,73136,-0.04785741,0.52034887,-67.81807915,0.04647014
2.84187000,1.86729800,176.68355500,Butan-1-ol--Isoquinoline,0.04802603,4.93200000,159.81238300,57743,-0.03263541,0.65289369,-158.72930595,0.02188060
2.81801000,1.87294000,153.67337500,Urea--Benzophenone,0.03288347,2.42000000,180.13249300,69021,-0.03483124,0.39766936,-59.01569652,0.02419625
2.89606600,1.87842400,175.77490000,Pyrrole--2-Picoline,0.04963738,5.20100000,129.29820300,76234,-0.05245934,0.68973602,-124.58205399,0.03718923
2.70222200,1.91823300,130.36660100,Hydroxylamine--Formaldehyde,0.10509004,1.84700000,37.46751600,85643,-0.06436399,0.67007200,-79.29867392,0.26715294
2.83722400,1.82080900,173.95205800,Pyrrolidone--N-Methyl-2-pyrrolidone_(NMP),0.04766722,1.83500000,126.20027300,69193,-0.04356326,0.54623354,-73.32795193,0.02562644
2.96473700,1.95213100,176.84479400,Urea--Morpholine,0.02868620,3.67700000,97.51118500,77398,-0.05096067,0.53467493,-75.57747274,0.02056134
2.85071900,1.88117800,175.15362400,Fructose--Vinyl_Acetate,0.02957176,5.48800000,157.15956900,68603,-0.03749147,0.36663727,-55.89789227,0.02952926
2.96498200,1.97037600,167.44452600,Tryptophan--18-Crown-6,0.02571089,5.27400000,314.28049000,67315,-0.04114198,0.50678676,-103.04605648,0.01514765
2.70308800,1.71057600,179.34646300,Threonine--N-Methyl-2-pyrrolidone_(NMP),0.06076737,4.29000000,140.71375100,72138,-0.03248485,0.49178409,-86.95280598,0.01980336
2.87248200,1.92532100,162.65680700,Glucose--Oxime,0.03099330,4.80700000,126.18803100,81735,-0.04269630,0.83009892,-120.30934829,0.01985393
3.04625300,2.09629100,166.11521900,Glycerol--Propylene_Carbonate,0.01335967,4.47400000,112.09605900,72684,-0.03728516,0.43878385,-75.54839400,0.01546553
3.04508700,2.08856200,155.60820400,Butylamine--Dimethyl_Sulfoxide_(DMSO),0.01477594,2.96600000,113.89512900,77627,-0.03672223,0.56925448,-131.93919059,0.01737011
3.12037000,2.15467500,177.67497800,Phenol--Carbon_Dioxide,0.00871287,1.88900000,91.43924000,82795,-0.04117535,0.52576820,-84.18708903,0.00756097
2.75973600,1.83729500,147.59017100,Uracil--Ethanol,0.04828118,3.97500000,100.79432400,78494,-0.04434445,0.42071009,-51.34099620,0.04060639
2.68132600,1.67047300,175.78457000,Chloroacetic_Acid--Pyrimidine,0.11149021,3.04500000,105.82942900,75402,-0.07188582,0.64368596,-41.44792609,0.11290560
2.60436300,1.57918700,178.93213800,Lactic_Acid--Urea,0.12368168,5.56900000,87.52350900,80998,-0.04936852,0.63575012,-83.46450340,0.07960040
3.30488600,2.45716100,140.50017500,Butylamine--Gamma-Butyrolactone_(GBL),0.01118475,3.86300000,113.77756200,77814,-0.03139958,0.48121254,-89.17188191,0.00709226
2.72347700,1.72441700,176.86695300,Butanoic_Acid--Pyrimidine,0.08860351,4.11500000,116.58730800,71819,-0.03194721,0.51562754,-90.88071670,0.02269991
3.14079500,2.13350600,179.55974300,Adenine--Carbon_Dioxide,0.01035190,6.45600000,99.54975300,87040,-0.07787487,0.73646362,-60.44016718,0.01408352
3.14399600,2.14838600,165.63158300,Propylamine--Morpholine,0.01253368,2.66100000,110.33508400,76246,-0.03505050,0.35138806,-52.66801227,0.01341913
3.14206800,2.17429600,158.57407200,Ethylamine--Phenol,0.00818623,1.10200000,109.85021600,66014,-0.02845548,0.44622214,-103.54623105,0.00291795
2.78893000,1.82900000,165.84599400,Catechol--Acetone,0.04518781,3.50100000,118.19422200,77339,-0.05167265,0.51811216,-53.28445560,0.04010243
2.83265900,1.90064000,159.09229300,Cyclohexanol--N-Methyl-2-pyrrolidone_(NMP),0.03111412,4.76500000,143.55764200,73548,-0.03745334,0.50176818,-84.34526332,0.02166312
2.81713700,1.85979600,155.54320700,Histidine--Methanol,0.06439524,4.26700000,121.46253600,76972,-0.04648210,0.52546149,-79.87884016,0.05874623
3.00185400,2.11608900,151.45826800,Cyclohexanol--Ethyl_Acetate,0.01338453,3.27000000,132.45270200,76834,-0.04561244,0.65198282,-95.82543091,0.02073623
2.93754400,1.92679400,179.80193700,Indole--Diethyl_Ether,0.02773072,4.73800000,151.14745800,76335,-0.04125649,0.44588206,-67.16386246,0.00665298
2.69027600,1.68107200,178.12116800,Butanoic_Acid--Pyridine,0.10677529,3.29600000,121.08559000,69000,-0.02988164,0.36871884,-73.66125149,0.02809159
2.83696000,1.81547700,174.91425200,Histidine--2-Picoline,0.06288690,5.95900000,174.57526100,70359,-0.04967425,0.56297512,-73.66601879,0.03037169
2.55638800,1.54237000,166.72479300,Chloroacetic_Acid--Dimethyl_Sulfoxide_(DMSO),0.13023846,3.92200000,100.26150300,79378,-0.07738525,1.55935289,-195.12075235,0.08937799
2.98613200,1.97575400,176.66705600,Pyrrolidone--Anisole,0.02451440,5.10900000,141.53776100,74797,-0.03871563,0.41649410,-54.58829139,0.02490659
3.01291400,2.00277400,176.44123400,Acetamide--Oxime,0.02161889,3.95400000,66.71834000,77673,-0.06018967,0.68732884,-96.31425884,0.03521016
2.97665400,1.98477800,165.77485500,Urea--Formaldehyde,0.02652392,2.52800000,55.11120800,90680,-0.07504836,0.68187905,-59.49001752,0.07078121
2.74405400,1.75327600,177.81478600,Glycine--Vinyl_Acetate,0.05888668,3.40400000,100.90612900,79123,-0.04663627,0.58880960,-80.88586832,0.05703829
2.89586400,1.92176400,173.12533700,Benzoic_Acid--Diethyl_Carbonate,0.02965373,2.36200000,160.26827400,72091,-0.03869355,0.65751213,-153.92455271,0.01162632
2.83032500,1.86577500,167.36781900,Diethanolamine--2-Picoline,0.04949115,5.26100000,145.23103300,74096,-0.04886352,0.63140957,-83.75130683,0.04889262
3.11046900,2.15936100,154.73565400,Propylamine--Cyclohexanone,0.01246024,3.03700000,120.50355200,75841,-0.03918775,0.40203226,-57.85666190,0.00628822
3.15863700,2.18040500,161.27270200,Ammonia--Acetaldehyde,0.01039331,2.02700000,44.00553900,82500,-0.03282806,0.51949582,-123.40857457,0.01235905
2.85430400,1.88252800,177.69790400,Phenol--18-Crown-6,0.03133346,4.46000000,242.03573600,70124,-0.03500572,0.47475345,-85.49071125,0.01266978
2.70593300,1.71903700,171.77011800,Cysteine--Valerolactone,0.06419925,4.50300000,127.94196500,77467,-0.03874773,0.44901144,-67.04488435,0.03742033
3.11217700,2.10465000,167.85751700,Hydroxylamine--Acetophenone,0.01330145,4.54500000,111.13353100,82463,-0.04777855,1.04311082,-178.31164767,0.01870408
2.83022000,2.22897600,116.74592900,Aniline--Sulfate_Ion,0.15687421,3.22700000,116.42155000,73666,-0.08203359,0.89520293,-69.09703480,0.44687023
2.88526300,1.94205900,153.36864800,Formamide--Ethylene_Carbonate,0.02481249,2.07600000,74.13711500,80960,-0.05787155,0.55291867,-67.95377649,0.04082535
2.96634800,1.99921500,178.19889500,Butan-2-ol--Ethyl_Acetate,0.02054884,2.15700000,114.27509500,76363,-0.03972480,0.51222204,-90.89346964,0.01731028
3.05350900,2.06827900,164.41921100,N-Methylacetamide--Ethylene_Carbonate,0.01583684,9.13500000,97.18911600,71297,-0.03865577,0.54498957,-103.80158290,0.01212872
2.87068500,1.90548600,172.54872600,Ethylene_Glycol--Ethanol,0.02996857,4.52800000,70.90799000,77847,-0.05323237,0.54357708,-69.97593134,0.02857532
2.95493000,1.99676600,169.84827100,Ethanol--Ethyl_Acetate,0.02045865,2.56200000,91.07794700,77137,-0.04544220,0.45294775,-64.36518904,0.02151070
2.67491500,1.73101000,155.53880400,Formic_Acid--Methanol,0.07275340,1.52700000,44.93079900,81373,-0.06951533,0.71659086,-77.76265242,0.17594762
3.18688300,2.24823500,152.76788000,Histidine--Methyl_Acetate,0.00826873,4.26900000,146.25617700,76858,-0.04366996,0.52362953,-82.28585400,0.02710219
2.77327400,2.01476900,132.94174600,Propan-1-ol--Acetic_Acid,0.07069072,1.45700000,79.30703300,79683,-0.03990647,0.55104427,-100.73432841,0.07268417
2.85928300,1.99907600,140.94131600,Acetamide--Propan-1-ol,0.04008368,3.46300000,83.78986200,75623,-0.05485942,0.48942905,-50.11809836,0.06989645
2.87202800,1.90368000,174.29577100,Catechol--Benzophenone,0.02540384,5.09000000,220.48842200,68872,-0.05308594,0.61301912,-70.59674369,0.03300223
2.58302100,1.58074000,167.29128000,Salicylic_Acid--Dimethyl_Sulfoxide_(DMSO),0.13255705,3.48100000,143.42068400,73935,-0.04816170,0.50437755,-56.26418914,0.09018159
2.82600800,1.86104500,168.71860800,Fructose--Diethyl_Ether,0.04051247,3.44200000,156.56461600,71340,-0.03454687,0.55422940,-132.53832432,0.03398417
3.12332900,2.12113000,167.65001300,Dimethylamine--Ethanol,0.01464102,1.78400000,71.06529400,78551,-0.04910888,0.63247878,-104.21136846,0.01505350
2.76528600,1.78088400,170.97852600,Lactic_Acid--Formaldehyde,0.05861441,2.92800000,69.62425600,80101,-0.05405306,0.48617239,-49.05095567,0.08087445
2.57722700,1.60927600,160.65056700,Sulfuric_Acid--Propan-2-ol,0.11511419,2.44900000,89.84466200,79116,-0.05932913,0.76509846,-96.26146388,0.10033096
3.07662300,2.05869000,176.29807900,Pyrrolidine--Dimethyl_Sulfoxide_(DMSO),0.01715722,4.60000000,109.02573400,79013,-0.04167089,0.60195910,-80.41324846,0.01319477
3.02776600,2.02588400,172.04167100,Pyrrole--Gamma-Butyrolactone_(GBL),0.01623082,7.95600000,107.49908300,78938,-0.03293639,0.40657475,-68.35114707,0.01028534
3.06250000,2.05486800,178.14917700,N-Methylacetamide--Acetaldehyde,0.01591356,8.02800000,80.84667500,79873,-0.03744855,0.63989586,-121.06998098,0.00798119
2.75855700,1.71838800,175.85614200,Barbituric_Acid--Tetrahydrofuran_(THF),0.07741713,2.08500000,121.44757000,75192,-0.06513679,0.60499082,-58.71335276,0.07469713
3.04700800,2.03901400,177.23845600,Pyrrole--Phenol,0.01792842,4.14900000,126.81738300,73032,-0.03886114,0.51745224,-99.91723631,0.00704042
3.16364000,2.16270400,167.89265500,Ethylamine--18-Crown-6,0.01130986,2.33400000,207.31197300,69922,-0.03968755,0.55534435,-111.43707873,0.01325189
2.58072100,1.59267800,169.21379700,Sulfuric_Acid--Butan-2-one_(MEK),0.11314631,4.66800000,98.23955100,76933,-0.06017400,0.84918268,-127.34530212,0.07381006
2.86320800,1.92859400,161.14371400,Glycerol--Pyruvic_Acid,0.02447166,2.78700000,102.21064100,79747,-0.05492374,0.62902709,-81.27632433,0.02995386
2.82068000,1.84782500,170.85712400,Glucose--Valerolactone,0.04234042,2.25400000,151.27139300,72552,-0.04286373,0.50478854,-80.27098475,0.03918489
2.90819600,2.01284600,151.57249600,Alanine--Carbon_Dioxide,0.01892382,2.13200000,74.49831600,79675,-0.06256719,0.60115795,-60.73909876,0.02388178
2.83134600,1.89725200,159.44973200,Resorcinol--Vinyl_Acetate,0.03351840,4.13700000,134.00132800,71548,-0.03414191,0.40575873,-69.12702214,0.01383069
3.10453400,2.14078000,158.32012000,Piperidine--Anisole,0.01139255,1.67300000,163.84270100,71963,-0.02996460,0.36326878,-59.83165859,0.01541450
2.98197400,2.28659800,124.92463500,Pyrrolidone--Pyruvic_Acid,0.10364108,4.96400000,105.28796900,70033,-0.04710451,0.69186421,-87.05668085,0.05723321
2.75835100,1.77509700,171.44621600,Hydrogen_Peroxide--Pyridine,0.07132780,3.06400000,77.54800100,85461,-0.08484782,0.64621517,-40.40897757,0.11807856
2.57156500,1.56467800,166.82702400,Alanine--Dimethyl_Sulfoxide_(DMSO),0.11817145,3.29200000,108.47764500,78067,-0.05841389,1.14824051,-151.74468735,0.11033908
2.61186800,1.60110900,176.80100800,Sulfuric_Acid--Pyrazine,0.14700601,4.73400000,103.88026100,73615,-0.06002589,0.67763926,-62.84705234,0.04051160
2.85162100,1.88148300,173.73281800,Ethanol--Propan-2-ol,0.03665475,2.70000000,77.67365900,77034,-0.05015039,0.50013006,-71.16256427,0.03682952
2.69412000,1.69425800,178.00577700,Chloroacetic_Acid--Cyclohexanone,0.07687325,4.32300000,118.40224400,76552,-0.05909511,0.67850223,-75.56308649,0.06346387
2.78540900,1.76094000,175.82741100,"Uracil--N,N-Dimethylformamide_(DMF)",0.05417154,7.95200000,118.75613900,75804,-0.05221130,0.59797913,-84.18597330,0.04218130
2.77672900,1.73844900,175.02185400,Cytosine--2-Picoline,0.08782887,3.23400000,146.79021800,66201,-0.04080037,0.62820170,-87.25366104,0.03625029
2.83006100,1.86718600,168.69489800,Methanol--Acetophenone,0.03871047,4.17000000,114.06596700,74476,-0.03805712,0.48326783,-81.14596464,0.03130602
3.83957700,3.68084800,92.13882300,Cyclohexanol--Methyl_Acetate,0.00918901,3.58700000,120.96115400,71203,-0.04363583,0.57732309,-97.39505877,0.00963640
3.08537800,2.12144300,174.12489500,Cyclohexanol--Cyclohexanone,0.01034173,5.59800000,145.86810100,75648,-0.03408884,0.41974683,-82.88491641,0.00947757
2.80394100,1.83971900,156.70395200,Histidine--Propan-2-ol,0.05484650,4.37200000,144.46994500,78142,-0.04260562,0.49770298,-62.05820798,0.04994407
2.85580600,1.92272900,151.71912200,Histidine--Acetic_Acid,0.10325210,3.63100000,134.43228800,77462,-0.04545974,0.61860936,-93.38419010,0.06589769
2.90411200,1.94976100,164.15585300,Alanine--Propylene_Carbonate,0.02793082,5.83300000,113.29125500,75965,-0.05157819,0.83536338,-121.73829847,0.01776488
2.73118700,1.74839900,176.39463200,Fructose--Urea,0.05898833,6.01400000,136.46486100,73535,-0.04411171,0.59414555,-87.90342439,0.05941576
2.82982200,1.85760800,175.73249100,"Methanol--N,N-Dimethylformamide_(DMF)",0.03868160,5.76100000,72.76763000,73114,-0.03584471,0.65587688,-134.58992277,0.03625741
2.86700900,1.89576400,177.37023700,"Phenol--1,4-Dioxane",0.02984166,2.16700000,128.86385600,73943,-0.03461868,0.48182680,-94.04853106,0.00919784
2.96522700,2.02080000,154.89542900,Tryptophan--Anisole,0.01945384,5.04900000,228.80013800,66938,-0.03966472,0.52480298,-69.39567487,0.01438472
2.78479400,1.80323800,170.81648600,Glycine--Formaldehyde,0.05374074,2.28400000,62.38583600,80505,-0.05411207,0.48976317,-50.77696222,0.05673960
2.83927800,1.82269200,173.23928000,Guanine--Acetaldehyde,0.04967882,2.51700000,123.88070800,67317,-0.05117705,0.63331765,-92.07761166,0.03650140
3.13741400,2.23883400,146.30441300,Dimethylamine--Acetic_Acid,0.01027901,0.97300000,72.47407400,78691,-0.04972915,0.58660102,-87.30266138,0.02263251
3.41154900,2.43368700,161.48628300,Propylamine--Carbon_Dioxide,0.00291421,1.59100000,68.28674300,80380,-0.04026996,0.53532202,-99.37927204,0.00046690
2.71401000,1.71139800,176.16145300,Glycine--Pyrimidine,0.09453756,2.89900000,102.36660500,77058,-0.05212268,0.54146535,-61.38554935,0.07524227
3.14509700,2.16424800,161.29859600,Pyrrolidine--Trioxane,0.01016309,1.80800000,100.84567300,74635,-0.04173615,0.48604327,-68.25032607,0.00908513
2.96677800,1.99804200,157.15114100,Ethylamine--Dimethyl_Sulfoxide_(DMSO),0.02156619,2.75400000,90.52005500,75002,-0.03942088,0.52722299,-69.41772786,0.03234865
2.87240800,1.93506200,161.73535400,Hydroquinone--Phenol,0.02345651,2.21300000,149.03361800,72093,-0.03464418,0.43924162,-72.82132694,0.00867660
2.65591600,1.63534400,178.48717300,Alanine--Quinoline,0.12723347,4.26100000,158.45209700,70835,-0.04070303,0.45373392,-58.94514218,0.04417018
2.83666000,1.85698100,176.25695900,Propanoic_Acid--Methyl_Acetate,0.03798381,2.97900000,92.59347800,78390,-0.04655286,0.55957980,-74.62509345,0.03231098
2.53950800,1.55812200,168.82166400,Sulfuric_Acid--Hexamethylphosphoramide_(HMPA),0.09858742,7.33300000,178.05734400,76024,-0.04718427,0.56539726,-68.74131801,0.04977717
3.00056700,2.19052400,136.22286800,Urea--Oxime,0.05905178,5.21000000,64.44268000,92383,-0.05891219,0.65992274,-77.33244557,0.09328849
2.98393100,2.05472500,160.44126900,Cyclohexanol--Ethylene_Carbonate,0.01517314,5.68700000,120.98392300,73014,-0.04449577,0.47649916,-62.84830270,0.01532919
2.77347400,1.75571200,170.35162500,Thymine--Hexamethylphosphoramide_(HMPA),0.05028928,7.88400000,211.96987300,66785,-0.03708014,0.40167305,-59.76540868,0.03170791
2.95817100,1.94391000,178.72429000,Pyrrole--Pyrimidine,0.03761077,4.72100000,113.29347200,80924,-0.06709961,0.71383465,-76.08082869,0.03846249
2.98384800,1.97385500,176.59445700,"Aniline--N,N-Dimethylformamide_(DMF)",0.02229335,6.10800000,128.09135700,78894,-0.03917489,0.49680441,-69.10144117,0.01361215
2.90645200,1.95351300,167.60373300,Benzyl_Alcohol--Ethyl_Acetate,0.02529800,2.46800000,142.14762800,75830,-0.04137277,0.48439619,-88.84314194,0.01752607
2.73043900,1.73910600,175.23087500,Propanoic_Acid--Tetrahydrofuran_(THF),0.06665499,1.62200000,97.67427100,77919,-0.03998809,0.47489291,-79.08912343,0.04422510
3.12313400,2.15118700,158.99081800,Pyrrolidine--Ethanol,0.01224131,3.09700000,89.05567800,75985,-0.03781249,0.38529664,-58.68381010,0.00761410
2.78754500,1.88249300,152.54943100,Cyclohexanol--Urea,0.03667745,3.94200000,111.05529200,75837,-0.04839786,0.59319412,-86.95520349,0.04681299
3.16907800,2.18697000,162.07985100,Butylamine--Benzaldehyde,0.01031877,4.43800000,142.13859600,73888,-0.03124641,0.40482717,-72.27552870,0.00287890
2.84278100,1.86741000,173.99242000,Propan-1-ol--2-Picoline,0.04954108,3.89700000,119.50613900,70653,-0.02952043,0.28731355,-44.88704850,0.02273803
2.82428700,1.84922800,177.71149800,Glycerol--Hexamethylphosphoramide_(HMPA),0.02909301,6.47000000,186.82856000,70977,-0.04972750,0.47179069,-50.75966006,0.06455022
2.94540600,1.96060400,163.21278200,N-Methylacetamide--Acetophenone,0.02798516,7.56900000,143.20080600,71981,-0.04145968,0.41094940,-50.68450738,0.02353950
2.69700100,1.69654900,175.97903700,Oxalic_Acid--Dimethyl_Ether,0.07964705,2.82500000,74.99730900,81855,-0.05644918,0.61857487,-92.39533696,0.07581805
2.91719100,2.02295800,151.33858300,Threonine--Carbon_Dioxide,0.01835966,2.36400000,90.84653300,86560,-0.05256892,0.68335472,-106.64543887,0.02206748
2.71541600,1.71614600,178.25303700,Formic_Acid--Butan-2-one_(MEK),0.07087672,3.93700000,76.32330500,78086,-0.05830947,0.76649732,-150.53637089,0.08480822
2.87934900,1.91729400,170.23162600,Methanol--Benzaldehyde,0.03124218,5.03500000,102.77686100,66540,-0.03250980,0.33959041,-49.39827334,0.01742764
3.10263700,2.39428000,125.96233000,Histidine--Diethyl_Carbonate,0.00369579,4.17300000,174.49092300,75013,-0.04386866,0.50526230,-76.84171451,0.01605445
2.99728000,2.01263700,160.75729900,Hydroxylamine--Benzophenone,0.01998909,3.23400000,162.24260600,71210,-0.04280204,0.71137444,-135.99197778,0.02019124
2.87319900,1.91558300,169.06770900,Propan-2-ol--Dimethyl_Sulfoxide_(DMSO),0.02361432,6.08800000,97.76442400,79423,-0.03223773,0.48368826,-84.11498996,0.01508800
2.63040000,1.63907200,171.79487700,Trifluoroethanol--Dimethyl_Sulfoxide_(DMSO),0.08605793,3.99200000,89.70099700,78179,-0.06268568,0.98845771,-113.63883801,0.08627845
2.87835200,1.89090400,163.79796700,Acetamide--Cyclohexanone,0.03208954,1.09800000,110.15965700,73574,-0.04410535,0.53759287,-74.10715692,0.02397074
3.13082500,2.46496900,122.23839700,Hydroxylamine--Methanol,0.01898024,1.40100000,40.28482700,82456,-0.04358033,0.46402557,-66.12956302,0.03303434
2.82382900,1.81033200,169.66415300,"Formamide--N,N-Dimethylformamide_(DMF)",0.05207625,2.86000000,78.73047600,76929,-0.04631242,0.58549247,-93.82594978,0.05747414
2.70193800,1.69338000,175.41845500,Formic_Acid--Pyrimidine,0.10240100,2.35700000,82.00436000,84231,-0.10166288,0.82105792,-50.90426259,0.19593121
3.27739100,2.83013200,107.17763200,Methylamine--Propylene_Carbonate,0.01226822,5.26400000,83.81551200,79208,-0.04378513,0.50720249,-73.26174485,0.00824898
2.69953900,1.70300800,175.80462100,Ascorbic_Acid--2-Picoline,0.09625646,8.82300000,168.78342600,72346,-0.05072992,0.61062783,-79.58972949,0.05323179
2.83439400,1.82901100,167.66370600,Guanine--18-Crown-6,0.04841606,6.49400000,263.59913500,61800,-0.04177823,0.67791536,-139.22164414,0.01693944
3.00323400,1.99374900,179.99814700,"Pyrrole--1,4-Dioxane",0.02119094,2.78000000,111.09788100,77424,-0.03529922,0.37216003,-57.94099933,0.01224042
2.76874900,1.75511200,167.89878400,Saccharin--Acetophenone,0.06342035,1.82300000,207.74454400,76108,-0.04676147,0.51306378,-58.52985503,0.02292280
2.99316900,2.19304900,134.31661800,Piperidine--Urea,0.06612175,3.17100000,115.83561800,75786,-0.04070764,0.51957254,-79.11554084,0.06311524
2.67777800,1.68233700,177.77771500,Threonine--Hexamethylphosphoramide_(HMPA),0.06221046,4.20200000,204.60086100,70859,-0.03439642,0.35981230,-53.19719440,0.02977806
2.79456400,1.82583600,168.91422100,Fructose--Propan-2-ol,0.04709557,5.60400000,144.51372000,71590,-0.03585790,0.41969487,-105.17163481,0.03715622
2.87786100,1.87249800,166.99992100,Thymine--Formaldehyde,0.04222671,4.01400000,97.79220600,81030,-0.06270279,0.64697326,-66.94255430,0.04274662
3.00674200,1.99722100,179.16572500,"N-Methylacetamide--1,4-Dioxane",0.02137496,5.03700000,107.30882100,76549,-0.04601226,0.60972848,-105.39258577,0.01310953
2.93353300,1.92786200,170.36947600,Formamide--Dimethyl_Ether,0.02766592,3.92300000,61.22574600,77571,-0.05485147,0.55939233,-65.95464614,0.04735057
2.76802800,1.78055000,176.87759900,Resorcinol--2-Picoline,0.07014968,4.81600000,151.49111100,66533,-0.04202156,0.41830613,-54.61390907,0.02273457
2.75353300,1.76424800,177.37221200,"Glycine--1,4-Dioxane",0.05793846,2.18400000,100.19546500,76095,-0.04300239,0.50138990,-73.13465042,0.03359968
2.92271900,1.91156300,179.10198400,"Tryptophan--N,N-Dimethylformamide_(DMF)",0.02860731,10.15500000,195.72071000,66301,-0.03828784,0.43677718,-64.86821679,0.01784634
3.06253800,2.05219900,170.56355500,Ammonia--2-Picoline,0.02415275,2.51200000,88.65437700,74454,-0.04609023,0.46700148,-56.67853272,0.02808802
2.79547000,1.98688000,133.60258000,Hydroxylamine--Acetaldehyde,0.04099168,2.39600000,48.77682900,81187,-0.06385233,0.64106748,-69.98084492,0.08858707
2.93610300,1.92783700,174.66225400,Tryptophan--Morpholine,0.02854253,7.17100000,205.65106800,66968,-0.04154091,0.55233482,-88.74215223,0.01122029
2.87492000,1.90637400,173.94643600,Hydroquinone--Acetamide,0.02488616,5.52800000,115.72008200,76501,-0.03180171,0.33607879,-54.40811672,0.01092746
2.71719500,1.72212900,176.31096600,Serine--Acetophenone,0.06944813,4.22100000,152.60712900,64976,-0.02907891,0.31293501,-62.28523645,0.02236217
2.94234300,1.93574300,172.84815600,Pyrrolidone--Vinyl_Acetate,0.02555012,3.09600000,114.43770100,80468,-0.04279454,0.49048485,-70.54588447,0.02391392
2.90281400,1.94024900,172.23572800,Methanol--Dimethyl_Ether,0.02461366,3.53500000,55.16387000,80662,-0.05060651,0.84129256,-186.14583268,0.03228462
2.72384900,1.73127900,174.72278000,Glutamic_Acid--Benzaldehyde,0.06960462,4.85200000,165.93731200,76056,-0.04194426,0.49660953,-66.16032204,0.03573736
2.91928300,1.96738800,167.39033300,Butan-1-ol--Anisole,0.02307439,3.18200000,140.84616500,65419,-0.02745495,0.32569612,-56.09467519,0.01604200
2.56820000,1.55756200,166.31649400,Formic_Acid--Dimethyl_Sulfoxide_(DMSO),0.12277347,3.48300000,76.43496500,77550,-0.06034679,0.62188685,-54.67599667,0.10955101
2.73104600,1.73969900,174.22607200,Propanoic_Acid--Benzaldehyde,0.06766813,3.08700000,127.33702000,66522,-0.03637504,0.65419108,-121.18950420,0.02511252
2.63383500,1.60355800,178.86526900,Cysteine--2-Picoline,0.14477703,2.92800000,149.59327400,72740,-0.03740340,0.50984853,-72.08326318,0.01589923
3.12815700,2.14800400,162.02719600,Piperidine--Valerolactone,0.01075966,5.73900000,132.48812400,77573,-0.02664085,0.41409662,-94.09034747,0.00382247
2.73753200,1.74603900,179.02276100,Salicylic_Acid--Diethyl_Ether,0.06334031,1.32700000,146.91248200,65974,-0.03694953,0.39581751,-58.91393469,0.02481112
3.06546800,2.06729100,165.60424600,Hydrazine--Propan-2-ol,0.01871718,0.71100000,67.66521200,79186,-0.03945785,0.45106142,-76.92184395,0.01948124
2.96515300,1.99546200,157.48509900,Propylamine--Dimethyl_Sulfoxide_(DMSO),0.02212191,2.76600000,102.17723800,75448,-0.04355370,0.56696535,-87.39464277,0.02612288
2.94546900,1.98321100,170.24834000,Diethanolamine--Acetaldehyde,0.02401917,4.99800000,100.57344500,78595,-0.04937584,0.48733214,-57.45960048,0.03203440
3.05656500,2.12573700,152.41200600,Histidine--Valerolactone,0.01268764,9.47000000,152.78152700,70145,-0.04704084,0.64957619,-97.35994391,0.01584107
2.69464900,1.69668800,176.15544100,Oxalic_Acid--Morpholine,0.07471087,4.86500000,102.57499200,79083,-0.05321210,0.50665002,-56.74081305,0.05751698
2.64561300,1.62729400,160.73338100,Barbituric_Acid--Dimethyl_Sulfoxide_(DMSO),0.09903453,5.06200000,123.15343300,73447,-0.06927156,0.65844126,-52.52138981,0.11059219
2.97840800,1.97111000,171.74586600,Formamide--Ethyl_Acetate,0.02630352,5.53700000,85.61921300,75932,-0.05956985,0.71749863,-105.36776731,0.04093366
2.77417600,1.80141000,167.66540300,Butanoic_Acid--18-Crown-6,0.05192460,5.47000000,227.55422400,67028,-0.03409313,0.50624537,-92.09298670,0.01541326
3.22264900,2.23048400,164.75710000,Dimethylamine--Gamma-Butyrolactone_(GBL),0.00696100,5.99300000,90.95561100,78509,-0.04804460,0.50282150,-61.87904699,0.00378125
2.66661500,1.71795200,156.52383900,Cysteine--Methanol,0.07695219,1.35500000,96.60162800,83934,-0.04862248,0.79217727,-153.17866771,0.06144825
2.88768100,1.98293600,154.87648700,Ethylene_Glycol--Phenol,0.01865759,3.05000000,110.13783400,76109,-0.05295975,0.58518264,-78.01469330,0.00243644
3.13957800,2.13150700,171.72968900,Ammonia--18-Crown-6,0.01303712,3.48100000,183.68854200,75431,-0.03781957,0.48282382,-66.67737982,0.01658541
2.90730400,1.93940300,174.91598000,Phenol--Trioxane,0.02368773,3.02700000,117.17195500,74945,-0.03905475,0.49148226,-76.23224455,0.01232255
2.92531800,1.91490700,177.01631000,N-Methylacetamide--Hexamethylphosphoramide_(HMPA),0.02434891,9.30000000,183.67955100,72435,-0.04234985,0.50414930,-80.30219230,0.04292668
2.99097300,2.03753400,167.34396300,Diethanolamine--Formaldehyde,0.01886060,4.94000000,89.19354800,77921,-0.04979357,0.49752575,-77.22563813,0.02600332
2.65346100,1.65465800,178.04288000,Lactic_Acid--Hexamethylphosphoramide_(HMPA),0.07089150,6.37100000,183.83252300,71259,-0.04112373,0.48983595,-86.30269688,0.05506340
2.63116000,1.61356400,179.24559800,Glycine--Acetamide,0.10976508,4.12300000,82.72049200,69962,-0.05048969,0.52642836,-59.79739599,0.10501074
3.22040900,2.56006700,122.30708100,Ethylamine--Propylene_Carbonate,0.00189996,4.92100000,95.41027900,76769,-0.04797944,0.56214344,-75.71227404,0.00892343
3.01400300,2.01460100,169.64077600,N-Methylformamide--Phenol,0.02039964,6.07400000,111.73110400,74061,-0.04466749,0.51933367,-62.89765222,0.01198028
2.62045000,1.60085200,178.50606900,Serine--Urea,0.11403349,3.64800000,96.72993700,77886,-0.03561243,0.43428642,-73.56568562,0.04780238
2.74115500,1.75484700,173.75476000,Glutamic_Acid--Ethanol,0.06058166,3.24400000,117.88372000,81988,-0.04649637,0.73383226,-112.87819140,0.03806952
2.93070400,1.91659500,176.69016700,N-Methylacetamide--Pyrimidine,0.04207903,6.71500000,109.50063300,75110,-0.04605614,0.58328008,-77.19348851,0.02837646
2.72116000,1.75801000,162.72668200,Citric_Acid--18-Crown-6,0.06262023,5.10900000,268.25561900,58181,-0.03496851,0.46943585,-96.61753999,0.01300628
2.73931900,1.76588000,167.79194200,Glucose--Urea,0.05599669,3.53500000,134.92479300,76275,-0.04061784,0.65163363,-130.59351358,0.03151921
3.06264700,2.05754400,167.09427500,Hydroxylamine--Dimethyl_Ether,0.01862025,1.58200000,52.19402500,80327,-0.04174272,0.49724979,-83.94590508,0.01507072
2.84406600,1.88972500,165.57374700,Glycerol--Propan-2-ol,0.03317988,2.52000000,98.68431700,78733,-0.03548948,0.50488554,-109.14651973,0.02454564
3.00848900,2.04855900,157.44441400,Aniline--Acetone,0.01974328,3.41800000,118.26731400,73970,-0.04027270,0.49466761,-78.67568234,0.01809626
2.99361700,1.98393700,179.74842700,"Indole--1,4-Dioxane",0.02212632,2.99800000,151.02212900,70375,-0.04826405,0.63547987,-74.81743548,0.01027808
2.88426200,1.91562400,175.09554200,Butan-2-ol--Methanol,0.03170507,2.49000000,77.88500300,77382,-0.03686357,0.40631077,-67.31647728,0.02943179
2.67307400,1.65985200,175.98217900,Butanoic_Acid--2-Picoline,0.11594907,2.91300000,132.57179700,68442,-0.03710250,0.45826289,-65.20151180,0.05626487
2.62396300,1.60849900,175.98685500,"Oxalic_Acid--N,N-Dimethylacetamide_(DMAc)",0.10742174,6.32200000,103.92295500,77379,-0.05601764,0.59898490,-68.09308327,0.05566361
2.92572100,1.95715000,176.82063400,Propan-2-ol--Acetaldehyde,0.02616228,3.83700000,74.76889900,78181,-0.02618452,0.44492853,-126.60255588,0.01320834
2.67557800,1.72310800,157.62602200,Glycine--Propan-2-ol,0.07444863,2.00100000,88.31281600,81210,-0.04553132,0.56793845,-86.50931350,0.06448939
2.73885900,1.75566500,173.91485400,Acetic_Acid--Benzophenone,0.05150067,3.13700000,178.18274400,66077,-0.04320997,0.48011685,-57.47002704,0.01736595
2.89075400,1.89140500,166.05470100,Formamide--Acetaldehyde,0.03835055,1.70000000,57.67716000,80374,-0.05231566,0.57115091,-72.51438811,0.05062766
2.93663200,1.93012400,173.19615400,Imidazole--Propan-2-ol,0.02683215,6.53200000,94.31440400,81546,-0.03213730,0.41711767,-103.33477799,0.01976886
2.72153100,1.72868300,175.89148900,Propanoic_Acid--Acetone,0.06728758,2.35000000,87.60678900,78038,-0.03856442,0.53209007,-90.47523680,0.04541924
2.97571000,1.96823400,169.78551300,Cytosine--Methyl_Acetate,0.02654561,2.98900000,118.51506600,74408,-0.04406384,0.49483225,-65.20316582,0.02091997
3.06504100,2.12799400,152.03077500,Propylamine--Butan-2-one_(MEK),0.01388857,2.37400000,102.27953500,78682,-0.03023056,0.32259172,-55.96748225,0.01124342
2.90147200,1.93172100,177.70270200,Phenol--Gamma-Butyrolactone_(GBL),0.02158532,7.48300000,125.28653200,70424,-0.03015262,0.46670360,-89.92553085,0.00508781
3.07862300,2.10752600,158.84374100,Butylamine--Acetophenone,0.01533557,2.72900000,153.39498600,68685,-0.02835337,0.30962606,-61.79266020,0.01202028
2.88848000,1.91626200,179.21876700,Resorcinol--Phenol,0.02876439,3.82500000,149.07209500,67496,-0.03834641,0.42475282,-65.94984733,0.01295145
2.72847100,1.72905900,178.30166300,Benzoic_Acid--Pyrimidine,0.08733677,3.69200000,144.32972900,79635,-0.11178685,0.94079680,-57.53832337,0.10871119
2.88466500,1.93322400,166.63535800,Ethylene_Glycol--Vinyl_Acetate,0.02462309,5.54700000,95.08390200,82098,-0.04344729,0.81678332,-175.53980053,0.01665458
3.02163700,2.03356900,165.91118600,Indole--Phenol,0.01840278,4.18000000,166.72069300,69458,-0.04489497,0.50589587,-58.77440881,0.00975321
2.96863800,1.96139300,174.09478900,Imidazole--Methanol,0.02387937,6.30500000,71.30145300,87493,-0.05035933,0.59085850,-79.64119576,0.02922985
2.91355800,1.90783800,169.56171100,"Formamide--1,4-Dioxane",0.03327463,4.22500000,84.19463500,78343,-0.04802910,0.49127559,-58.86134535,0.03970916
2.87669900,1.86341100,177.40451600,Guanine--Vinyl_Acetate,0.03253284,2.36900000,151.11925700,74280,-0.04507724,0.43958304,-49.37977015,0.01952828
3.07737200,2.06313700,175.63057300,Piperidine--Isoquinoline,0.02290944,3.80900000,182.79367200,63989,-0.02770251,0.30353833,-53.67497245,0.00719647
2.72362600,1.74648600,171.71636000,Ascorbic_Acid--Benzophenone,0.06041265,9.50800000,237.62353900,68523,-0.03698512,0.42443539,-77.36356107,0.01369212
3.00112500,2.10872200,145.30030600,Histidine--Pyruvic_Acid,0.01400540,5.22000000,148.06394700,71753,-0.03783522,0.41094767,-63.89610458,0.02277422
3.02240700,2.05046600,160.66112000,N-Methylformamide--Oxime,0.01788712,4.85400000,67.32095900,79090,-0.03989958,0.58480667,-157.22493911,0.01903711
3.03350200,2.02914400,172.28135200,Histidine--Trioxane,0.02041973,5.73900000,144.73882600,71479,-0.05571864,0.58152706,-66.11123648,0.02122201
3.10378800,2.14016100,174.06523400,Cyclohexanol--Gamma-Butyrolactone_(GBL),0.00919057,6.93100000,127.53134900,73246,-0.03857573,0.50262954,-74.71345470,0.00941739
2.76439100,1.85893500,151.37941500,Serine--Oxime,0.03988782,2.93600000,88.10471400,77861,-0.03529440,0.40864745,-83.46380127,0.03763239
2.96859200,1.99773600,157.46762600,Hydrazine--Acetamide,0.05681314,3.36600000,62.08291300,74156,-0.04816785,0.53340586,-79.98442081,0.08639728
3.14116700,2.17262700,158.64364400,Methylamine--18-Crown-6,0.01135804,4.88900000,195.75661000,74560,-0.04075519,0.47340373,-82.66381251,0.01624531
2.62138000,1.61105400,179.78012800,Propanoic_Acid--Dimethyl_Sulfoxide_(DMSO),0.09771356,2.59700000,99.22002600,78178,-0.04548748,0.53896140,-70.27489720,0.09023054
2.74004600,1.79529400,159.80415800,Salicylic_Acid--Propylene_Carbonate,0.04254921,6.07500000,148.27374300,73863,-0.05792090,0.52835689,-53.51475817,0.03828803
2.87848700,1.85688800,173.07209600,Barbituric_Acid--Methyl_Acetate,0.04114133,2.39900000,116.46655900,72587,-0.05336958,0.58891460,-61.60225867,0.02156455
2.79171700,1.80591800,178.80533900,Chloroacetic_Acid--Ethyl_Acetate,0.04805548,2.27300000,105.14499100,76662,-0.05586349,0.60981105,-58.79063919,0.03081495
2.73839500,1.79406100,159.18728300,Serine--Ethylene_Carbonate,0.04443747,3.92000000,106.64702500,83348,-0.04783999,0.52136370,-60.56109579,0.03510976
2.73477900,1.69146800,175.25625200,Thymine--Isoquinoline,0.10383937,7.53100000,182.27197900,72636,-0.04836114,0.46348738,-47.82373484,0.05482360
2.71196100,1.84356900,139.49313000,Indole--Phosphate_Ion,0.04855326,11.57400000,136.00458600,79046,-0.09073085,1.68542250,-196.53526362,0.17885720
2.78437500,1.74692700,176.51953600,Barbituric_Acid--Acetone,0.06720863,4.26100000,111.44593000,72673,-0.05878569,0.65004576,-75.54058154,0.05150006
3.10453500,2.09397200,173.07477100,Piperidine--Pyrazine,0.02041623,1.30700000,138.28886400,72848,-0.03135746,0.32453069,-50.93397520,0.00512095
3.11686200,2.36500400,129.90285000,Hydrazine--Propylene_Carbonate,0.00464017,4.00200000,81.01247600,80596,-0.04846802,0.62849226,-108.89410162,0.01509388
2.84542800,1.83013000,176.52355300,Saccharin--Trioxane,0.04150663,3.69700000,160.13719400,77226,-0.06404966,0.88904761,-160.74848947,0.02596623
2.80639800,1.82451600,176.25626000,Glycerol--Isoquinoline,0.05823639,2.88200000,157.33033400,68095,-0.03820725,0.37967784,-56.53335518,0.02652050
2.87898600,1.86973400,175.66045200,N-Methylformamide--Hexamethylphosphoramide_(HMPA),0.02915505,9.40700000,172.41196300,72436,-0.04347782,0.68432720,-150.66544991,0.03707609
3.30174300,2.46022200,132.81119000,N-Methylacetamide--Diethyl_Carbonate,0.00837361,4.02800000,125.28645400,78177,-0.03606745,0.39924786,-70.43930891,0.01731539
3.10401200,2.09975800,167.31767500,Hydroxylamine--Phenol,0.01415413,1.50000000,90.94132600,72552,-0.03578378,0.39260963,-62.60695680,0.00903205
2.74265300,1.70591600,173.79784100,Guanine--2-Picoline,0.09807255,2.51200000,168.57190300,66536,-0.04411588,0.54798194,-59.51783560,0.04539324
2.95842300,1.94561500,179.00681300,"N-Methylacetamide--N,N-Dimethylformamide_(DMF)",0.02721454,9.65500000,101.92243400,77544,-0.04061733,0.49569540,-80.12886599,0.02632806
2.51088500,1.52070800,161.22357300,Methanol--Phosphate_Ion,0.14119272,5.99800000,63.94251100,85822,-0.09648088,1.09625865,-109.89940340,0.21528232
3.17108100,2.16467400,170.33910400,"Ethylamine--1,4-Dioxane",0.00946777,1.57700000,94.11875300,73666,-0.03525835,0.44479552,-98.99273259,0.00872420
2.89731500,1.98627100,155.71017900,"Cyclohexanol--1,4-Dioxane",0.02214567,2.04000000,131.00875700,74659,-0.04866489,0.78334602,-136.00856780,0.01688869
2.77053700,1.79517300,170.15542600,Glucose--Propan-1-ol,0.05426872,6.15600000,143.12359300,77467,-0.03883033,0.41730636,-63.50218771,0.04383047
3.15936700,2.21459600,153.61491100,Pyrrolidine--Hexamethylphosphoramide_(HMPA),0.00773708,5.51500000,189.04299700,71685,-0.04444788,0.46834070,-62.30800522,0.03173158
2.57374500,1.58631100,168.11642500,Sulfuric_Acid--Acetic_Acid,0.11328722,4.14900000,80.08493600,84099,-0.06365275,1.10474448,-188.35072056,0.13619904
2.85066500,1.88763500,169.75650700,Hydroquinone--Morpholine,0.03132363,3.57700000,137.81976400,74354,-0.03519912,0.48745770,-109.56500997,0.01336970
2.82567100,1.85664600,172.07884700,Phenol--Morpholine,0.03852897,4.60100000,133.38107700,73174,-0.03327476,0.37051271,-60.76499477,0.01216328
2.66599900,1.66700400,178.52788800,Formic_Acid--Hexamethylphosphoramide_(HMPA),0.06619097,4.97800000,156.24447500,68716,-0.05048566,0.56034409,-66.08804753,0.06982689
2.90003300,1.93465300,171.42202000,Resorcinol--Formaldehyde,0.02919304,3.48300000,95.51816100,79237,-0.05390605,0.57558531,-82.12257758,0.02503481
3.13391500,2.16213800,158.99947100,Pyrrolidine--Morpholine,0.01082749,3.91400000,117.15173000,74703,-0.04340831,0.45869277,-64.77582497,0.01094613
3.16381400,2.23626600,150.86677000,Hydrazine--Anisole,0.00784760,1.58200000,107.39499100,70800,-0.03649844,0.48728794,-79.86913385,0.01644089
2.91988000,2.18476200,127.79400100,Aniline--Acetic_Acid,0.07857473,1.24500000,111.34259300,71992,-0.04857460,0.49418678,-60.05944061,0.06304222
2.63889400,1.63397000,176.23743300,Aspartic_Acid--N-Methyl-2-pyrrolidone_(NMP),0.09297103,5.20300000,142.32603300,71636,-0.03462289,0.35839881,-60.19374718,0.04423859
2.99868100,1.99077600,178.28461600,N-Methylformamide--Gamma-Butyrolactone_(GBL),0.01857165,9.63600000,92.41134400,70509,-0.03927215,0.60289921,-109.43163894,0.01171596
2.80212300,1.83272000,168.95109100,Hydrogen_Peroxide--Vinyl_Acetate,0.04361922,2.58300000,71.55506100,76175,-0.04527900,0.51619516,-71.55559821,0.02961081
2.96400100,1.95878300,172.06234700,Acetamide--Methanol,0.02321862,3.64800000,60.45421100,78525,-0.06727697,0.81473377,-131.16238315,0.03812201
2.77614700,1.75610400,176.81087400,Adenine--Dimethyl_Sulfoxide_(DMSO),0.05509592,11.53500000,133.38239500,79235,-0.04574325,0.51966148,-60.03204546,0.03742648
2.73541200,1.74752200,171.19194600,Threonine--Dimethyl_Ether,0.06742177,1.60700000,105.14402200,82030,-0.03711007,0.49661231,-112.55000573,0.02972799
3.05234400,2.04397100,170.07899200,"Propylamine--N,N-Dimethylacetamide_(DMAc)",0.01759140,4.36000000,111.69487100,72829,-0.02918007,0.41722380,-105.21897591,0.01938996
2.89940800,1.95881500,162.92399200,Butan-2-ol--Propan-1-ol,0.02331965,3.46500000,101.13519500,78783,-0.03242481,0.35456335,-66.59700074,0.02133023
3.02639700,2.07184300,169.88591800,Propan-2-ol--Propylene_Carbonate,0.01403527,5.39500000,102.59481700,77753,-0.03455796,0.46361984,-81.39491872,0.00495458
2.82025100,1.85044200,172.89766600,Propan-1-ol--Dimethyl_Sulfoxide_(DMSO),0.03663776,5.53800000,97.83104800,76070,-0.03442292,0.43931620,-74.63520325,0.02757726
2.75269400,1.84193800,152.29507500,Citric_Acid--Oxime,0.04204446,2.49400000,126.57343200,73803,-0.03999091,0.57990142,-89.13507071,0.03074295
2.78802200,1.75817700,177.21907000,Barbituric_Acid--Dimethyl_Ether,0.05642932,2.53000000,103.58163800,78325,-0.07455107,0.85024441,-77.92047649,0.05770380
2.90953100,1.97515000,158.43519400,Formic_Acid--Ethylene_Carbonate,0.02544266,4.35600000,69.76866300,75275,-0.06890239,0.67824892,-61.68372539,0.02855308
2.89563200,1.88353300,179.08092600,Adenine--Butan-2-one_(MEK),0.02938883,10.61100000,133.37986400,78572,-0.04992441,0.62099183,-70.21768660,0.02662400
2.84181900,1.87534800,167.67410500,Alanine--Diethyl_Carbonate,0.03563911,2.50200000,129.97001700,78806,-0.03576653,0.40954392,-69.18666415,0.01571508
2.78794200,1.82419300,168.39053700,"Butan-1-ol--N,N-Dimethylacetamide_(DMAc)",0.04510928,5.45600000,119.04444800,69949,-0.02995397,0.38086926,-66.78313846,0.02554616
2.71349500,1.72004900,173.68870600,Threonine--Tetrahydrofuran_(THF),0.07274955,1.66300000,123.10887500,76521,-0.03893831,0.54187557,-84.31896242,0.03522154
2.49700300,1.51778800,162.17251700,"Sulfuric_Acid--N,N-Dimethylacetamide_(DMAc)",0.13272608,4.72800000,107.58659400,79231,-0.06401286,0.70072006,-81.26211720,0.05389770
2.75376000,1.78385900,171.74386400,"Ascorbic_Acid--N,N-Dimethylacetamide_(DMAc)",0.04170343,10.71100000,156.48972900,71522,-0.04901918,0.70907414,-124.38293754,0.03317805
3.15766600,2.28873000,142.75971200,Ammonia--Pyruvic_Acid,0.01268523,1.34600000,62.04225300,78403,-0.05268945,0.54044090,-64.90745550,0.02386956
3.12554600,2.16033900,177.42276300,Hydroquinone--Carbon_Dioxide,0.00851735,0.51900000,95.86509500,85892,-0.04354051,0.46876589,-59.91080920,0.00867751
2.91770300,1.97725100,163.29418300,Propan-2-ol--Morpholine,0.02042205,4.03100000,105.81539800,77068,-0.02967706,0.46841941,-154.10428363,0.01008455
2.53539700,1.51115200,175.86954200,Sulfuric_Acid--Acetamide,0.16076800,5.68900000,84.31897000,73624,-0.06595276,0.73178476,-69.56935472,0.10220035
2.79416100,1.83795700,165.32777700,Ascorbic_Acid--Phenol,0.04040318,5.06400000,166.41418600,67061,-0.04491432,0.50517197,-63.14201241,0.02138617
2.73211100,1.76779700,152.43367600,Barbituric_Acid--Propan-2-ol,0.06596660,2.70600000,114.68327500,77129,-0.05467786,0.73753510,-111.64130587,0.06013053
3.19040900,2.19574800,166.12789300,Butylamine--Phenol,0.00949588,2.28500000,133.23528200,73947,-0.03537321,0.46439086,-71.30348060,0.00429753
2.89951400,1.85759700,157.30237400,N-Methylacetamide--Sulfate_Ion,0.09690249,3.11200000,91.64837800,75298,-0.07030213,0.93815898,-83.57970670,0.39193923
2.97604500,1.96746900,179.35312100,Tryptophan--Butan-2-one_(MEK),0.02076619,8.55500000,197.56118200,63829,-0.03858316,0.45683694,-70.76478310,0.00912682
2.96489200,1.97534800,164.61608000,Acetamide--Formaldehyde,0.02765603,2.01900000,57.59491900,80899,-0.06808740,0.67639488,-77.26626001,0.05762471
2.62642300,1.51861100,159.77750000,Cyclohexanol--Phosphate_Ion,0.16804440,8.43600000,115.75038300,72050,-0.08155205,0.83617141,-77.88099407,0.28093205
2.79364200,1.76390600,179.59416200,Adenine--Pyridine,0.07770383,10.00000000,143.60317000,78995,-0.07050583,0.64012362,-49.94469015,0.08960071
2.79362700,1.81823600,174.19416100,"Hydroquinone--N,N-Dimethylformamide_(DMF)",0.04534344,6.39000000,127.85533700,70118,-0.03519447,0.75853191,-153.40974873,0.01617513
2.57724500,1.60134500,152.36908400,Pyrrolidone--Phosphate_Ion,0.08537759,9.21800000,99.25038800,74869,-0.08581734,0.97963823,-79.97462000,0.19863189
3.03460100,2.02754800,174.21668800,Aniline--Morpholine,0.01935558,3.83700000,138.01974500,76393,-0.03197381,0.38883417,-65.89694719,0.00785338
3.01597400,2.02986500,165.34483600,Tryptophan--Ethyl_Acetate,0.01914247,2.68100000,202.49303300,65894,-0.04330807,0.59935862,-87.98087258,0.01508787
2.67045300,1.65529800,178.63772100,Citric_Acid--Pyridine,0.11846399,4.16200000,161.73704300,70308,-0.03464659,0.45497554,-101.51988080,0.03357195
3.13683800,2.13420500,168.33992000,Propylamine--Tetrahydrofuran_(THF),0.01310520,2.19000000,100.72712400,75884,-0.03549333,0.46276063,-86.66589990,0.01355882
2.84960900,1.87424200,175.28691200,Butan-2-ol--2-Picoline,0.04783784,3.91900000,131.09366100,74933,-0.03972720,0.48881846,-75.47988644,0.02699517
2.70820200,1.71086600,173.33127000,Formic_Acid--Benzaldehyde,0.07654314,4.27600000,104.42970900,80379,-0.06267201,0.59616254,-59.46397267,0.07016744
2.97313500,1.96954200,172.15544000,Imidazole--Gamma-Butyrolactone_(GBL),0.02051217,9.63400000,102.68483200,77717,-0.03825534,0.43863078,-67.91659557,0.01027554
2.55672300,1.54402700,167.40112900,Aspartic_Acid--Dimethyl_Sulfoxide_(DMSO),0.12789022,4.39200000,126.47366100,78856,-0.04338836,0.56697843,-92.26013302,0.05188540
2.64300800,1.63527900,173.54922100,Lactic_Acid--Acetic_Acid,0.09824682,2.47900000,85.62025300,77434,-0.04144374,0.40291580,-52.05609267,0.09859557
2.96545000,1.95612700,179.71481200,"Tryptophan--1,4-Dioxane",0.02444416,4.73500000,201.09484700,65275,-0.04655231,0.51963384,-64.90203809,0.01141596
2.86677600,1.85574500,176.76289200,Imidazole--Hexamethylphosphoramide_(HMPA),0.02977565,9.06100000,182.69172100,72947,-0.03320979,0.43155846,-67.01651001,0.03655731
2.93647900,1.94552700,165.33356700,"Pyrrolidone--1,4-Dioxane",0.02733312,4.40500000,113.76171500,72253,-0.04779047,0.60931908,-77.38400035,0.01901181
2.93643300,1.92631900,178.16495900,Imidazole--Acetamide,0.02380726,9.27800000,88.72539100,80847,-0.03236954,0.44796084,-99.86476265,0.01161170
2.86691900,2.02849500,138.07495700,Cytosine--Oxime,0.05728849,1.77900000,100.06079800,77896,-0.06987399,0.64616609,-52.80119209,0.04690485
2.85003700,1.88131200,170.20048300,Propan-1-ol--Quinoline,0.04688938,4.18700000,147.97974200,68056,-0.03571154,0.38278811,-58.29760111,0.02159836
3.03436800,2.06967500,157.31772800,Methylamine--Benzophenone,0.01620285,2.54500000,169.58615400,69681,-0.03421352,0.39112371,-66.55905212,0.01446692
3.11592900,2.17112700,154.51805300,Piperidine--Phenol,0.00858254,1.09700000,151.81608000,68573,-0.02711768,0.46300366,-139.17251563,0.00145794
2.85602600,1.90105800,166.64428400,Glycerol--Gamma-Butyrolactone_(GBL),0.02789382,4.96800000,106.92395500,77926,-0.05022186,0.85306393,-132.84282872,0.04423911
2.69208300,1.80846400,141.61414100,Aniline--Phosphate_Ion,0.05891531,8.54700000,118.51587400,74668,-0.09179239,0.81677874,-61.34865227,0.23985187
2.71130200,1.76304700,159.70852600,Resorcinol--Acetamide,0.05982753,3.76500000,115.75140800,70097,-0.04614525,0.82689949,-127.31385773,0.03820925
3.14139700,2.20172300,152.80191200,Propylamine--N-Methyl-2-pyrrolidone_(NMP),0.00983813,3.52100000,118.24637000,75300,-0.04046489,0.47327474,-82.40329413,0.01551740
2.89469500,1.95020600,163.67902400,Propan-2-ol--Pyruvic_Acid,0.02707247,2.18000000,92.81294000,77093,-0.03508976,0.89120011,-171.84960645,0.01337749
2.90941200,1.96963900,162.63168500,Cyclohexanol--Benzophenone,0.02171947,4.53600000,218.18197100,67435,-0.04001361,0.48386794,-79.88733929,0.02065201
2.81638800,1.84302500,174.73756000,Phenol--Propan-1-ol,0.04121315,3.96500000,117.06215800,76209,-0.02974304,0.44878503,-110.96583740,0.01393095
2.95863400,2.05675100,146.56364600,Cytosine--Propylene_Carbonate,0.01708347,8.24600000,130.09561800,68662,-0.04637688,0.47269994,-53.05086875,0.00846774
2.66044700,1.64082900,175.65446700,Oxalic_Acid--Pyrimidine,0.12643010,3.24500000,100.17074100,77353,-0.07702310,0.80273742,-92.24407218,0.08755315
3.09421700,2.08836700,167.28544400,"Hydroxylamine--N,N-Dimethylformamide_(DMF)",0.01326314,5.61300000,69.82233500,82220,-0.03076121,0.43706573,-90.02308925,0.00696252
2.86395900,1.90966500,166.64462300,Butan-2-ol--Gamma-Butyrolactone_(GBL),0.03087781,3.96500000,109.22706200,76284,-0.04046122,0.47477139,-73.91224697,0.01777497
2.86061400,1.89147600,174.09982000,Propan-2-ol--Propan-2-ol,0.03500784,2.58000000,89.23987700,76813,-0.03186217,0.50199265,-112.56405618,0.02192873
2.78776900,1.81557600,168.47494700,Hydrogen_Peroxide--Pyrazine,0.06047875,0.78100000,73.04454300,84041,-0.07206793,0.75892366,-72.44738724,0.08624626
2.80236700,1.77566000,175.86733700,Thymine--Butan-2-one_(MEK),0.05921562,6.35600000,132.10989900,73438,-0.03971670,0.65490071,-151.77616965,0.03446074
2.76233900,1.82138700,159.86718500,Propan-2-ol--Urea,0.04615901,3.95200000,81.23069100,77977,-0.03422803,0.45769038,-96.88779601,0.04127754
3.03746600,2.08354100,154.77064200,"Dimethylamine--N,N-Dimethylacetamide_(DMAc)",0.01716817,4.05200000,100.46905100,71497,-0.04422203,0.52400812,-79.97700052,0.03871702
2.73506200,1.74681000,176.45556100,Glutamic_Acid--Morpholine,0.06167327,3.80900000,145.92286100,79249,-0.04182206,0.56405717,-103.32331790,0.03844534
2.65639900,1.65890200,171.73816400,"Citric_Acid--N,N-Dimethylformamide_(DMF)",0.08780096,4.49500000,149.65611000,70716,-0.03214092,0.40228858,-72.32369585,0.03359104
2.75651800,1.78356700,167.05433800,Serine--Trioxane,0.05594556,1.28200000,104.91841600,81804,-0.03768863,0.41282763,-66.59358130,0.02215516
2.74985800,1.75576100,178.21382700,Hydrogen_Peroxide--2-Picoline,0.07802468,2.75200000,88.99645100,76940,-0.06754530,0.58600754,-48.69030553,0.08954426
2.92749100,1.97561600,166.71737400,Ascorbic_Acid--Methyl_Acetate,0.02165463,5.14900000,140.55474100,76922,-0.05105199,0.51853290,-65.04210660,0.02197316
2.69153300,1.69445800,175.08820700,Alanine--Acetamide,0.07534740,4.26600000,94.33310500,74592,-0.05010383,0.67186794,-109.68103374,0.05899108
2.79189700,1.79933000,163.29032100,Saccharin--Anisole,0.05038384,2.50900000,199.51074900,72906,-0.05836138,0.57141730,-48.29140623,0.02552332
2.77137100,1.80230100,169.94366600,"Ascorbic_Acid--N,N-Dimethylformamide_(DMF)",0.04390847,9.08100000,145.18897600,73690,-0.04470602,0.55900728,-76.53683196,0.03014466
2.92918200,1.98972400,160.65892000,Butanoic_Acid--Ethylene_Carbonate,0.02363493,4.44400000,104.30829100,75157,-0.03668222,0.35807081,-52.37162347,0.01148425
2.79941900,1.82403300,170.47354300,Salicylic_Acid--Anisole,0.04692904,1.92500000,174.54516200,69783,-0.03512911,0.46467052,-98.02436062,0.01739072
2.98036400,1.98489500,167.75271100,Histidine--Diethyl_Ether,0.02286252,5.66000000,156.55298400,72369,-0.05431977,0.53568806,-66.16323938,0.02518620
2.96326000,2.00396600,170.95900100,Butan-2-ol--Anisole,0.01916126,2.57200000,140.62859800,71873,-0.04141054,0.57723073,-96.71380709,0.01515806
2.94129700,1.98604900,169.43331500,Benzyl_Alcohol--Methyl_Acetate,0.02130170,0.99900000,130.59065200,73859,-0.04026138,0.67143238,-156.07656119,0.01326763
3.05481400,2.11000000,153.26710400,"Hydrazine--N,N-Dimethylacetamide_(DMAc)",0.01406434,3.67700000,85.56037600,79152,-0.04304833,0.49954419,-74.37498505,0.04722612
2.98920900,1.97916200,179.05980100,N-Methylacetamide--Tetrahydrofuran_(THF),0.02349278,7.08800000,102.24963600,77128,-0.04222967,0.51281625,-84.29603487,0.00903356
3.23886400,2.50755600,128.45031200,Propylamine--Methyl_Acetate,0.00893510,3.15000000,95.57357000,74404,-0.03698910,0.48049659,-90.35896020,0.00888063
3.18996100,2.27209700,149.44913700,Hydrazine--18-Crown-6,0.00742849,4.69500000,192.85871200,67659,-0.03648849,0.40167639,-55.03813923,0.01339674
2.87924500,1.92896700,165.44072000,Butan-2-ol--Vinyl_Acetate,0.02869989,2.58700000,113.52417100,77227,-0.04165402,0.58706410,-108.14460695,0.02869926
2.61482300,1.61807200,168.73985300,"Lactic_Acid--N,N-Dimethylacetamide_(DMAc)",0.09518900,5.21200000,113.38230900,79535,-0.04534258,0.56153136,-92.81856395,0.07787750
2.87088100,1.90104500,175.19703300,Catechol--Trioxane,0.03213651,1.28900000,121.67017900,72559,-0.04154847,0.51411531,-94.12518709,0.01225929
2.71843600,1.66572600,175.69405300,Barbituric_Acid--Pyrimidine,0.11477473,3.54400000,128.71638600,78445,-0.08040265,1.07541898,-92.59426032,0.09338312
2.56150300,1.55011600,166.97126300,Lactic_Acid--Dimethyl_Sulfoxide_(DMSO),0.12663478,4.32400000,104.02719700,78753,-0.05020703,0.69044035,-86.93285058,0.06921099
2.81761300,1.83639800,174.18791100,Lactic_Acid--Methyl_Acetate,0.04265819,3.29500000,97.32709700,80294,-0.03931530,0.48567564,-75.18793943,0.02761327
2.89768800,1.99912300,152.18385300,Citric_Acid--Carbon_Dioxide,0.01993177,2.27200000,117.76084100,78478,-0.04755050,0.56109217,-77.34648847,0.01714250
2.86917500,1.89721100,175.18174500,Resorcinol--Acetaldehyde,0.03307715,5.22000000,106.86574900,80294,-0.04977482,0.72250566,-102.35535207,0.01580679
2.75373600,1.76952100,170.53064800,Chloroacetic_Acid--Formaldehyde,0.06125028,2.40200000,65.87167700,81269,-0.09789925,0.97777648,-65.67135737,0.09833275
2.80079600,1.82573000,174.12523500,Phenol--Propan-2-ol,0.04571164,3.78900000,116.84597200,73983,-0.03347086,0.76280205,-151.65640889,0.01970666
2.84356000,1.86705900,172.86431200,Acetic_Acid--Methyl_Acetate,0.03750812,3.51500000,80.93129300,77155,-0.05935857,0.59626047,-67.33235753,0.03220398
3.12559200,2.12834200,167.00780900,Ammonia--Diethyl_Ether,0.01187114,3.11900000,70.64566200,75901,-0.03749965,0.56313408,-126.63797849,0.02006957
2.83382500,1.87206900,155.69175000,Cytosine--Gamma-Butyrolactone_(GBL),0.03440640,3.20600000,125.01088100,73030,-0.05034124,0.72147273,-98.36034689,0.02864134
3.13412700,2.12917500,169.01569800,Pyrrolidine--18-Crown-6,0.01325499,2.53800000,225.74214200,68933,-0.03620542,0.49614464,-104.16498210,0.01132280
3.14515100,2.13838300,170.89382200,Ammonia--Benzaldehyde,0.01263605,3.40200000,95.10386000,74511,-0.03366724,0.81278131,-180.15516961,0.00697988
3.20838900,2.23147800,160.84026600,Propylamine--Ethyl_Acetate,0.00848716,2.34300000,107.17049300,73353,-0.03698632,0.54408822,-125.52889714,0.01440758
3.01313300,2.19749300,135.74130700,Methylamine--Acetamide,0.05625963,3.00200000,64.90058000,77557,-0.04181511,0.51115910,-86.36034829,0.08645969
2.93197400,1.92843800,170.05035100,Histidine--Benzaldehyde,0.03158997,6.72700000,181.02786900,69265,-0.03706699,0.42824846,-71.58151574,0.00798031
2.65319200,1.64768800,174.01913100,Serine--Acetic_Acid,0.09386492,1.39700000,94.84755700,71846,-0.03444973,0.43451077,-72.39605804,0.07288324
2.84668900,1.87485600,170.46037100,Acetic_Acid--Diethyl_Carbonate,0.03655721,1.97200000,109.18232400,79106,-0.05194436,0.81823232,-125.92312495,0.03660103
2.74121900,1.81136700,157.23009200,Glycerol--Dimethyl_Sulfoxide_(DMSO),0.04303493,5.79300000,107.05061100,79732,-0.04664783,0.53180440,-75.70765239,0.07113100
2.86502000,1.89800100,171.43823300,Diethanolamine--Propan-2-ol,0.03426483,4.93100000,115.02546300,76107,-0.05180606,0.59750865,-111.77369162,0.03359534
2.78130200,1.80975200,170.77089100,"Phenol--N,N-Dimethylformamide_(DMF)",0.04725560,7.07800000,123.46735200,70187,-0.02684959,0.30758634,-71.49261307,0.02017472
2.62051400,1.60052400,177.01116200,Threonine--Urea,0.11459353,3.76300000,108.28013300,77571,-0.03782423,0.49581733,-79.80812251,0.06610143
2.75798500,1.78497800,171.10851900,Resorcinol--Dimethyl_Sulfoxide_(DMSO),0.04808471,6.62700000,129.82044700,72547,-0.05509488,2.48553735,-235.35222002,0.03347586
2.94132600,1.93077300,179.49057900,Tryptophan--Diethyl_Ether,0.02760768,6.48200000,201.22468400,68019,-0.04028594,0.44554656,-69.51722090,0.00783545
2.90407200,1.94480100,169.99506000,Propan-1-ol--18-Crown-6,0.02426711,3.81800000,214.53319500,71317,-0.03655230,0.34182295,-52.13195982,0.01952662
2.79009600,1.81774500,168.91593700,Glycine--Phenol,0.04374863,3.54500000,115.97963300,73217,-0.04594760,0.52206542,-74.64047695,0.02392693
2.88119400,1.93560300,165.02957600,Butan-1-ol--Ethanol,0.02418290,3.71600000,89.65155100,73950,-0.02790401,0.36019647,-77.68956479,0.00745509
2.66290600,1.65846600,168.43033700,Citric_Acid--2-Picoline,0.11772443,4.13700000,173.20570700,71429,-0.03393443,0.39928360,-60.66828041,0.02291694
2.73921400,1.74984400,173.21590000,Hydrogen_Peroxide--Quinoline,0.07877538,3.08600000,117.46272700,79086,-0.05892095,0.55691022,-53.55933164,0.06408892
2.77190000,1.79031200,172.44782800,Trifluoroethanol--Pyrazine,0.06812241,3.16300000,95.44893700,76862,-0.05013416,0.62949114,-89.88893814,0.04521183
3.00675100,2.07222700,151.58977700,"Butylamine--N,N-Dimethylformamide_(DMF)",0.01575583,3.45200000,112.10031100,79149,-0.02907358,0.34578562,-80.91171994,0.01250834
2.76463000,1.77869000,176.86657000,Glycine--Dimethyl_Ether,0.05031976,3.33300000,77.22535500,76161,-0.04360437,0.43686434,-60.15938723,0.03954598
3.41977800,2.41316000,172.68468400,Piperidine--Carbon_Dioxide,0.00305686,1.07600000,98.60320100,78913,-0.03656114,0.54413770,-111.47514442,0.00315934
2.99398100,1.98989400,171.43783600,Urea--Anisole,0.02318094,4.93400000,120.72809500,77986,-0.04870089,0.48018608,-51.94608403,0.02546248
2.83949200,1.86809800,171.16425600,Resorcinol--Pyrimidine,0.04898252,4.58400000,135.55134300,69749,-0.04662413,0.51599768,-60.28294428,0.02066591
2.89205800,1.92589400,157.96285500,Pyrrolidone--Morpholine,0.03274541,1.70300000,118.26904900,71487,-0.04504496,0.58620008,-91.24383419,0.02290468
3.11993600,2.18402800,152.34130400,Ethylamine--Oxime,0.00757683,1.52900000,65.41631700,81020,-0.02830528,0.38349277,-87.78838641,0.00572434
3.13138600,2.25119800,143.85549500,Dimethylamine--Vinyl_Acetate,0.01179166,1.07200000,95.11765500,78194,-0.03839015,0.51668917,-87.57505032,0.02292539
3.03973500,2.21653900,137.84926800,Acetamide--Carbon_Dioxide,0.01793243,4.52900000,58.00902800,83123,-0.07462167,0.72624689,-78.29554316,0.04179467
2.84167300,1.88137900,169.47003500,Propan-2-ol--Hexamethylphosphoramide_(HMPA),0.02589784,5.30000000,177.66013400,72802,-0.03582543,0.42382334,-66.75792622,0.03204660
3.08091200,2.20270400,143.83595500,Piperidine--Acetone,0.01309645,2.31700000,120.87850000,74085,-0.03515465,0.46684927,-70.91573290,0.01269952
2.81310000,1.78820000,177.35385900,"Formamide--N,N-Dimethylacetamide_(DMAc)",0.05570878,4.73500000,90.14801700,75838,-0.05614994,0.57983373,-68.98106196,0.08970236
3.07666800,2.06571700,170.85172800,"Pyrrolidine--N,N-Dimethylacetamide_(DMAc)",0.01680374,5.14400000,118.51853400,74953,-0.03398092,0.36163579,-61.87993622,0.01812641
2.66491600,1.70289400,160.49810900,Oxalic_Acid--Gamma-Butyrolactone_(GBL),0.06825083,5.10600000,94.49336200,79963,-0.06355119,0.75197708,-97.15432479,0.07677219
2.94004300,1.92509500,179.28654700,Indole--Pyrazine,0.04097402,3.41100000,153.21088900,79927,-0.08888742,0.75007966,-52.68788516,0.04222763
2.75008100,1.84497900,151.90669200,Hydrogen_Peroxide--Ethanol,0.04497026,2.15700000,47.45137600,85302,-0.04478673,0.45303310,-60.99663343,0.04837108
3.43665000,2.62568000,130.38966000,Propylamine--Propylene_Carbonate,0.00170686,4.97700000,107.07107700,76516,-0.03661157,0.42854916,-65.83874904,0.00501405
3.25154100,2.54505900,126.30570700,Ethylamine--Ethyl_Acetate,0.01371918,3.59800000,95.47997100,75681,-0.04025540,0.57896543,-101.35771159,0.01483765
2.95620700,1.97190200,163.81953000,Adenine--Methyl_Acetate,0.02413564,4.53100000,126.84314000,72863,-0.04522690,0.52689262,-70.09346962,0.01346364
2.70090200,1.71315700,171.37009800,Lactic_Acid--Gamma-Butyrolactone_(GBL),0.06686015,4.38000000,103.85042000,76837,-0.05180560,0.64624017,-78.17868013,0.04675882
3.09469900,2.09282600,171.56609500,Aniline--Phenol,0.01450196,3.43500000,149.16734700,71861,-0.04643240,0.43199888,-49.46440849,0.00960753
2.64396200,1.61919200,177.44119200,Chloroacetic_Acid--Pyridine,0.13694016,4.95000000,110.30286700,77809,-0.07030129,0.99331892,-131.38206228,0.07814751
2.90223100,1.93723400,174.46318100,Butan-1-ol--Trioxane,0.02740104,1.67100000,101.36826000,74041,-0.03276786,0.40466662,-81.53029377,0.01627849
2.78584800,1.82128600,166.57957600,Glucose--Acetic_Acid,0.06377198,4.11900000,132.99461700,75551,-0.03831807,0.41207396,-59.07464300,0.05308608
2.94621500,1.93571900,178.76968300,Tryptophan--Propan-2-ol,0.02751047,6.68000000,189.11347100,65993,-0.04289716,0.49225072,-64.43887618,0.00987632
2.76409300,1.74857100,173.13328000,Saccharin--N-Methyl-2-pyrrolidone_(NMP),0.04966700,3.01000000,184.30181200,79669,-0.04928551,0.58084200,-62.66045030,0.01275172
2.91920100,1.95589600,172.87605000,Butan-2-ol--Tetrahydrofuran_(THF),0.02285883,3.60700000,107.84742000,75713,-0.03790426,0.48421689,-80.06122899,0.01935489
2.73416500,1.74463200,174.89690000,"Aspartic_Acid--1,4-Dioxane",0.06361993,2.35900000,129.85832100,75987,-0.04643485,0.70905623,-125.90734348,0.03136821
2.72665700,1.80523300,147.68098000,Guanine--Ethanol,0.06001714,4.97600000,127.14600300,71306,-0.05145498,0.59264649,-74.90266755,0.03408843
2.70002600,1.70923000,173.09341000,Propanoic_Acid--Butan-2-one_(MEK),0.07041751,2.20800000,99.23204400,78562,-0.03153719,0.43302505,-77.78597324,0.04418543
3.09517800,2.14857200,154.62865600,Piperidine--Propan-2-ol,0.01121583,3.25500000,124.13208900,79297,-0.02895365,0.48792302,-104.84020013,0.00458419
2.90684500,1.93764400,175.03343300,Phenol--Oxime,0.02666959,2.20200000,100.17044200,78451,-0.04072709,0.64985964,-110.91255390,0.01808581
3.16934800,2.16095900,170.71174300,Ethylamine--Pyrimidine,0.01444297,3.81700000,96.29801700,69526,-0.03684339,0.40764603,-54.67829218,0.00836996
2.77526700,1.78909400,176.51114700,Alanine--Trioxane,0.05198589,3.23800000,100.18198400,74356,-0.05033244,0.49829875,-65.12637839,0.03144496
2.77947300,1.79177800,177.05609600,Glycine--Trioxane,0.05385372,2.65100000,88.49601400,79341,-0.05439802,0.55477023,-59.66393429,0.03800671
2.90302500,1.93194500,177.13993700,Resorcinol--Benzaldehyde,0.02524330,6.69700000,158.01773800,70173,-0.04591541,0.46682543,-51.58137287,0.01318109
3.42854700,2.45451200,160.58286800,Ethylamine--Carbon_Dioxide,0.00265694,1.59500000,56.63170500,84547,-0.03481397,0.53739990,-117.09843065,0.00184824
2.89499000,1.88126700,179.50859600,Adenine--Dimethyl_Ether,0.03358473,8.38100000,113.92014000,76952,-0.05296631,0.55624763,-74.81507898,0.02963647
2.69609300,1.76117700,155.16229900,Butanoic_Acid--Propan-1-ol,0.06313064,0.92900000,102.70910300,73278,-0.02679785,0.45808214,-120.54329432,0.03162663
2.71191300,1.73321600,166.59622100,Glutamic_Acid--Acetophenone,0.06857104,5.42900000,177.31389100,76723,-0.04503348,0.57772644,-96.36350755,0.05280397
2.97091700,2.00818800,158.73320600,Indole--Anisole,0.02035174,3.60700000,178.72560200,71034,-0.03351484,0.38994277,-61.11522440,0.00991738
2.78968500,1.83411800,166.26432000,Ascorbic_Acid--Acetophenone,0.03481066,9.26100000,186.53826600,65281,-0.04745478,0.52580339,-85.57222250,0.02017111
2.77060200,1.78858900,160.20420100,Guanine--Gamma-Butyrolactone_(GBL),0.04985816,4.36400000,146.82157800,69404,-0.04962841,0.72158092,-115.34470667,0.03636169
2.81901400,1.84078100,178.01573100,Ethylene_Glycol--Isoquinoline,0.05317798,6.12400000,141.06129400,73058,-0.05558914,0.84604649,-125.44712732,0.03137966
3.01353100,2.00837900,172.09329400,N-Methylacetamide--Gamma-Butyrolactone_(GBL),0.02133676,9.39100000,103.67759200,78116,-0.04394310,0.55491401,-77.71446834,0.01083557
2.82587100,1.86667700,169.17024700,Methanol--Dimethyl_Sulfoxide_(DMSO),0.02906557,6.25400000,74.67297500,81252,-0.03567046,0.60726778,-118.85479100,0.02706135
2.89423800,1.87863400,176.40499600,Pyrrolidone--Cyclohexanone,0.03920499,2.11700000,128.48796500,68811,-0.04574458,0.53977844,-71.18021024,0.02253557
3.01407400,2.00570700,179.15961000,N-Methylacetamide--Butan-2-one_(MEK),0.01807699,8.67000000,103.76760000,78576,-0.04023068,0.55096465,-116.38070226,0.01838390
2.97923200,2.04865300,160.50834500,Diethanolamine--Pyruvic_Acid,0.01495643,3.42000000,118.60411800,80594,-0.04137438,0.45357777,-64.67507709,0.01308567
2.77389500,1.74058600,178.13539600,Adenine--Quinoline,0.08509658,9.99500000,183.50949700,70298,-0.05259947,0.57312078,-62.03807921,0.04392506
2.80779100,1.87379900,159.69050700,Fructose--Benzophenone,0.03498076,5.20500000,243.59357600,68605,-0.03704677,0.72546194,-137.08428933,0.02168682
2.73011600,1.73677700,177.84383500,Acetic_Acid--Diethyl_Ether,0.06640027,2.40800000,91.15427300,75015,-0.04709280,0.76349980,-136.55592477,0.04842233
2.87898200,1.91104900,173.05161300,Propan-1-ol--Diethyl_Ether,0.03170974,3.14100000,101.43499300,76296,-0.03374325,0.57269661,-125.81164274,0.02099111
2.89216800,1.87588500,177.69098300,Urea--Acetophenone,0.03969536,1.95600000,128.87894900,73603,-0.05974546,0.75122391,-81.45024556,0.03554215
2.66539400,1.68927900,165.43159400,Cysteine--Butan-2-one_(MEK),0.07190020,3.51400000,128.03630600,78330,-0.03625727,0.42001635,-64.19668366,0.03742572
2.94471600,2.05374700,145.91153600,Guanine--Carbon_Dioxide,0.02467164,5.72500000,113.07658200,76375,-0.07080627,0.79277787,-67.52336686,0.02771066
2.66194500,1.71146200,157.02721200,Aspartic_Acid--Ethanol,0.07803507,3.03600000,106.49393000,79682,-0.04260539,0.65519030,-106.01877577,0.05327405
2.85491600,1.89117700,170.89138300,Ethanol--Hexamethylphosphoramide_(HMPA),0.02591512,5.28200000,166.08396300,74302,-0.04144300,0.56721245,-67.89911142,0.04312482
2.79593400,3.25814300,54.65745700,Hydrazine--Oxime,0.06619137,3.14300000,51.02693600,80574,-0.04169929,0.63347936,-145.51134270,0.07293497
2.91853600,1.97388300,164.48677800,Propan-1-ol--Benzophenone,0.01930101,5.74200000,188.42501100,67573,-0.03889570,0.41968325,-62.14940145,0.00670702
2.87673000,1.90709700,172.63601400,Propan-2-ol--Isoquinoline,0.04139374,4.68100000,147.93581300,63565,-0.02954210,0.44546251,-95.69272064,0.01391184
2.80848100,1.90942100,144.80006000,Barbituric_Acid--Oxime,0.02809942,0.88000000,98.04033200,85363,-0.07223417,0.72079565,-68.21969930,0.05801817
2.92279800,1.95657100,174.97019000,Methanol--Ethyl_Acetate,0.02495562,2.60700000,79.53219700,80443,-0.04010343,0.48429005,-99.94124486,0.02005633
2.86171400,1.89883300,170.20734700,Hydroquinone--Ethanol,0.02892098,2.91200000,109.81119300,76933,-0.03469085,0.37403892,-66.08797748,0.01355236
2.95229300,2.03833000,148.91254500,Histidine--Ethanol,0.01964732,4.61200000,132.98267000,76563,-0.04192640,0.52542122,-102.26891758,0.00902245
2.92743800,1.99145600,152.46160400,Aniline--Dimethyl_Sulfoxide_(DMSO),0.02274502,4.56600000,129.90754100,72864,-0.04930879,0.51406409,-56.28366056,0.03117812
2.83848500,1.81936600,176.16671900,"Urea--N,N-Dimethylacetamide_(DMAc)",0.04932864,2.91700000,98.89229900,74738,-0.06266290,0.61880054,-63.32521623,0.06661033
3.11653800,2.15960300,170.56266300,Cyclohexanol--Formaldehyde,0.00856398,3.90500000,93.28193500,77125,-0.04303816,0.49145683,-79.93157820,0.01894790
3.03786600,2.04490600,167.18654300,N-Methylacetamide--Acetic_Acid,0.01628473,6.57300000,85.35025400,81531,-0.05049312,0.52326616,-61.41394302,0.01958561
2.88013900,1.86850400,175.93168100,"Tryptophan--N,N-Dimethylacetamide_(DMAc)",0.03527604,9.66400000,207.03837200,61613,-0.03992854,0.54691576,-88.44852391,0.02625266
3.01569800,2.04449500,158.75449200,"Ammonia--N,N-Dimethylformamide_(DMF)",0.01732794,3.31900000,65.10525200,74131,-0.03797638,0.37680339,-51.58990740,0.02183287
2.92442000,1.93711200,163.08975300,Formamide--Trioxane,0.03128868,2.83900000,72.46218000,78753,-0.05053365,0.56849650,-76.45453235,0.03780108
2.80377300,1.83092500,175.38999800,Phenol--Hexamethylphosphoramide_(HMPA),0.03188715,6.75100000,205.27847600,67312,-0.03776775,0.59804996,-126.44524053,0.02566277
2.91394500,1.95155400,172.47777600,Methanol--Cyclohexanone,0.02103365,5.39900000,92.91213000,73329,-0.03450626,0.39727867,-71.59107258,0.00734738
2.98128100,1.97483700,174.03677000,Imidazole--Valerolactone,0.02062113,9.88100000,102.69106100,76245,-0.03368516,0.53016440,-102.56152690,0.00981444
2.80995800,1.82576900,178.00618400,Cysteine--Methyl_Acetate,0.04417735,3.66600000,121.40796300,79316,-0.04247436,0.46655671,-67.95468958,0.02275024
2.75104500,1.70682000,174.81835400,Thymine--2-Picoline,0.10101047,7.40200000,153.79890400,72476,-0.05509583,0.59986424,-70.74054700,0.06990981
2.96385700,2.00427100,157.58482300,Imidazole--Ethylene_Carbonate,0.02140316,9.16500000,96.21517200,79803,-0.05898049,0.70949145,-83.40204829,0.01704142
2.61018500,1.58437900,179.46297700,Formic_Acid--Urea,0.12135678,4.45500000,59.93096000,73402,-0.06403754,0.85725171,-100.48973563,0.13544557
2.68379600,1.67273600,177.47429400,Acetic_Acid--Isoquinoline,0.11045378,3.38400000,137.68471700,75195,-0.06167699,0.63596584,-64.44918132,0.08076126
2.91976000,2.00278200,148.59884700,Aniline--Acetamide,0.02468868,3.55400000,115.80183300,75150,-0.04238862,0.52103246,-67.80195000,0.03924467
2.79147100,1.83062100,166.17633500,Phenol--Butan-2-one_(MEK),0.04466447,5.00400000,125.33205000,71781,-0.03104307,0.37329315,-68.95719718,0.02217168
2.70231700,1.70380500,177.29875400,Lactic_Acid--Butan-2-one_(MEK),0.07424023,5.07700000,103.95544600,75554,-0.03782958,0.48638664,-76.91379073,0.03793206
2.79854500,1.81522700,179.49367600,Phenol--Pyridine,0.06077339,4.86600000,135.58282300,71583,-0.03339002,0.40740450,-64.36236958,0.03247585
2.81407000,2.11038600,124.75571200,Saccharin--Phenol,0.02450938,5.53600000,187.65191300,74909,-0.05841762,0.91123246,-107.81160455,0.02769819
2.67477800,1.66925000,172.04233200,Alanine--Pyridine,0.11055851,3.51500000,118.58538100,73639,-0.04544063,0.40457186,-48.28562736,0.05187012
2.77876900,1.81152100,171.49419800,Ethylene_Glycol--Hexamethylphosphoramide_(HMPA),0.03585545,5.88700000,170.74730100,76883,-0.03666977,0.42410019,-61.88943285,0.04193095
2.62797000,1.61291600,177.96109500,Propanoic_Acid--Urea,0.10790453,3.32000000,82.82465600,74974,-0.04256701,0.63211214,-154.62309449,0.11017166
2.73926800,1.75522600,172.41538400,Glycine--Propan-1-ol,0.05878119,4.48100000,88.46854400,78277,-0.03615835,0.54233004,-104.14477348,0.02879976
3.05820800,2.38183600,122.89359600,Hydroxylamine--Carbon_Dioxide,0.01023216,0.75300000,37.74667300,92480,-0.06647512,0.88283815,-131.85195703,0.03202856
3.09091400,2.09530900,165.88362300,Butylamine--Tetrahydrofuran_(THF),0.01502767,2.66500000,112.45237600,77805,-0.03290944,0.36149387,-60.01991990,0.00779400
2.78950900,1.80498100,175.24568500,Glucose--Pyrazine,0.06302870,4.85500000,157.06133900,77997,-0.04954815,0.73854430,-108.60787313,0.03761912
2.98589500,2.07289400,147.30034500,Hydrazine--N-Methyl-2-pyrrolidone_(NMP),0.01639424,4.73100000,92.08125500,74659,-0.03511217,0.42273614,-73.53059298,0.01712762
3.03049600,2.05227100,162.79861700,Indole--Oxime,0.01761892,2.77200000,122.29782900,72255,-0.05518021,0.65500147,-74.35988859,0.01282957
3.21310900,2.19982800,175.81468800,Methylamine--Ethyl_Acetate,0.00878638,1.95300000,83.96627900,78091,-0.04614641,0.91888333,-199.21151490,0.00662610
2.64788500,1.62405600,177.79933400,Lactic_Acid--Isoquinoline,0.13430612,6.30700000,154.04309600,75751,-0.04597485,0.62521518,-106.74849838,0.03102196
2.57430000,1.61392000,161.68648900,Sulfuric_Acid--Gamma-Butyrolactone_(GBL),0.09662954,5.45600000,98.18682500,81143,-0.07482532,0.82778741,-70.65621379,0.11981906
3.06675400,2.16391700,146.63705600,Dimethylamine--Dimethyl_Sulfoxide_(DMSO),0.01129317,3.09700000,90.93202100,75143,-0.04931686,0.47602855,-43.03470007,0.02376392
2.95587700,2.31947700,119.42809800,Methylamine--Acetic_Acid,0.11595413,1.95700000,60.43267800,78738,-0.04531224,0.48917107,-65.08366086,0.11096561
3.06922000,2.05989500,179.19392400,Aniline--Vinyl_Acetate,0.01554909,3.83100000,134.12612800,80863,-0.04542142,0.52374140,-67.30787017,0.01230959
2.85636100,1.82988500,173.76074800,Barbituric_Acid--Pyruvic_Acid,0.04731608,2.75400000,118.25522900,78042,-0.07420387,0.66187081,-55.85425929,0.03290337
2.88565600,1.91665600,172.81942100,Glycerol--Acetaldehyde,0.03188723,4.13300000,84.15543400,79820,-0.03748028,0.43564395,-70.73533073,0.02953043
2.93764400,1.93624000,169.04581300,Guanine--Methyl_Acetate,0.02929154,7.10200000,140.35597200,68254,-0.05146462,0.64326930,-86.39244206,0.02479986
3.03367500,2.04943400,161.16485700,Hydrazine--2-Picoline,0.02405898,2.92100000,97.83442800,73501,-0.04110660,0.42414090,-58.26412145,0.01886230
2.68809800,1.67837800,178.14097900,Propanoic_Acid--Pyridine,0.10795164,3.32800000,109.42176800,72441,-0.03952412,0.50079576,-75.57868835,0.05553783
2.69313300,1.71054800,173.17256500,Ascorbic_Acid--Dimethyl_Sulfoxide_(DMSO),0.06529510,8.93700000,147.05696200,74696,-0.06103201,2.96517929,-263.31201056,0.04278017
2.81630700,1.85775100,168.93581900,"Benzyl_Alcohol--N,N-Dimethylacetamide_(DMAc)",0.03177195,6.64400000,146.73096800,75256,-0.03444232,0.42577439,-70.51623250,0.01870642
2.79007700,1.81018900,172.44190400,Cysteine--Oxime,0.04539235,1.27400000,102.85775900,80724,-0.04457707,0.74234189,-152.18287538,0.02968028
2.91829700,1.90121700,179.99882500,Pyrrole--Pyridine,0.04528590,5.49700000,117.82162700,83680,-0.05864303,0.67508426,-70.08454755,0.05173192
2.94642100,1.93558100,179.84816800,Tryptophan--Tetrahydrofuran_(THF),0.02711611,6.94300000,196.03000900,66549,-0.04358006,0.51848069,-75.31671635,0.01167448
2.88146800,1.91429800,172.76696500,Resorcinol--Anisole,0.02897695,3.68400000,161.05472800,64942,-0.03511346,0.41961058,-64.09917261,0.01752517
2.67331800,1.66788100,176.08121100,Oxalic_Acid--Tetrahydrofuran_(THF),0.08929923,4.52300000,92.91133500,78001,-0.06290021,0.61080607,-62.06950524,0.08123144
3.22261600,2.31617900,147.91232800,Methylamine--Oxime,0.00578443,1.13500000,53.77425600,82645,-0.03627711,0.50729410,-119.16345005,0.01703948
2.67409000,1.71550100,160.82223700,Chloroacetic_Acid--Gamma-Butyrolactone_(GBL),0.06310069,4.65300000,100.11852400,79164,-0.06006997,0.72518557,-90.69149211,0.06619382
2.72204800,1.74385900,171.82426200,Salicylic_Acid--Benzophenone,0.05029340,2.19300000,233.94145000,62669,-0.03474726,0.45803955,-80.49678224,0.01650738
3.03152600,2.02388900,178.44278900,Tryptophan--Acetaldehyde,0.01749172,8.05300000,174.62824400,67839,-0.04295394,0.74333164,-108.09939378,0.00597427
3.11052900,2.15824000,155.66478000,Piperidine--Propan-1-ol,0.01206089,2.88500000,124.31466000,77449,-0.02706120,0.33518301,-81.93280435,0.00371768
2.85910900,1.86865600,162.38625300,Saccharin--Formaldehyde,0.04428521,4.89600000,133.99090500,71809,-0.08194810,0.87938109,-71.81151304,0.03490998
2.63685200,1.64543600,171.14514500,Aspartic_Acid--Hexamethylphosphoramide_(HMPA),0.07091406,5.54900000,206.27733400,73284,-0.03753278,0.52620888,-84.94311646,0.03824213
2.77763900,1.74565900,178.53348000,Adenine--Isoquinoline,0.08297361,10.78900000,183.56185100,75317,-0.06658932,0.64995651,-59.87743232,0.04887556
2.68996900,1.75274800,155.36811500,Propanoic_Acid--Propan-1-ol,0.06564588,0.91100000,91.05386500,76656,-0.03769288,0.56054362,-119.70575335,0.04490046
2.73242400,1.74119700,175.98045700,Salicylic_Acid--Acetophenone,0.06358566,1.74800000,182.76416900,60742,-0.03957509,0.43331864,-59.53177046,0.03962291
2.76715100,1.88579000,143.38088700,Guanine--Oxime,0.07528538,6.01600000,121.95836200,74003,-0.06488100,0.74724794,-75.49371199,0.07785910
2.96709700,2.01951900,165.54441900,Cyclohexanol--Trioxane,0.01935857,3.23900000,119.38197500,74108,-0.04813371,0.59875248,-90.05570737,0.01661685
3.40762500,2.56417300,133.44235300,Propan-1-ol--Propylene_Carbonate,0.00579806,4.14000000,102.64667900,78432,-0.03911269,0.38770695,-51.49410695,0.01042421
2.70941700,1.72187700,170.58307900,Ascorbic_Acid--Quinoline,0.08967521,8.14600000,197.27721800,69560,-0.05264223,0.55431054,-72.70026112,0.03966527
3.01213900,2.02136800,166.21786900,N-Methylacetamide--Propylene_Carbonate,0.02055469,9.65200000,108.67432300,74499,-0.04008363,0.44091312,-70.43553792,0.00707721
3.31434600,2.31265800,179.18629300,Aniline--Carbon_Dioxide,0.00476261,2.46400000,96.01957000,87349,-0.08274090,0.72965427,-55.57718285,0.00940852
2.77019900,1.77611100,175.66416900,Cysteine--Morpholine,0.06085863,1.89100000,136.05700000,80447,-0.06448861,1.30741460,-144.74302218,0.04477865
2.89316400,1.92477700,174.49902900,Propan-2-ol--Tetrahydrofuran_(THF),0.03056013,2.03800000,96.13975600,76342,-0.03347817,0.37891343,-64.37224635,0.01007299
2.67842600,1.67513500,169.75742400,Glutamic_Acid--Quinoline,0.11043949,3.58400000,187.96463400,73962,-0.04897056,0.61048075,-84.94454075,0.04778992
2.82681700,1.85438600,178.69891000,Diethanolamine--Acetamide,0.03587412,3.80200000,109.39703800,77126,-0.05072718,0.48637937,-55.51417420,0.07457822
2.81658500,1.79401800,173.76900200,Thymine--Tetrahydrofuran_(THF),0.05523656,5.57100000,130.55940800,76948,-0.03958819,0.48593773,-77.93137117,0.02817787
2.89344700,1.92811700,169.98547900,Resorcinol--Morpholine,0.03121734,4.29400000,137.84876100,67229,-0.04479839,0.71596923,-102.90555810,0.01373932
2.93179600,1.95834100,175.78859900,Glucose--Anisole,0.02796632,4.31700000,182.56096300,75407,-0.04709288,0.57151835,-69.20847946,0.03530294
2.79658200,1.77277600,175.79398100,Saccharin--Vinyl_Acetate,0.05813866,3.42000000,172.49710500,75023,-0.05726160,0.64846674,-66.53519247,0.02492130
2.66879100,1.68824000,168.42021700,Ascorbic_Acid--Urea,0.07865194,10.21000000,130.65566400,76760,-0.05276875,0.54301589,-62.87826462,0.04877256
2.71398300,1.76106500,161.03135700,Acetic_Acid--Valerolactone,0.05121472,3.31300000,87.49884700,77585,-0.06626916,0.72221592,-90.10007004,0.05913516
2.98805100,1.98217800,173.71087600,Pyrrole--Ethanol,0.02268525,4.72400000,87.62101900,80929,-0.03721289,0.51791473,-93.58331786,0.01973770
2.99711700,2.02699100,159.50614400,Aniline--Pyrazine,0.02709459,2.56900000,135.62213000,72141,-0.04777044,0.57777544,-68.49533409,0.02174383
2.66627900,1.65492700,170.00928900,Formic_Acid--Quinoline,0.12033096,4.50100000,126.44826200,78090,-0.09675797,0.87136318,-66.80107861,0.12800052
2.81206500,1.84860400,168.68044200,Ethylene_Glycol--Butan-2-one_(MEK),0.04175501,4.98600000,90.85764300,73017,-0.04677519,0.55402078,-87.26248523,0.03547802
3.18389200,2.23002800,155.41120000,Hydrazine--Acetaldehyde,0.01389710,2.35600000,53.15941600,80446,-0.05240645,0.53655521,-72.76364303,0.03241441
2.92009200,1.93868200,161.79289100,Pyrrolidone--Acetaldehyde,0.03151778,1.33100000,87.22940200,72120,-0.04809892,0.48555352,-57.03426723,0.03398335
3.07984400,2.07301200,174.62274400,Aniline--Propylene_Carbonate,0.01564230,6.43100000,134.86160800,73090,-0.03713894,0.36483031,-46.19522198,0.00538517
3.00110400,2.00724000,163.84816500,Histidine--Pyrimidine,0.02865501,5.48400000,158.60947600,72095,-0.03902145,0.38340583,-56.32529724,0.01898373
2.95200600,1.99206200,170.80258900,Butan-2-ol--Formaldehyde,0.02267469,2.32700000,75.05818500,77456,-0.04157307,0.47203301,-74.26052591,0.01768480
2.79377600,1.76419500,175.59767700,"Cytosine--N,N-Dimethylacetamide_(DMAc)",0.06176497,5.35400000,134.53452800,75458,-0.05071441,0.56238126,-69.77461678,0.05150335
2.90271500,1.93323900,176.13471800,Resorcinol--Ethyl_Acetate,0.02670686,3.03600000,134.75545300,73788,-0.04207583,0.67002350,-156.43196290,0.01312783
2.90245900,1.87997700,173.73920100,Barbituric_Acid--Ethyl_Acetate,0.03826085,1.91800000,128.00914000,74387,-0.05722591,0.61639757,-65.32293442,0.02051769
2.93681100,1.96884400,178.80940800,Butan-2-ol--Ethanol,0.02083262,3.48900000,89.40743300,76966,-0.03371846,0.33939750,-54.91948302,0.00955668
2.69726300,1.69975500,175.56860300,Cysteine--Diethyl_Ether,0.07788428,0.75700000,131.60330700,73807,-0.04163435,0.61252494,-97.00051560,0.03853559
2.89978500,1.92923300,176.53502300,Hydroquinone--Acetaldehyde,0.02694781,4.27200000,106.80442900,77341,-0.03507349,0.59487763,-147.16625388,0.01033113
3.00110300,1.98085700,172.09714600,Hydroxylamine--Pyridine,0.03277197,2.65100000,81.88621000,74298,-0.03728766,0.48185424,-84.49448429,0.02613130
2.68068200,1.67983600,176.37528000,"Benzoic_Acid--N,N-Dimethylformamide_(DMF)",0.08410050,3.76600000,136.69935400,76925,-0.04621863,0.48299039,-57.99131021,0.04871906
2.71054100,1.71765300,174.92280500,Aspartic_Acid--Acetic_Acid,0.06915443,2.73800000,107.96894700,77196,-0.04744087,0.48392172,-59.42756085,0.04589930
3.01811800,2.05731000,158.23459100,Pyrrole--Propylene_Carbonate,0.01753169,7.61000000,112.51245000,79533,-0.04242763,0.56115847,-110.06520820,0.01204333
2.88856200,1.88144500,172.14251200,Adenine--Ethanol,0.03338137,8.71500000,113.45957800,72010,-0.05097027,0.57322391,-70.16275674,0.02935489
3.13522800,2.12937300,171.35881300,"Piperidine--1,4-Dioxane",0.01202791,1.17300000,136.11125300,76710,-0.02975680,0.39876869,-95.13001976,0.00641878
3.13168700,2.22814700,147.10035900,Methylamine--Acetaldehyde,0.00969389,1.67500000,56.03658000,76679,-0.04215392,0.43264545,-65.23209157,0.02254660
3.14795600,2.15731400,165.16276200,Piperidine--Trioxane,0.01152166,1.63400000,124.39959400,77491,-0.03150534,0.42332513,-97.21352139,0.00619668
2.71482500,1.74560200,171.83227000,Sulfuric_Acid--Oxime,0.06127427,3.85300000,73.15535600,81814,-0.06259741,0.66082497,-68.36926725,0.06896586
2.98630100,1.97956700,177.54637400,Indole--Sulfate_Ion,0.01998334,2.73200000,135.49944000,75781,-0.06234853,0.57224825,-45.40938509,0.01886436
2.98735900,2.44362300,115.40981500,Methanol--Ethylene_Carbonate,0.00546282,4.68200000,67.95594800,80899,-0.04371818,0.45272195,-60.63199316,0.00715499
2.70550200,1.65251300,176.39855100,Barbituric_Acid--Acetamide,0.09861368,5.10500000,109.09537800,78617,-0.07379080,0.64393190,-53.47259832,0.11839608
3.07233300,2.07189900,171.81018000,N-Methylacetamide--Pyruvic_Acid,0.01418720,6.37400000,98.93520600,78814,-0.04359589,0.45241689,-68.00771697,0.01109453
2.91354200,1.94676900,173.02140100,Hydroquinone--Formaldehyde,0.02752025,3.22600000,95.44917400,79537,-0.04706161,0.54839026,-76.16978595,0.02200345
2.83350500,1.85848400,172.29613700,Benzoic_Acid--Methyl_Acetate,0.03851825,3.66300000,132.01036800,73860,-0.04274393,0.57504044,-74.52420604,0.02886306
2.68820600,1.68923300,177.79330800,Propanoic_Acid--Acetamide,0.07782125,3.70800000,85.20952100,74686,-0.04865172,0.51751553,-63.00353610,0.07183944
2.93775800,2.00845800,160.43363900,Benzyl_Alcohol--Oxime,0.01947921,2.24300000,112.02750000,77789,-0.04276372,0.62199499,-93.30303403,0.01797977
2.90218900,1.93626100,172.68095900,Propan-1-ol--Benzaldehyde,0.02844129,5.46500000,125.95960600,70291,-0.03129999,0.49239407,-85.57075816,0.01665653
2.69227700,1.69434000,176.63629000,Chloroacetic_Acid--Propan-2-ol,0.07823808,3.17100000,91.72691800,79399,-0.06264024,0.69254202,-93.06490384,0.07648979
2.72334200,1.73028700,176.67762900,Alanine--Propan-2-ol,0.06753427,2.09700000,99.92329300,74318,-0.05253393,0.70112521,-125.12349997,0.04314811
3.14681200,2.18162200,158.22056400,Ammonia--Trioxane,0.01007728,0.87000000,58.76325500,78779,-0.05104471,0.59527150,-103.63477376,0.01092738
2.83736300,1.87619400,167.66163200,Diethanolamine--Methanol,0.04214733,4.56500000,92.07074100,76298,-0.05006379,0.54167061,-97.89291138,0.07405453
2.92050300,1.90799000,179.78316800,"Imidazole--N,N-Dimethylformamide_(DMF)",0.02921165,9.77500000,100.91699100,79555,-0.03613738,0.57256809,-125.08856124,0.01952096
2.84155700,1.87841000,166.85913900,Fructose--Pyrazine,0.04697738,4.70400000,158.67350100,71179,-0.04139716,0.52963835,-67.84533327,0.03359421
3.17635900,2.20261000,160.09822800,Methylamine--Anisole,0.00834459,1.04800000,110.27072400,73696,-0.03383765,0.38623265,-59.97949077,0.01586130
2.73100200,1.70372000,170.41267100,Thymine--Acetic_Acid,0.08715074,3.74300000,113.78475500,76900,-0.05779964,0.57823982,-53.27746296,0.12288840
3.20476700,2.24416000,157.02783100,Hydrazine--Methyl_Acetate,0.01472013,4.55100000,69.48588600,75078,-0.05274872,0.59670539,-97.11182106,0.03403720
2.63996500,1.62548200,179.23746500,Acetic_Acid--Acetamide,0.10471345,2.70000000,73.57850600,74808,-0.06972985,0.64270632,-59.28484063,0.17057117
2.91324300,2.10062100,135.76720600,Formamide--Phenol,0.05212429,4.04700000,100.01265000,82760,-0.05390985,0.61775584,-87.52350431,0.06512839
3.01882700,2.01053500,179.99824000,Pyrrole--Acetone,0.01723361,6.11400000,95.94592100,80321,-0.02962254,0.40329291,-90.28308530,0.01110225
2.56007800,1.54740300,167.25259800,Cysteine--Dimethyl_Sulfoxide_(DMSO),0.12780620,3.22700000,128.12054700,80239,-0.05112486,3.00705522,-272.59816668,0.06009025
3.08330600,2.08474500,167.58861700,Piperidine--N-Methyl-2-pyrrolidone_(NMP),0.01441291,5.26900000,148.59142300,75309,-0.02770942,0.50779113,-108.29845255,0.00208099
2.99843300,1.99721800,171.49540300,Indole--Valerolactone,0.01873663,8.37600000,147.41317300,76814,-0.04126127,0.48695451,-75.73544217,0.00686363
2.84448600,1.88912500,166.46272200,"Diethanolamine--N,N-Dimethylformamide_(DMF)",0.03254549,6.70200000,121.60241300,73706,-0.04282407,0.68547650,-169.12272315,0.04957533
2.80481400,1.82803700,176.71487300,Resorcinol--Propan-2-ol,0.04467281,3.85900000,121.32016600,73014,-0.04182165,0.49880199,-72.54116541,0.02282964
3.00649800,2.18734500,135.92514800,Pyrrolidine--Acetamide,0.05580085,2.90200000,94.85126800,72381,-0.04762215,0.97002955,-155.97442286,0.05319149
3.01472100,2.00889700,179.76700800,Aniline--Tetrahydrofuran_(THF),0.02015727,4.44900000,128.44327500,78896,-0.03453112,0.43919722,-89.90696866,0.01442030
2.72174800,1.73280100,174.87156000,Aspartic_Acid--Morpholine,0.06346014,3.42500000,134.44857300,74324,-0.03713049,0.68929979,-130.21716241,0.02604550
2.65937300,1.65537800,174.35541700,Formic_Acid--Acetamide,0.08820672,4.43900000,62.30748300,75905,-0.05367345,0.51745087,-57.77154017,0.10019880
2.80698900,1.82628100,175.07952400,Glutamic_Acid--Ethyl_Acetate,0.04351684,1.85600000,142.76679700,79514,-0.04976512,0.60676680,-77.88670852,0.02801541
2.86368400,1.90757400,167.54535000,Diethanolamine--Diethyl_Ether,0.02878653,4.80300000,127.18528600,75320,-0.04063709,0.45612516,-68.52281882,0.01738682
2.79830900,1.77950400,177.22341500,"Saccharin--1,4-Dioxane",0.05083582,3.24100000,171.80770800,74395,-0.05522673,0.85545797,-117.30498008,0.01684780
2.86350400,1.90159700,170.84640500,Ethylene_Glycol--Tetrahydrofuran_(THF),0.02940314,5.13200000,89.33283500,76255,-0.05336935,0.93951617,-178.32726622,0.02001033
2.70862900,1.77120400,155.97499400,Salicylic_Acid--Ethanol,0.06050443,3.01400000,123.44813700,76555,-0.03990288,0.44655289,-61.09290837,0.05344132
2.68861100,1.67832100,176.77157300,Lactic_Acid--Pyrazine,0.10876673,3.84600000,109.59699600,77493,-0.05203847,0.63568448,-114.33924977,0.07120390
2.84917100,1.83252700,179.70891800,Adenine--Acetophenone,0.04188192,11.22300000,172.83984000,76587,-0.05409869,0.49737082,-49.64554327,0.04003020
2.69622800,1.74898900,157.49582500,Salicylic_Acid--Propan-2-ol,0.06662850,2.99700000,134.92610100,71198,-0.04193120,0.53600830,-89.58862512,0.04828819
2.79225800,1.80816000,176.80185900,Butanoic_Acid--Trioxane,0.04791483,2.97400000,102.70061900,73691,-0.03880211,0.53406483,-76.04279687,0.02470690
2.66363600,1.71242600,157.16919800,Lactic_Acid--Propan-1-ol,0.07718186,2.27700000,95.72644600,82208,-0.03853012,0.57019807,-117.65521508,0.06397043
2.92727600,1.99059300,161.01682800,Cyclohexanol--Isoquinoline,0.02888153,4.16100000,177.76048700,67455,-0.03450629,0.43041032,-81.09908830,0.01501660
3.06349300,2.07846400,161.81832900,"Pyrrolidine--N,N-Dimethylformamide_(DMF)",0.01619249,3.74400000,107.15143000,75273,-0.04477365,0.41116964,-51.87480834,0.02246145
2.65486700,1.63198100,179.38682800,Glycine--2-Picoline,0.12986168,4.91500000,118.29357900,73888,-0.05543980,0.53611192,-54.09298570,0.05811889
2.95679500,2.08884400,141.35026700,Hydroxylamine--Cyclohexanone,0.01536591,2.91500000,89.93421600,77729,-0.04118055,0.47664309,-68.54396599,0.01553013
2.74438000,1.75902500,169.58866100,Oxalic_Acid--Formaldehyde,0.06449602,2.76600000,60.25391700,88236,-0.09998190,0.82399921,-52.73013920,0.11463788
2.89965600,1.90671300,165.75735600,Adenine--Anisole,0.03145865,7.71600000,164.66290000,71099,-0.04178491,0.75760434,-141.72673966,0.02456907
2.79137200,1.81109100,173.63795500,Glycerol--Quinoline,0.06007901,3.07900000,157.31446900,74847,-0.04400545,0.57681596,-91.70660220,0.04121358
2.70400300,1.74595700,162.10311600,Resorcinol--Urea,0.06259663,4.81900000,113.32191400,68337,-0.04436165,0.66994124,-108.30017243,0.03916998
3.21315500,2.23585600,161.29731400,Butylamine--Methyl_Acetate,0.00697543,2.37600000,107.32610100,77911,-0.03425615,0.55435098,-99.53118721,0.00535791
2.94631100,1.93741700,173.13595900,N-Methylformamide--Cyclohexanone,0.02974704,6.96000000,110.74114400,71784,-0.04199912,0.49903977,-79.97302962,0.01861544
3.19609800,2.24317600,155.39244100,Dimethylamine--Propylene_Carbonate,0.00830919,6.50600000,95.97127800,77345,-0.04826151,0.50403806,-61.75301312,0.00530237
3.19249600,2.21026600,161.93882900,Propylamine--Benzaldehyde,0.00965409,4.78000000,130.39955000,77245,-0.03155593,0.49139053,-141.82003381,0.00774400
2.84637500,1.87332100,177.36748200,"Propan-1-ol--N,N-Dimethylformamide_(DMF)",0.03631801,5.89000000,95.93890000,75202,-0.02868415,0.50378381,-124.61863407,0.01756616
2.93111300,2.00224600,158.12677200,Butanoic_Acid--Propylene_Carbonate,0.02242152,4.69700000,115.81638300,71105,-0.03710748,0.76283872,-188.05558783,0.01307941
2.92233300,1.92734000,167.41115800,Indole--Hexamethylphosphoramide_(HMPA),0.02425158,6.31600000,227.42314900,71228,-0.03228715,0.42490664,-85.57293966,0.02010215
3.05096700,2.04497900,175.55809500,Pyrrole--Acetic_Acid,0.01478482,4.87000000,89.14991300,86407,-0.04485395,0.53233044,-78.07416178,0.01227999
2.92890000,1.96626500,171.27264400,Diethanolamine--Anisole,0.02512804,4.56400000,154.74409200,76281,-0.03870896,0.49488196,-91.21156033,0.02799793
2.72891300,1.73986900,176.45186700,Glycine--Benzophenone,0.05721476,5.08100000,187.31530600,69410,-0.03334075,0.43649232,-86.48332776,0.01759752
2.87704900,1.90251100,177.38994800,Hydrogen_Peroxide--Oxime,0.03004333,0.66200000,42.23557900,93645,-0.06002677,0.79348703,-108.90461427,0.05017489
2.68940200,1.69313800,175.38207700,Benzoic_Acid--Acetamide,0.07588658,3.36000000,124.60294600,75590,-0.05123125,1.03079884,-171.73267591,0.04764187
2.77022400,1.79639300,173.62734400,"Glycerol--N,N-Dimethylacetamide_(DMAc)",0.04492307,5.08800000,116.54917600,76804,-0.04567148,0.79853844,-148.73362664,0.05774416
3.04097200,2.09144400,167.32129900,Ascorbic_Acid--Carbon_Dioxide,0.01187711,6.44800000,113.37293800,82947,-0.05154193,0.58556169,-72.76813827,0.01293347
2.74797800,1.75758800,176.79754900,Salicylic_Acid--Cyclohexanone,0.05996712,1.83100000,161.54813800,71513,-0.03459851,0.32893797,-52.77751072,0.02865673
2.91023700,1.94242500,173.14176600,Propan-2-ol--Pyrimidine,0.03575075,3.82800000,103.44883600,75881,-0.03300483,0.49507326,-95.68980616,0.02150184
2.80120100,1.84481900,165.89983000,Ascorbic_Acid--Tetrahydrofuran_(THF),0.03884697,8.00400000,145.55308800,75550,-0.04677874,0.54643985,-75.91608677,0.02284338
3.14617500,2.20732200,152.68236200,Hydrazine--Dimethyl_Ether,0.00862487,1.92500000,56.67205400,76850,-0.03831145,0.39985214,-64.98798052,0.01720186
2.63463200,1.62537100,173.23186600,Chloroacetic_Acid--Acetic_Acid,0.10201225,2.00100000,81.89103500,74608,-0.10974479,0.91207163,-56.72749228,0.19911199
2.92083400,1.95003000,176.86628700,Butan-2-ol--Pyrimidine,0.03340771,2.67900000,115.07894200,72271,-0.04299889,0.52167359,-71.78297228,0.02207091
2.64986800,1.68153700,168.38911500,Sulfuric_Acid--Pyruvic_Acid,0.07437936,3.17400000,93.48372800,83034,-0.07470413,0.87382030,-84.20985584,0.07914933
2.94435700,2.27967500,121.71760900,Ammonia--Acetic_Acid,0.10950047,1.98800000,48.52930600,78384,-0.04627120,0.45831812,-55.33541136,0.15598195
3.02621400,2.05102800,161.79395600,Pyrrole--Ethylene_Carbonate,0.01787772,7.37500000,101.01460600,77068,-0.06167462,0.68005853,-86.67594494,0.01768901
2.84655400,1.87733300,170.57698100,Catechol--Pyrimidine,0.04597652,3.58600000,135.61544500,78181,-0.07172315,0.60283585,-49.15623964,0.04706826
2.70329200,1.76477600,156.11383900,Salicylic_Acid--Propan-1-ol,0.06203487,2.94200000,135.13008900,72880,-0.03968758,0.56989622,-129.31593919,0.04981289
2.80682200,1.78258300,171.86056900,"Cytosine--N,N-Dimethylformamide_(DMF)",0.05852701,4.46200000,123.11888700,78774,-0.04544683,0.52863738,-94.58859506,0.04243668
3.11581200,2.26939400,140.02647500,Piperidine--Vinyl_Acetate,0.01379014,1.25200000,136.65049700,71983,-0.03276423,0.52030803,-98.27500314,0.01022347
3.06389400,2.12458100,153.90981800,Aniline--18-Crown-6,0.01403242,1.75300000,246.62057600,64181,-0.03351209,0.41996153,-64.11931646,0.00984073
2.90890600,1.93998200,175.05404500,Ethanol--Acetaldehyde,0.02799004,3.86800000,63.19793300,77088,-0.05194675,0.49131559,-56.92503303,0.02986016
2.88824000,1.92495100,174.74577300,Ethylene_Glycol--Sulfate_Ion,0.02253336,2.96300000,78.91245800,79736,-0.10004101,1.28444332,-122.58455240,0.02567574
2.73809700,1.75600800,170.09658900,Propanoic_Acid--18-Crown-6,0.06296025,3.26600000,215.86315700,70733,-0.03387811,0.40563433,-84.30705360,0.01196237
2.93338200,1.99065600,164.06291900,Butan-1-ol--Formaldehyde,0.02316125,2.29300000,75.27722500,77828,-0.03125893,0.46804463,-113.50160448,0.01756452
2.77845000,1.79211200,174.01419800,Oxalic_Acid--Methyl_Acetate,0.05144201,3.45300000,87.96646500,77352,-0.05927974,0.65314400,-68.84072725,0.03464996
2.85698600,1.88335800,178.53798500,Phenol--Benzaldehyde,0.03311787,6.42200000,153.49874900,65153,-0.02894170,0.46746420,-125.56252775,0.00621014
2.63001900,1.61428400,178.89488100,Acetic_Acid--Urea,0.10774259,3.32600000,71.13719000,79103,-0.09419358,0.83143683,-75.25276760,0.28837294
2.76040100,1.84983100,153.31217100,Threonine--Sulfate_Ion,0.03357475,2.29100000,112.83980800,82927,-0.06235095,0.85438142,-92.66678506,0.02801908
2.89392600,1.95489900,162.35888200,Diethanolamine--Phenol,0.02418935,3.90200000,142.77303900,74754,-0.05054755,0.51963304,-58.59952749,0.02047458
2.92335400,1.96371900,170.04874600,Hydroquinone--Methyl_Acetate,0.02399054,1.65100000,123.11929900,71675,-0.04605478,0.56015871,-111.63571413,0.01196674
2.73963000,1.75332300,178.41413200,"Salicylic_Acid--N,N-Dimethylformamide_(DMF)",0.05066065,2.91000000,141.49473500,73341,-0.03834234,0.50648627,-122.94524233,0.02443701
2.66389400,1.66544200,178.63776000,Chloroacetic_Acid--N-Methyl-2-pyrrolidone_(NMP),0.07462226,5.26400000,116.16706400,74363,-0.06486822,0.60322367,-51.06966163,0.05396514
2.86702700,1.89273400,175.38615800,Ethanol--Isoquinoline,0.04403666,4.97800000,136.37005000,70437,-0.05049134,0.53653628,-54.86278986,0.02175869
2.84184000,1.86335100,178.52158100,Phenol--Pyrimidine,0.04954555,4.11500000,131.06930800,71944,-0.03481083,0.51279362,-79.96983319,0.02558356
2.72562100,1.67806700,177.79738600,Uracil--Quinoline,0.10921172,8.35300000,170.78952100,63740,-0.04585938,0.52985895,-79.50669994,0.04931129
3.18202400,2.19217300,164.86727900,Ammonia--Cyclohexanone,0.00815267,4.73600000,85.24463800,75859,-0.03256155,0.46388468,-101.84924915,0.00279502
2.80057400,1.82995700,169.15781800,Butanoic_Acid--Phenol,0.04148330,2.94100000,130.17379600,63084,-0.03135873,0.32511896,-48.79719275,0.01824532
2.67415600,1.67165200,176.09595700,Glutamic_Acid--Acetamide,0.08657677,4.94100000,123.76609900,80923,-0.05244155,0.99029215,-185.50542298,0.04609807
2.53772100,1.49701700,172.60706500,Sulfuric_Acid--Quinoline,0.21087771,5.52100000,148.25284300,79552,-0.06236831,0.61697882,-57.31442688,0.00930033
2.71197000,1.71895000,175.11504500,Acetic_Acid--Acetone,0.06941470,2.24400000,75.91698400,73318,-0.06064753,0.57555111,-58.20693221,0.07007174
2.86967400,1.94779300,156.25641500,Glutamic_Acid--Ethylene_Carbonate,0.02608559,5.94500000,131.21224900,79326,-0.05489660,0.68585879,-84.12918635,0.02422333
2.89722500,1.89374700,169.19671300,Pyrrolidone--Acetic_Acid,0.03502041,2.72900000,91.75115000,75038,-0.04492334,0.57580315,-94.54635779,0.04144005
2.85524200,1.83597500,177.75923700,Acetamide--Acetamide,0.04582525,3.20400000,77.86098100,72325,-0.05497493,0.62963910,-87.70498103,0.06305657
2.81320300,1.78654600,177.41999000,Uracil--Propan-2-ol,0.05769682,6.03600000,112.17637100,74828,-0.04817808,0.64471888,-123.25590651,0.03325407
2.98426500,1.97834500,174.31286500,Imidazole--Acetic_Acid,0.01917651,6.62700000,84.35427900,82751,-0.04603744,0.59321128,-90.10031576,0.01769726
2.81160500,1.84608500,169.66910800,Ascorbic_Acid--18-Crown-6,0.03971572,6.10800000,263.85514600,68378,-0.03704235,0.44527557,-73.56110426,0.01703725
2.79043100,1.82024200,170.10702900,Hydroquinone--Acetophenone,0.04651502,5.05200000,169.15819400,66442,-0.03527026,0.45832012,-69.76596180,0.02140517
2.70763400,1.64024200,173.36317200,Barbituric_Acid--Quinoline,0.13589068,4.13700000,173.10735900,74266,-0.07019245,0.64842769,-52.90307325,0.05861067
2.89066800,1.88645800,169.38085700,Urea--Hexamethylphosphoramide_(HMPA),0.02939941,2.41800000,169.33234100,70885,-0.04458644,0.51792221,-68.88244432,0.04436251
3.11514600,2.10493700,170.49882400,Propylamine--2-Picoline,0.01998157,3.08500000,123.96877900,73780,-0.03456321,0.44790348,-76.93078855,0.01270581
3.18814100,2.19636300,165.29461500,Butylamine--Ethyl_Acetate,0.00916473,1.89600000,118.92359600,75058,-0.03763819,0.41418269,-78.85261169,0.00683952
2.62697700,1.63486900,177.65960100,Sulfuric_Acid--Cyclohexanone,0.09783990,5.75200000,116.42251000,75192,-0.05356020,0.55019151,-53.71951761,0.06302983
2.76363900,1.78640200,174.67901100,Trifluoroethanol--Propan-1-ol,0.05113211,4.24400000,81.47600700,81073,-0.04234338,0.66813482,-129.69841994,0.02462923
2.74660400,1.77124100,170.77056900,Trifluoroethanol--Benzaldehyde,0.05465586,2.89500000,117.88890400,77256,-0.04693825,0.59065004,-86.95594399,0.02731351
2.72538400,1.77365000,161.39023500,Acetic_Acid--Propylene_Carbonate,0.04654911,4.26800000,92.55295700,77453,-0.04788726,0.55552229,-84.97103217,0.04785509
2.66921600,1.67845400,175.16089000,Propanoic_Acid--Hexamethylphosphoramide_(HMPA),0.06163265,3.46700000,179.19132800,69476,-0.03859172,0.42693401,-60.88135582,0.04405126
2.78718000,1.80274900,177.91849700,Benzoic_Acid--Trioxane,0.04887892,2.72100000,130.45875800,75593,-0.05426223,0.57815177,-74.85395527,0.02816870
3.05446400,2.03693700,178.26504900,Methylamine--Urea,0.01766913,4.33300000,62.51500000,86504,-0.04279614,0.52630315,-90.06630774,0.02165071
2.76237500,1.77528300,177.20840600,"Benzoic_Acid--1,4-Dioxane",0.05543890,1.93500000,142.13669300,75695,-0.04853876,0.62488486,-89.80786481,0.02377654
2.78204500,1.75490000,169.18665100,Barbituric_Acid--Benzaldehyde,0.06729519,5.14700000,151.18243100,77981,-0.06190934,0.62367603,-54.11303711,0.04389454
2.85231900,1.88987300,167.51528900,Diethanolamine--Pyridine,0.04516692,5.13300000,133.71589500,71887,-0.05224404,1.03645982,-126.97761283,0.03088619
2.82986800,1.86854000,168.28464500,Diethanolamine--Acetophenone,0.03707752,5.55700000,162.89833300,72024,-0.03832918,0.39643516,-50.95231921,0.03459527
2.95178400,1.96466000,163.84962400,Acetamide--Trioxane,0.02788064,3.17400000,83.71830000,73918,-0.05424026,0.50551620,-54.34354571,0.03059822
2.87459500,1.95051500,148.30481000,Hydrazine--Pyruvic_Acid,0.03130003,1.92400000,71.23377000,84889,-0.04403815,0.71925743,-116.05203775,0.02716087
3.00748600,1.99921600,179.64771900,Indole--Acetone,0.01809385,6.34500000,135.85895600,75770,-0.03276096,0.43066955,-84.10363066,0.01121423
2.92112300,1.97463300,165.13318200,Benzyl_Alcohol--Formaldehyde,0.02482189,2.77100000,102.91300500,74244,-0.04479203,0.66573792,-140.14493658,0.02452453
2.84540000,1.83182200,174.72740700,Acetamide--Hexamethylphosphoramide_(HMPA),0.03577491,2.18000000,171.87258100,73345,-0.04236787,0.38664243,-43.13415839,0.05110619
2.77279600,1.76413700,165.99483400,Saccharin--Morpholine,0.06412643,4.53900000,176.30215200,73525,-0.05031885,0.56807953,-55.79587948,0.02476675
2.86016800,1.90428700,166.64724900,Propan-2-ol--Acetone,0.03332381,3.38600000,86.07088100,76591,-0.03111383,0.47885579,-139.85914378,0.02208961
2.78263600,1.79878900,177.07837300,"Glucose--N,N-Dimethylformamide_(DMF)",0.04883693,4.03400000,149.55006900,73404,-0.04162703,0.61707083,-100.90900754,0.02563331
2.72083800,1.72683000,174.16408400,Serine--Benzaldehyde,0.07163881,3.69100000,141.23775600,66197,-0.03462133,0.53838593,-99.45529602,0.01969616
3.16018100,2.16808000,164.93994300,Methylamine--Dimethyl_Ether,0.01025966,2.55800000,59.56553000,79256,-0.03872263,0.42876563,-74.55831191,0.01097471
3.45116600,2.74859300,121.97614500,Acetamide--Ethylene_Carbonate,0.00216284,1.66900000,85.28692200,80443,-0.06651466,0.58209797,-53.62719536,0.02639629
2.69946000,1.74473100,160.23952200,Formic_Acid--Valerolactone,0.05621123,3.78800000,76.30543300,79783,-0.06576730,0.60590161,-55.47938501,0.07171346
3.01107600,2.05870000,168.19107600,Ascorbic_Acid--Ethylene_Carbonate,0.01594330,14.60100000,140.70950200,72093,-0.05122835,0.55982375,-65.15277187,0.00911635
2.90602700,1.95779000,162.62180100,Citric_Acid--Ethylene_Carbonate,0.02688680,3.20900000,145.03285200,77918,-0.04099941,0.55343342,-92.85033675,0.02151913
2.81480200,1.85407800,166.62324700,Fructose--Ethanol,0.04252875,3.69100000,132.99471600,74484,-0.03910250,0.47940516,-94.52896324,0.03308067
2.82657800,1.80436200,175.69609000,Uracil--Tetrahydrofuran_(THF),0.04985835,6.66000000,119.09038700,75553,-0.04735675,0.56631453,-76.94702743,0.03027350
2.99508000,2.04122700,156.14854500,Aniline--Butan-2-one_(MEK),0.02023199,3.77600000,129.92265000,71492,-0.03988812,0.42755277,-58.00451709,0.01750969
2.99383100,1.98435900,176.67430100,N-Methylacetamide--Ethanol,0.02287108,6.99100000,83.80139500,79609,-0.03983656,0.37684969,-50.22215029,0.01697740
2.77359400,1.80221700,156.45132400,Saccharin--Diethyl_Ether,0.05647854,2.96500000,171.85667000,70487,-0.04824945,0.72509919,-92.99854620,0.01081977
2.96900500,2.04367900,159.32767200,Cyclohexanol--Morpholine,0.01516666,4.33800000,135.64298400,71640,-0.05375676,0.55229521,-62.21487654,0.02469173
2.87591300,1.90668800,175.01400300,Diethanolamine--Ethanol,0.02982347,5.10700000,103.54418000,78080,-0.04575144,0.77802452,-155.73823887,0.02326155
2.86381300,1.89685800,170.46492900,Glucose--Gamma-Butyrolactone_(GBL),0.02899187,3.88000000,151.28548200,73369,-0.03971574,0.40482558,-59.57249656,0.02501633
3.09589300,2.16362300,161.81330200,Diethanolamine--Carbon_Dioxide,0.00870725,3.31100000,89.54279200,82941,-0.06256655,0.68006782,-80.75945687,0.02534710
2.86627500,1.91194000,155.92024300,Histidine--Oxime,0.09033383,3.22300000,127.72702600,76466,-0.04140767,0.53836878,-93.53944621,0.05502232
3.18039900,2.20171700,161.79315800,Piperidine--Benzaldehyde,0.00932400,4.74300000,160.75228900,68372,-0.02731860,0.56653837,-89.53233229,0.00057693
2.73970700,1.75131000,175.10987200,Glycine--18-Crown-6,0.06067000,2.63800000,213.37485100,71651,-0.03501679,0.49714758,-102.34147388,0.02321344
3.08520300,2.06772400,176.95231000,"Dimethylamine--N,N-Dimethylformamide_(DMF)",0.01647416,4.99000000,89.19724500,79703,-0.04215746,0.49889628,-113.59722684,0.01822693
2.84719500,1.82567800,178.44088200,Tryptophan--Quinoline,0.05985925,7.72000000,247.71924600,59246,-0.04150651,0.49241835,-63.36527704,0.01808833
2.71659500,1.72621400,178.71770900,"Alanine--N,N-Dimethylformamide_(DMF)",0.05689786,4.00100000,106.55647300,73947,-0.04765659,0.67775460,-126.39299268,0.04325340
2.92433700,1.93241100,162.11112700,Hydrazine--Dimethyl_Sulfoxide_(DMSO),0.02931130,2.79800000,76.02276300,76269,-0.05556254,0.62085204,-65.12414824,0.07300792
2.76646200,1.81242300,164.69456300,Benzyl_Alcohol--N-Methyl-2-pyrrolidone_(NMP),0.04448366,5.40900000,153.17115500,77788,-0.03831465,0.66181723,-134.56064436,0.02990739
2.72217700,1.72127400,176.96509000,Propanoic_Acid--Pyrazine,0.09117513,2.05000000,104.90741800,72598,-0.04304603,0.54924832,-80.04968768,0.05867406
3.24938700,2.25369300,165.86109900,Dimethylamine--Acetaldehyde,0.00698030,4.09200000,68.10010100,81652,-0.04279076,0.66041504,-145.75268171,0.00597122
2.78177200,1.79888400,175.79264200,Butanoic_Acid--Anisole,0.04776598,1.40400000,142.13545900,68449,-0.03331343,0.51445683,-99.36231734,0.01985202
2.95565700,1.99181300,172.98963500,Propan-1-ol--Phenol,0.02036429,3.29600000,117.04496700,67220,-0.03931957,0.49409593,-70.90636866,0.00979201
2.84225300,1.86805600,176.79111700,Phenol--Dimethyl_Ether,0.03793571,3.52300000,105.82121800,70971,-0.04342854,0.60380465,-117.93998418,0.02571338
2.99890900,2.07016400,159.89519900,Cyclohexanol--Pyrimidine,0.01964544,4.12100000,133.25222700,70174,-0.04528523,0.58654382,-128.58867168,0.01935535
2.89722400,1.92995800,174.61569500,Diethanolamine--Benzophenone,0.02312741,7.15600000,214.14296500,70458,-0.03342182,0.37657647,-61.43721187,0.01605980
3.01679900,2.07097200,153.49088500,"Methylamine--N,N-Dimethylformamide_(DMF)",0.01579750,3.44500000,77.15907900,75383,-0.03405210,0.56728972,-147.43641434,0.01851461
2.85954900,1.91866500,162.11236700,Ethylene_Glycol--Pyruvic_Acid,0.03146032,3.30800000,85.97925600,79721,-0.07319144,0.89638170,-126.42081897,0.03262951
3.51749200,3.23427100,97.67911300,Hydrazine--Propan-1-ol,0.04179292,3.60400000,67.93750900,78940,-0.04397304,0.56596503,-88.69921248,0.04244776
2.85201000,1.87416200,177.41784400,Hydroquinone--Pyrimidine,0.04792578,2.90100000,135.47252800,75652,-0.04013172,0.46354879,-58.57688250,0.01763560
2.78641400,1.75492100,173.27209300,Thymine--Pyrazine,0.08165022,5.35500000,137.82012600,76307,-0.05814840,0.68468737,-72.23448076,0.06651380
3.07569600,2.06014600,177.46078700,Ammonia--Hexamethylphosphoramide_(HMPA),0.01275970,3.73500000,146.87746100,74168,-0.04180781,0.55567444,-77.50433799,0.03815982
3.06562500,2.10515300,171.77686500,Cyclohexanol--Valerolactone,0.01061600,6.82700000,127.52027700,71933,-0.03805682,0.41111911,-57.12317037,0.01643246
2.73196100,1.74191000,175.47697000,Alanine--Vinyl_Acetate,0.06115436,2.47300000,112.57899900,75907,-0.04304989,0.56864276,-78.43217437,0.04273984
3.23039300,2.22487300,179.65220300,Indole--Carbon_Dioxide,0.00693040,2.69000000,113.54856900,84650,-0.08559193,0.72555930,-50.70857213,0.00983808
2.89126400,2.02572800,141.77652500,Urea--Ethanol,0.04437244,4.10200000,69.65521100,79526,-0.05524625,0.92160693,-160.32147878,0.06474239
2.68524900,1.74147500,156.15926500,Threonine--Methanol,0.07013816,0.72500000,93.29734700,80884,-0.04595204,0.73221243,-103.37417957,0.05988044
2.90239500,1.88935200,175.77479800,N-Methylacetamide--Dimethyl_Sulfoxide_(DMSO),0.03368564,8.70200000,103.77402600,76173,-0.04585566,0.52197976,-71.51437678,0.03092951
2.87956000,1.86423800,173.92182500,Formamide--Acetic_Acid,0.04025593,2.83600000,62.21416600,77078,-0.06066291,0.66588637,-82.76289719,0.07401169
2.72371100,1.73305100,174.45312500,Benzoic_Acid--Tetrahydrofuran_(THF),0.06790131,0.43300000,137.08077500,73907,-0.04900091,0.84629556,-99.36535663,0.02609175
2.76104500,1.79329000,167.71712200,"Phenol--N,N-Dimethylacetamide_(DMAc)",0.05063532,6.82700000,134.78847500,73912,-0.02946148,0.33662724,-56.72881593,0.02805516
3.10559400,2.10366100,167.69129200,Ammonia--Isoquinoline,0.01936251,4.12600000,117.16614400,75236,-0.04006028,0.66991017,-102.69452405,0.00656215
2.80303600,1.82497800,173.52423100,Glucose--Tetrahydrofuran_(THF),0.04670220,5.11100000,149.81951100,74336,-0.03581725,0.46405976,-78.19806396,0.00700287
3.13203300,2.12645000,169.26353600,Dimethylamine--Morpholine,0.01309432,3.47900000,99.14234200,79204,-0.03913287,0.57711592,-112.79038763,0.00737362
2.74447200,1.75818100,176.03969900,Acetic_Acid--Acetophenone,0.05433341,5.24200000,127.07133900,78798,-0.04265167,0.66154152,-122.51866439,0.02926989
2.90289300,2.01011900,152.08427700,Butan-2-ol--Pyruvic_Acid,0.02200567,1.78600000,104.44806400,78192,-0.04216838,0.43230638,-58.56316096,0.01636821
3.01451300,2.00547700,179.91312700,Adenine--Formaldehyde,0.01806806,8.99500000,99.13601900,84666,-0.06466778,0.58906324,-49.19356632,0.01532405
2.91659000,1.90534300,179.05891200,Imidazole--N-Methyl-2-pyrrolidone_(NMP),0.02635387,9.57100000,118.74882500,78442,-0.04835901,0.49096011,-57.75183619,0.01754470
2.68233400,1.67305000,175.18053200,Cysteine--Pyrazine,0.11016436,1.07500000,133.67088600,78123,-0.04377644,0.65178695,-89.54275843,0.05049056
2.83127100,1.81723300,178.02907800,Adenine--N-Methyl-2-pyrrolidone_(NMP),0.03755353,12.15300000,149.34972800,73663,-0.03382382,0.48178547,-96.00063444,0.01867102
3.32028900,2.63258200,120.43492600,Pyrrolidone--Ethylene_Carbonate,0.00323231,1.28000000,103.53611100,77609,-0.06732454,0.82823326,-105.63292042,0.02332956
2.76706300,1.73981700,178.00835000,Urea--Urea,0.06792643,0.09200000,72.97114900,84233,-0.08774916,0.80701915,-71.44522445,0.20788876
2.98822000,2.13306600,140.02464900,Ethylamine--Urea,0.05183723,2.84600000,73.97977000,74950,-0.03323960,0.42079835,-82.41280549,0.05349700
2.71671700,1.82110500,149.71733200,Fructose--Acetic_Acid,0.04891587,5.03900000,134.58711500,74088,-0.04311128,0.50110456,-107.89008014,0.06118026
2.72087600,1.72832200,176.73142600,Citric_Acid--Acetic_Acid,0.06583296,2.39100000,133.17155000,73175,-0.03934150,0.58684410,-120.15680006,0.01965340
3.09208900,2.14513000,154.34078900,Ammonia--Methanol,0.01275186,0.62300000,35.49425100,84829,-0.04199632,0.49955346,-90.16354030,0.02309340
2.99607600,1.98982900,173.61581900,Imidazole--Phenol,0.02187461,5.96400000,122.02144800,74633,-0.04560507,0.51905390,-65.53752338,0.01256258
2.85693900,1.88274000,177.39703300,Fructose--18-Crown-6,0.03559899,6.25000000,269.61369900,59044,-0.03657285,0.57458780,-73.78401861,0.01165071
3.18362900,2.22811600,155.86270900,Pyrrolidine--Cyclohexanone,0.00709292,4.96200000,127.31638100,76712,-0.03358271,0.33449517,-51.22026174,0.00547539
3.40604700,3.04732400,101.95118800,Hydrazine--Phenol,0.05399876,4.08500000,95.46804100,74227,-0.04209260,0.73334511,-123.35896685,0.03888016
2.79161800,1.82451500,169.53586000,"Methanol--N,N-Dimethylacetamide_(DMAc)",0.04518521,5.34600000,84.07512000,74565,-0.03228583,0.39311642,-78.10341571,0.04241602
3.15645000,2.19989800,156.91738200,Piperidine--Methyl_Acetate,0.00834835,2.03300000,125.91959300,77861,-0.03037408,0.33587338,-66.72553339,0.00494883
2.88313000,1.95026300,159.66214700,"Glycerol--1,4-Dioxane",0.02792330,2.04400000,110.62230300,75687,-0.04486120,0.63215941,-88.05231185,0.02263712
2.92903600,1.97514700,168.35904500,Methanol--Gamma-Butyrolactone_(GBL),0.01833065,6.74900000,74.57293700,76613,-0.03369334,0.42443755,-72.04544469,0.00688808
2.90732800,1.90768200,168.15153200,Pyrrolidone--Diethyl_Ether,0.03155947,3.72600000,113.92473500,70897,-0.03553217,0.37676305,-52.60223192,0.02211172
2.74530800,1.84340300,150.39536300,Threonine--Phenol,0.04128484,1.66500000,144.05644000,69117,-0.03400735,0.43954163,-65.77040647,0.02828519
2.85600500,1.85131100,168.87632700,Acetamide--Butan-2-one_(MEK),0.04081845,0.90700000,91.91671100,72384,-0.05124607,0.61823968,-75.80010647,0.05152035
2.88848800,1.87605900,178.58892900,"Imidazole--N,N-Dimethylacetamide_(DMAc)",0.03116292,9.74800000,112.24233300,79823,-0.04980229,0.47449330,-53.20181035,0.03156800
2.68095900,1.68919700,171.30534200,Alanine--Acetophenone,0.07682383,2.67400000,147.84036500,69960,-0.04322932,0.48833549,-71.97705431,0.04018450
2.70934000,1.71191200,177.50735400,Lactic_Acid--Acetone,0.07215315,5.03100000,92.29939600,78616,-0.03737889,0.50172211,-87.82733893,0.05315581
2.89272700,1.95747000,160.20330400,Butan-2-ol--Morpholine,0.03677590,3.64800000,117.42348900,73845,-0.04458170,0.42921413,-52.77310197,0.01997355
2.76691100,1.98444600,136.90001500,Sulfuric_Acid--Carbon_Dioxide,0.02085959,3.56100000,64.56746300,89969,-0.11261792,1.07238015,-71.15982422,0.12812525
3.20290700,2.19619000,179.88874200,Imidazole--Carbon_Dioxide,0.00785986,4.33300000,68.86318500,94045,-0.07375327,0.80706204,-95.50086824,0.01443807
2.68680500,1.68759800,173.67474900,Chloroacetic_Acid--Benzaldehyde,0.08317885,4.76400000,128.25884900,73950,-0.05821160,0.59591330,-56.73532315,0.04430599
2.71147700,1.71914000,178.00476800,"Formic_Acid--N,N-Dimethylformamide_(DMF)",0.05813583,4.77400000,74.52271900,76277,-0.06302530,0.59062940,-56.53489956,0.08713573
2.90992800,1.89302600,174.90171200,Uracil--Ethyl_Acetate,0.03626178,4.34600000,125.61193600,72745,-0.04415805,0.42064053,-50.84754606,0.02396997
2.78529200,1.81767900,169.14211200,Trifluoroethanol--Acetaldehyde,0.04648404,3.89100000,66.80585600,83408,-0.05333313,0.83625182,-119.36820165,0.04632992
2.84917800,1.83529800,176.00546600,Imidazole--Dimethyl_Sulfoxide_(DMSO),0.03982169,9.15100000,102.76878500,82642,-0.04852955,0.61159532,-91.33192888,0.04133886
3.20011900,2.24145700,156.76406300,Ethylamine--Anisole,0.00783181,2.05500000,121.86357400,72090,-0.03491376,0.39479969,-63.49758616,0.01210266
2.84305800,1.87259500,172.00440600,Methanol--Isoquinoline,0.04809541,5.03500000,124.84319100,63019,-0.04024209,0.44445489,-70.79890146,0.02160096
2.72816800,1.73756600,173.21514900,Citric_Acid--Acetaldehyde,0.06802038,2.74700000,128.59581700,70799,-0.03788299,0.83717954,-196.79730580,0.02086509
3.04260400,2.04948800,167.22780700,Acetamide--Methyl_Acetate,0.01758330,5.57800000,85.33479200,74386,-0.04096364,0.42698345,-67.16380688,0.01351716
3.07485400,2.11427800,156.64313900,Ammonia--Acetophenone,0.01487617,2.38200000,106.39251900,70736,-0.04406007,0.63160914,-104.42551851,0.02304899
2.85840800,1.84314500,179.41183800,Adenine--Diethyl_Ether,0.03927708,8.64000000,137.03306600,74727,-0.04023649,0.42438470,-53.08209860,0.02609598
3.09105400,2.15601600,151.81460900,Ethylamine--Butan-2-one_(MEK),0.01264889,2.15100000,90.58463700,73459,-0.03214241,0.47420917,-96.18447259,0.01593334
3.10708100,2.12468300,161.28809800,Propylamine--Quinoline,0.01817316,3.55100000,152.42488900,67724,-0.03717974,0.44138622,-56.71806874,0.00625032
3.09928900,2.09289500,168.99061200,Methylamine--Pyridine,0.02047906,3.47600000,89.27093400,75357,-0.03703026,0.52185038,-91.75148143,0.01324418
2.78140700,1.79559300,177.93969200,Phenol--Quinoline,0.06577593,4.79900000,175.50761800,67023,-0.03778063,0.40342089,-48.90350404,0.02540015
3.02040900,2.09089800,150.59927300,Hydrazine--Benzophenone,0.01565482,3.33700000,166.71576700,69015,-0.02885956,0.42610695,-84.46585084,0.01116636
2.93723500,1.94805700,163.55373600,Formamide--Formaldehyde,0.03121095,1.90300000,46.34017800,88509,-0.09504230,0.93943892,-86.66790362,0.11497284
2.71375000,1.70977400,176.54662400,Serine--Pyrazine,0.09598950,3.22600000,118.81888300,73541,-0.03459489,0.55892640,-114.54833709,0.04840271
2.75236400,1.83236200,155.57752600,Butan-1-ol--Acetamide,0.04623100,3.54600000,95.51997100,70719,-0.03528521,0.50324223,-81.97000151,0.03568940
2.70167000,1.71141300,177.07497000,Salicylic_Acid--Hexamethylphosphoramide_(HMPA),0.05640832,2.26600000,223.21822100,66936,-0.03771126,0.44668306,-74.56349943,0.02539814
2.96471000,1.96015000,171.38256300,Acetamide--Dimethyl_Ether,0.02396044,3.60300000,72.48906800,72864,-0.04572412,0.40862723,-47.54046835,0.03319614
2.91285100,2.01972200,145.36004800,Thymine--Ethylene_Carbonate,0.01957809,11.25300000,125.63503300,77601,-0.05954914,0.58076912,-58.96441155,0.01576977
3.09613300,2.11024100,162.79524000,Ammonia--Propan-2-ol,0.01506586,1.35400000,58.48579000,78012,-0.04065940,0.50054813,-99.48677144,0.02466928
2.97153800,2.01205700,170.89133200,Propan-2-ol--Benzaldehyde,0.01840784,5.70500000,125.93223100,67546,-0.02550741,0.32976940,-63.04303863,0.00706734
2.85866000,1.88730600,177.11569700,Ethylene_Glycol--Dimethyl_Ether,0.03510828,4.17900000,71.36273900,78874,-0.05495380,0.52728818,-69.15110142,0.04349897
2.69611900,1.69963800,173.96902400,Lactic_Acid--Tetrahydrofuran_(THF),0.07812735,3.46200000,102.36111100,79646,-0.03815536,0.38321050,-59.56305075,0.05387828
2.77769800,1.81325600,165.69489100,Aspartic_Acid--Ethyl_Acetate,0.04553707,3.16400000,131.32744600,76165,-0.03976723,0.47140338,-71.29721257,0.02073638
3.09170300,2.13844000,168.03878200,Fructose--Propylene_Carbonate,0.01170484,4.23500000,157.70794300,72952,-0.04497362,0.78662536,-113.70292566,0.02874498
2.67495800,1.69428600,169.13532400,"Trifluoroethanol--N,N-Dimethylacetamide_(DMAc)",0.07510623,5.07100000,99.15372600,77719,-0.04464633,0.54216999,-74.82260755,0.05356647
2.66688800,1.64952200,179.48165400,Acetic_Acid--2-Picoline,0.12077811,3.59700000,109.16805400,75855,-0.05113964,0.65869473,-75.46664913,0.06170207
3.05585700,2.05924500,168.90200700,Urea--Methyl_Acetate,0.01675183,6.15100000,82.86193600,79311,-0.05307239,0.75616681,-94.88337076,0.02076163
2.78078500,1.79725800,179.86772500,Benzoic_Acid--Methanol,0.04478537,1.93200000,107.17982200,78452,-0.06726240,0.62148566,-58.62194088,0.05144564
2.80153300,1.83442700,170.45614000,Ascorbic_Acid--Ethanol,0.04024234,7.37600000,127.19885800,74155,-0.04364452,0.51157759,-81.00015362,0.01782782
2.77251200,1.78710200,174.77227700,Glycine--Anisole,0.05332656,2.42000000,127.93743800,70075,-0.04213151,0.45092536,-70.46875175,0.03899771
2.97265300,1.96770400,172.60207500,N-Methylacetamide--Morpholine,0.02496270,7.54700000,111.86135200,76709,-0.04999495,0.77109224,-141.27591926,0.02422190
2.84068100,1.87811000,169.38488000,Catechol--Ethanol,0.03279244,2.71700000,109.96401400,75582,-0.04118208,0.46005417,-59.05795607,0.02552787
2.91336300,1.94425800,174.76809300,Resorcinol--Oxime,0.02617513,2.87700000,104.65378400,78378,-0.04868389,0.49765662,-56.54681616,0.01471495
3.07119800,2.05102500,179.59218400,Dimethylamine--2-Picoline,0.02402397,3.08000000,112.77165200,76746,-0.03664920,0.47934496,-87.98480266,0.01540857
2.78547700,1.80168000,176.61143200,Propanoic_Acid--Anisole,0.04752554,1.39400000,130.48450400,72634,-0.03712039,0.54191745,-93.07738301,0.03172841
2.73970000,1.75430600,171.41172900,Oxalic_Acid--Phenol,0.05894660,3.96600000,113.82920800,75987,-0.06385478,0.72634528,-83.39767235,0.03599243
3.12838200,2.12745200,169.05383700,Piperidine--Dimethyl_Ether,0.01217590,2.58400000,113.12353900,78572,-0.03037502,0.61901835,-148.03266119,0.00671953
3.36300000,2.95345500,105.00213300,Hydrazine--Methanol,0.04489324,3.23200000,44.74437200,85034,-0.04556509,0.44002762,-57.20658822,0.06617919
3.11623300,2.10525700,171.27738200,Propylamine--Isoquinoline,0.01941402,3.70700000,152.44975600,72502,-0.03546307,0.46708834,-81.22053875,0.01545170
2.85779900,1.90676100,164.97417400,Butan-2-ol--Acetone,0.03283818,3.52500000,97.71487400,74611,-0.04387958,0.50760293,-73.19054293,0.03251686
3.20133100,2.24228800,173.01606400,Butan-2-ol--Carbon_Dioxide,0.00598205,1.96200000,75.44126700,79559,-0.04598436,0.68142150,-114.36202782,0.00881728
2.83807700,1.85950700,177.95940300,Hydroquinone--Pyrazine,0.05073564,1.28700000,135.46214500,73852,-0.03594610,0.49487956,-81.42102960,0.02478537
3.03669000,2.05780100,162.65125800,Histidine--Tetrahydrofuran_(THF),0.01694328,6.20600000,151.35789800,75117,-0.04822695,0.77448974,-89.66896244,0.01305421
2.86963700,1.84877800,179.22338800,Formamide--Cyclohexanone,0.04423083,2.75100000,98.92263100,72333,-0.04393297,0.42708170,-51.79517392,0.02894533
2.75133600,1.76064800,178.24035500,Alanine--Acetic_Acid,0.05775209,2.44900000,89.95680800,75828,-0.04831696,0.52968073,-69.50149112,0.03331480
2.85189600,1.87530600,173.87593800,Salicylic_Acid--Ethyl_Acetate,0.03629317,4.47200000,148.24454500,70075,-0.04091447,0.48123696,-79.76238172,0.01493653
2.65334700,1.63069100,179.17083000,Threonine--2-Picoline,0.13045018,4.01800000,146.29732300,72116,-0.03517077,0.57705717,-136.19539131,0.02762461
2.75500300,1.76993300,172.09615800,Hydrogen_Peroxide--Isoquinoline,0.07265549,3.64300000,117.50426700,64745,-0.04509755,0.50889127,-56.63533740,0.02820638
3.06763700,2.08401200,164.12610200,Aniline--Ethylene_Carbonate,0.01498169,7.13700000,123.34525100,77701,-0.04625990,0.42873281,-46.93482484,0.00583647
2.56852600,1.55925200,168.23408600,Glutamic_Acid--Dimethyl_Sulfoxide_(DMSO),0.11996824,4.15600000,137.91004700,78668,-0.05970773,0.55400095,-49.05266306,0.08132522
3.01451000,2.00682800,177.58144500,Pyrrole--Cyclohexanone,0.01765770,6.58000000,125.83537100,76160,-0.03009414,0.41429773,-79.92629616,0.00906601
2.63123300,1.61333300,179.04972700,Serine--Acetamide,0.11028612,2.62800000,99.17186700,72371,-0.03377240,0.41654996,-81.06202616,0.07000767
2.81697100,1.83528400,177.28113700,Citric_Acid--Methyl_Acetate,0.04142936,2.94300000,145.00236800,76776,-0.03811254,0.58645608,-90.39268875,0.02130364
3.08405900,2.14937300,151.86356400,Butylamine--Cyclohexanone,0.01320591,2.34400000,132.19273200,77272,-0.02909723,0.44063126,-91.65222932,0.00777454
2.64113300,1.67957500,157.71369900,Oxalic_Acid--Ethanol,0.08976890,1.37900000,74.65363200,80099,-0.07842365,0.71687280,-63.27285256,0.12396596
3.03062600,2.03942500,163.68688000,"Ammonia--N,N-Dimethylacetamide_(DMAc)",0.01963532,3.89700000,76.39258800,75280,-0.04927485,0.53712013,-73.44639214,0.05120682
2.92051900,1.91112200,175.86631800,"N-Methylacetamide--N,N-Dimethylacetamide_(DMAc)",0.02802110,9.99600000,113.25527000,76047,-0.04533335,0.58449056,-98.66610087,0.02735564
2.62491500,1.62313500,177.08399300,Oxalic_Acid--Hexamethylphosphoramide_(HMPA),0.07761647,5.91000000,174.42324900,72527,-0.04743809,0.62232222,-76.67648335,0.05669255
2.88204000,1.91345400,172.73065200,Methanol--Pyrazine,0.04062483,2.37900000,80.34707100,75340,-0.04575353,0.48968168,-63.52020433,0.03951106
2.85243700,1.88627400,170.74845300,Catechol--Acetaldehyde,0.03521109,3.61100000,106.92131700,79075,-0.05594334,0.53834780,-56.99086937,0.03990529
2.99042000,2.14631100,138.72464200,Propylamine--Acetamide,0.05178160,2.84400000,88.13478000,74725,-0.03722815,0.39055880,-66.30853186,0.04238175
2.75084600,1.76619900,177.28995500,Aspartic_Acid--Vinyl_Acetate,0.04676283,3.32100000,130.60683800,75868,-0.03622277,0.43490289,-74.85491933,0.01815246
2.92384000,1.91808100,172.12834400,Adenine--Trioxane,0.02848081,7.73000000,125.25071600,77644,-0.04197124,0.66846029,-147.00310047,0.01409299
2.73397300,1.74101100,178.37240500,Butanoic_Acid--Diethyl_Ether,0.06533894,2.25200000,114.50230300,74464,-0.02764964,0.32311317,-68.80384731,0.03301183
2.87396200,1.88726100,162.02057300,Formamide--Morpholine,0.03892754,1.65000000,88.70280700,72910,-0.04910477,0.47316166,-53.90530166,0.03486771
2.81773200,1.84372400,175.16831600,Resorcinol--Ethanol,0.04173348,3.96200000,109.84439500,72617,-0.03845013,0.44158951,-72.12476971,0.02806891
3.12829600,2.12639200,167.93322700,Butylamine--Pyrimidine,0.01767095,2.74400000,119.68785600,76803,-0.03869091,0.50250912,-84.55646951,0.00638529
2.90179300,1.93898800,170.23341000,Catechol--Formaldehyde,0.02890474,2.21600000,95.57850400,85246,-0.08012923,0.69428369,-56.01239398,0.02271981
3.01299200,2.00757200,172.54486900,Urea--Ethyl_Acetate,0.02262081,6.35700000,94.40042900,71679,-0.05323759,0.50954259,-64.07652923,0.02951718
2.93959100,1.92797600,171.37508900,Cytosine--Anisole,0.03050405,2.76700000,156.38887300,75564,-0.04321427,0.56424381,-86.08235763,0.02635725
2.81611400,1.92331300,143.73233900,Barbituric_Acid--Phenol,0.02955627,1.44600000,142.44831100,81827,-0.05896572,0.68522002,-77.50397338,0.03572714
2.76285300,1.77310700,176.98045800,Oxalic_Acid--Ethyl_Acetate,0.05479058,2.45200000,99.50376000,79656,-0.04695943,0.53839748,-70.65665218,0.03772828
3.11504300,2.10345400,172.19698100,Hydrazine--Ethanol,0.01483500,1.51700000,56.16202900,80797,-0.04187562,0.47718559,-82.16254908,0.01530575
2.79001300,1.81749000,168.44705600,Cysteine--Ethyl_Acetate,0.04641049,3.58500000,132.95878100,79032,-0.05005833,0.71016945,-102.84207993,0.02845849
2.69963400,1.65481000,179.45017300,Thymine--Urea,0.09550550,6.33800000,115.66271800,79774,-0.05844420,0.60964491,-64.43916551,0.10839389
3.09650100,2.11681400,160.58045100,Dimethylamine--Pyrimidine,0.01874694,3.14100000,96.74094000,78053,-0.06150121,0.60129408,-63.42914589,0.02127607
3.13703900,2.18256100,155.47823600,"Pyrrolidine--1,4-Dioxane",0.01032899,1.53700000,112.56265700,75390,-0.04368643,0.48842108,-69.11101705,0.00806750
2.72219700,1.72164300,178.11173400,Benzoic_Acid--Pyrazine,0.09052257,1.78000000,144.30883200,83405,-0.08418932,0.75288837,-62.19347900,0.08246447
2.69645000,1.69753500,176.75291700,Threonine--Acetamide,0.07558866,4.52800000,110.65319500,76400,-0.03522072,0.47841802,-81.06994842,0.03566458
3.06547500,2.15154900,148.79284900,Piperidine--Acetophenone,0.01318844,2.76200000,171.98833800,67564,-0.02614259,0.25990669,-50.21609650,0.01715852
3.02927700,2.02291000,173.81077300,Aniline--Cyclohexanone,0.01887570,4.89100000,148.20061200,73214,-0.03514629,0.45410490,-64.28170341,0.00859964
2.88346300,1.86704200,173.20657000,N-Methylacetamide--Quinoline,0.05223917,7.46700000,153.92899700,69104,-0.04201844,0.41618842,-57.16929926,0.02950030
2.84891800,1.83788500,169.74190000,Thymine--18-Crown-6,0.04319624,3.13600000,248.85590500,69641,-0.03777752,0.38817211,-53.04893246,0.01777084
2.85894100,1.90338600,166.51819400,Propan-2-ol--Cyclohexanone,0.03344588,3.78600000,115.95025600,74225,-0.03017989,0.40652096,-103.23672705,0.00928341
2.65503600,1.64278800,169.64835800,Lactic_Acid--Quinoline,0.12619035,5.95600000,154.03454700,71395,-0.04368102,0.42399026,-47.50973588,0.04351841
2.80985300,1.78358700,178.45853000,Uracil--Gamma-Butyrolactone_(GBL),0.05513003,6.25900000,120.50522300,73061,-0.05153915,0.65494511,-92.52153003,0.03791458
2.46322400,1.40304800,163.00087000,Acetamide--Phosphate_Ion,0.19901781,7.28400000,81.50842200,80127,-0.08851911,1.59570662,-167.67317854,0.01670118
2.96613900,1.95680900,166.56540600,Hydroxylamine--2-Picoline,0.03579509,2.51600000,93.32888900,77551,-0.05678226,0.66313338,-85.92579476,0.03828164
2.83922700,1.86506400,171.75111100,Butanoic_Acid--Methyl_Acetate,0.03763309,3.57900000,104.27304000,74816,-0.03657244,0.71054418,-127.47959882,0.01988951
2.66435600,1.65314600,173.67174600,Threonine--Isoquinoline,0.11724637,4.33000000,174.87370800,70178,-0.03589185,0.51241572,-77.56782383,0.03627057
2.71270000,1.72897600,169.60824800,Chloroacetic_Acid--Pyruvic_Acid,0.06528711,2.01100000,95.35470600,78080,-0.07455099,0.76621302,-68.90040159,0.06746563
2.80847400,1.83510800,170.04504500,Fructose--Pyridine,0.05559060,4.79400000,163.21479700,68538,-0.03871132,0.48089046,-75.82833188,0.03487405
2.75991200,1.77553000,171.97982300,Salicylic_Acid--Dimethyl_Ether,0.05981693,1.68800000,123.74195300,71061,-0.04912494,0.79057631,-116.33002120,0.04346343
2.89057600,1.92586200,171.64886600,Phenol--Ethyl_Acetate,0.02834252,1.42200000,130.23689800,69153,-0.04434254,0.72561180,-119.11679097,0.02234941
2.79862700,1.78336600,169.88149700,Uracil--Benzophenone,0.05259787,8.09800000,211.20300500,66482,-0.03471768,0.48074382,-87.26032840,0.01361309
2.71138600,1.74028200,169.81609800,Trifluoroethanol--Urea,0.05355709,5.95200000,73.29812100,81489,-0.05189146,0.51239268,-64.83519514,0.04500539
2.75491000,1.76885900,179.41644000,Citric_Acid--Methanol,0.05055121,3.15500000,120.12598800,75809,-0.04272107,0.61138028,-98.55840557,0.03496574
2.78103000,1.79497400,178.41192000,Resorcinol--Quinoline,0.06618217,5.26500000,179.97250700,66739,-0.04015665,0.51740462,-84.54190977,0.02300842
2.85456600,1.88045900,175.72945500,Butan-1-ol--Quinoline,0.04591700,4.18400000,159.78835100,58051,-0.03363883,0.44659762,-61.53394893,0.01527341
2.82290200,1.85709000,169.20928100,Catechol--Tetrahydrofuran_(THF),0.04096409,1.80800000,128.25817400,71019,-0.04951825,0.48490419,-52.49112491,0.02265753
3.08260100,2.10259000,160.78344200,Hydrazine--Tetrahydrofuran_(THF),0.01496117,1.21300000,74.56857200,71925,-0.04280289,0.47858751,-70.65220506,0.01716841
3.04748500,2.05045400,166.22093900,Ethylamine--Sulfate_Ion,0.01622677,1.52300000,78.53596500,77543,-0.04571670,0.59617610,-77.45787999,0.01436262
2.79254200,1.82413400,156.91558600,Uracil--Propylene_Carbonate,0.04003397,4.83500000,125.59353700,69655,-0.04632734,0.60358065,-68.99504377,0.02946873
2.91443200,1.97282800,163.77102800,Butan-2-ol--Benzophenone,0.01946177,5.48600000,199.99765300,69818,-0.02955462,0.42210966,-67.63357716,0.01378436
2.84915400,1.83888700,171.87671100,Saccharin--Ethyl_Acetate,0.04189744,5.89700000,173.23369700,74531,-0.04927075,0.54561572,-59.78442615,0.03137952
2.96589500,2.08183800,143.61889900,Ammonia--Urea,0.04611861,2.73900000,50.42164700,80109,-0.05419100,0.62549523,-89.84965281,0.10289513
3.20195800,2.29131400,148.59114600,Ammonia--Valerolactone,0.00696914,3.38100000,66.83347600,79385,-0.04965350,0.65809235,-128.91699332,0.01743619
2.71760700,1.72253400,176.39310500,Serine--Diethyl_Ether,0.07063941,3.76200000,116.74332000,78529,-0.03141551,0.35794034,-71.29630003,0.02509329
2.94156000,2.00294800,162.46210700,Propan-1-ol--Formaldehyde,0.02197000,2.45900000,63.48664000,75399,-0.03510427,0.47508071,-100.19500932,0.02100189
2.90874500,1.94902700,168.83131100,Phenol--Formaldehyde,0.02750064,3.79500000,91.03842700,75849,-0.04099072,0.46515039,-75.47723603,0.01669987
2.70548000,1.71916100,167.15716700,Alanine--Pyrimidine,0.08971500,3.29800000,114.09642900,76185,-0.05197190,0.53364355,-70.84706389,0.05612253
2.67644900,1.66358900,179.28285800,Salicylic_Acid--2-Picoline,0.11363442,1.52900000,164.91640100,77706,-0.03996482,0.47944259,-62.30482383,0.04417863
2.65994700,1.66518000,172.96515800,"Glutamic_Acid--N,N-Dimethylacetamide_(DMAc)",0.07810391,4.71100000,147.26138800,75623,-0.04689997,0.47296121,-72.04236982,0.06711143
2.65475700,1.60496800,169.44835600,Saccharin--Quinoline,0.14522971,1.36000000,218.33003800,70779,-0.06873201,1.30256084,-201.73875241,0.01366601
2.72377400,1.73079700,174.35104900,Formic_Acid--Morpholine,0.06775196,3.28400000,84.37612900,77155,-0.04528955,0.45502892,-54.34798173,0.04639005
3.12026400,2.10860600,173.01707300,Ethylamine--Propan-2-ol,0.01157698,2.60700000,82.14569300,74879,-0.02632181,0.37832538,-93.76802847,0.00884186
3.00970200,2.00219900,174.18542300,Aniline--Hexamethylphosphoramide_(HMPA),0.01732115,5.06000000,209.86180400,71815,-0.03719336,0.44127045,-61.29608156,0.02625352
2.65509300,1.66076900,179.01566500,Cysteine--Hexamethylphosphoramide_(HMPA),0.06463086,3.88300000,207.96057800,75896,-0.03344254,0.44209605,-65.19671427,0.03122271
2.76618700,1.78288700,170.59621500,Cysteine--Formaldehyde,0.05823999,1.60800000,93.70527600,82158,-0.05558850,0.83207872,-94.99720309,0.04668894
2.80215200,1.83007500,169.68867200,Catechol--Isoquinoline,0.05566493,4.08900000,180.08207900,81483,-0.07748017,0.80846249,-71.28811714,0.05232971
2.84901800,1.88090200,174.06124700,Ethylene_Glycol--Morpholine,0.03444428,5.61700000,98.92904400,80360,-0.05469791,0.84008110,-124.79704763,0.02477887
2.82041500,1.84371500,172.25408000,Propanoic_Acid--Oxime,0.03910192,1.59300000,74.06032400,81157,-0.04121190,0.46757369,-73.42478886,0.04184867
3.02333800,2.05927700,156.79024400,Pyrrolidine--N-Methyl-2-pyrrolidone_(NMP),0.01743495,3.89100000,125.00703400,74446,-0.03836610,0.41757793,-61.25591786,0.00959423
3.19389000,2.21242100,161.68565800,Dimethylamine--Benzaldehyde,0.00885867,4.84700000,119.20590100,79947,-0.03798195,0.40931084,-60.49125665,0.00267964
2.94067800,1.93447200,171.88931400,Acetamide--Diethyl_Ether,0.02722615,3.70700000,95.61988800,74531,-0.03632331,0.38050329,-63.34278057,0.02089885
2.83737800,1.81265800,172.44036800,Cytosine--Pyrimidine,0.06382293,3.84300000,130.81931500,78426,-0.06872015,0.73174096,-91.43627990,0.06752572
2.76501400,1.79051900,172.36074100,"Ethylene_Glycol--N,N-Dimethylacetamide_(DMAc)",0.05183743,7.07100000,100.28702200,72453,-0.04239342,0.66712695,-97.99544568,0.04381218
2.98537900,2.01199500,160.38075700,Aniline--Acetophenone,0.02268831,4.02400000,169.35643200,64633,-0.03761957,0.43360234,-80.49163793,0.01733273
2.86075600,1.90139500,166.06719500,Glucose--Pyruvic_Acid,0.03477346,3.93600000,146.48130800,71599,-0.03826774,0.40300410,-62.17270946,0.02614553
3.00869800,2.01115000,168.87728200,N-Methylformamide--Trioxane,0.02011127,4.84100000,84.32298000,78044,-0.04612301,0.58608504,-79.70967272,0.01459488
2.71051800,1.75728000,160.32049000,Formic_Acid--Propylene_Carbonate,0.05097325,4.44700000,81.33249000,77024,-0.05605518,0.65193348,-73.43895217,0.05384107
2.72695500,1.69810000,170.72946100,Uracil--Acetic_Acid,0.08310934,4.17600000,102.30902600,74346,-0.06584259,0.61777070,-54.20577205,0.12074151
2.67926400,1.73289100,156.77477000,Citric_Acid--Ethanol,0.07105698,0.58600000,131.73882100,75237,-0.03710528,1.00861178,-193.16553784,0.03302694
3.03435400,2.12129500,156.81327600,Diethanolamine--Methyl_Acetate,0.01259379,2.17900000,116.87446200,78761,-0.04749660,0.58620008,-86.49656488,0.02231521
2.89626400,1.93528600,170.48376800,"Diethanolamine--1,4-Dioxane",0.02523755,3.28900000,127.00569500,75258,-0.05215211,0.55148506,-67.70131726,0.02568167
2.68692500,1.74168600,156.53308300,Glutamic_Acid--Propan-2-ol,0.06934728,2.47100000,129.44961700,80478,-0.04359532,0.43168468,-57.83929512,0.06089469
2.99576400,1.99128000,173.68127600,Tryptophan--Trioxane,0.02083902,5.64700000,189.39174800,70720,-0.04365051,0.50728425,-66.41645485,0.01133377
2.85965700,1.89088900,174.22923600,Resorcinol--Benzophenone,0.02660659,6.53100000,220.42913200,68865,-0.03035905,0.58744640,-128.78031466,0.00889283
3.01937600,2.04828700,159.04417200,Cytosine--Ethylene_Carbonate,0.01887835,4.07900000,118.47087300,76281,-0.04732571,0.42294503,-43.15094373,0.01550999
2.64633400,1.66073200,168.56961500,"Propanoic_Acid--N,N-Dimethylacetamide_(DMAc)",0.07518013,3.02500000,108.70491000,77835,-0.04337315,0.67813314,-134.22542990,0.05280239
2.70255000,1.69681900,177.02501500,Citric_Acid--Pyrazine,0.10052073,2.64200000,157.24841900,73005,-0.03343881,0.32875410,-49.46861485,0.03222034
2.85533700,1.96964800,143.49218100,Cytosine--Benzophenone,0.02790368,2.67400000,215.73489200,73893,-0.03354169,0.43888705,-64.42217477,0.01637510
3.11517200,2.18689700,151.29915800,Ammonia--Morpholine,0.00940303,4.52100000,75.08843800,76267,-0.04351612,0.50880011,-83.17898026,0.00744494
2.79415900,1.82232100,168.68499000,Alanine--Phenol,0.04316830,2.91300000,127.65440600,71664,-0.04991570,0.58132477,-102.86174207,0.03850451
2.94059600,1.92579800,179.57094300,Indole--Pyrimidine,0.04043779,4.47400000,153.21514600,76979,-0.08734679,0.70435334,-46.66916964,0.04517481
2.70397600,1.74714300,161.56356300,Serine--Valerolactone,0.05443541,2.13700000,113.09642500,75859,-0.04044582,0.46836802,-62.40869052,0.01940611
2.77898900,1.80244800,169.48691800,Formic_Acid--Phenol,0.04704279,3.51800000,95.61748900,78390,-0.07620873,0.85010382,-86.61354831,0.05436100
2.69258000,1.70395800,179.70384200,Butanoic_Acid--Hexamethylphosphoramide_(HMPA),0.05360305,4.13700000,190.87441500,69996,-0.03201529,0.55189070,-90.31961441,0.01899700
2.84006400,1.86963200,176.92664600,Benzyl_Alcohol--Propan-1-ol,0.03742810,3.62100000,128.92612400,77960,-0.03656341,0.46202630,-113.70096795,0.01753533
2.81786900,1.84374800,171.49743700,Glucose--Dimethyl_Ether,0.04399477,5.16500000,131.88054300,76358,-0.03835906,0.43413298,-59.31975760,0.03627552
2.97700800,2.05572000,158.81191900,Methanol--Pyruvic_Acid,0.01387897,3.59200000,69.81681800,87785,-0.04467678,0.48067361,-70.42198669,0.00902365
2.80501300,1.83525500,171.03408400,"Propan-1-ol--N,N-Dimethylacetamide_(DMAc)",0.04302991,5.86700000,107.25728300,75963,-0.03005952,0.43785695,-95.57648999,0.02884432
2.74118100,1.86576200,148.35874100,Trifluoroethanol--Sulfate_Ion,0.14098190,2.06300000,77.91550400,82252,-0.09166947,0.90492248,-72.08826854,0.30546778
2.54312400,1.60684000,156.43777600,Sulfuric_Acid--Acetone,0.09327303,3.63100000,86.60134000,78631,-0.07713302,1.27263211,-150.06168911,0.13608001
2.69369400,1.70595100,168.35212400,Formic_Acid--Acetophenone,0.07567465,6.74500000,115.82374400,78810,-0.05217275,0.58801058,-70.11401642,0.06496992
2.91809400,1.95543700,171.14797100,Resorcinol--Methyl_Acetate,0.02482212,2.75800000,123.19517800,73020,-0.04485708,0.81605885,-138.94512003,0.01615909
2.77790000,1.79701700,172.56430500,Chloroacetic_Acid--Oxime,0.04736349,2.39100000,75.02581200,81538,-0.07449045,0.80757209,-67.45328123,0.05465025
2.97492800,1.96803300,177.52437100,Tryptophan--Sulfate_Ion,0.02081828,4.48800000,185.58312100,64987,-0.05532676,0.76888743,-114.76382105,0.01803246
2.63377100,1.60286400,179.19877300,Lactic_Acid--2-Picoline,0.14560434,6.17300000,125.51766800,76809,-0.03802810,0.39138257,-52.64506204,0.05994043
2.81662200,1.84070400,176.37448000,Catechol--Diethyl_Ether,0.04227629,2.32500000,133.46908400,71107,-0.04561108,0.60583483,-92.81378593,0.02937575
2.90159400,2.00873800,150.80411100,Formic_Acid--Carbon_Dioxide,0.01942118,1.75900000,42.48186000,96125,-0.11749586,0.94376548,-57.99307139,0.08167398
3.07285100,2.08738800,161.57598900,Pyrrolidine--Pyridine,0.02147375,3.55000000,119.26349900,73361,-0.04561685,0.57879356,-82.69673809,0.01663960
3.00865200,2.04381300,158.89890900,Aniline--Propan-1-ol,0.01873210,3.58800000,121.64383400,79809,-0.03258886,0.39678772,-65.91808004,0.01107206
2.57590300,1.57215100,166.43916700,Glycine--Dimethyl_Sulfoxide_(DMSO),0.11481524,3.95400000,96.81393900,75392,-0.06415969,1.67570969,-221.02243504,0.10963256
2.76434800,1.73879900,177.17255400,Acetamide--Dimethyl_Sulfoxide_(DMSO),0.06278382,0.37800000,91.86820500,76379,-0.05443406,0.56762861,-56.14411397,0.06354373
2.86211400,1.84018000,175.07224000,Cytosine--Acetic_Acid,0.04435966,1.60400000,106.63104200,74078,-0.04729585,0.60037344,-113.68111486,0.03641888
3.25437000,2.29618400,156.73797600,Ethylamine--Vinyl_Acetate,0.00523165,3.91400000,94.78792800,71375,-0.02788703,0.31723891,-59.89332246,0.00285499
2.79605700,1.76355100,173.73039900,Cytosine--Pyridine,0.07804287,3.41300000,135.30913000,78753,-0.07128945,0.65970377,-51.42267089,0.08813287
2.95103500,1.95300600,167.70181400,Pyrrolidone--18-Crown-6,0.02922961,7.58500000,226.96245600,74755,-0.03569710,0.49700637,-84.21592185,0.01913151
