Complex,reference_snci,f1_com_distance,f2_dha_angle,f3_max_inter_wbo,f4_total_dipole_moment,f5_iso_polarizability,f6_nci_attractive_points,f7_nci_mean,f8_nci_std_dev,f9_nci_skewness
N-Methylformamide--2-Picoline,0.03930744,2.852603,177.080102,0.06166352,7.302,114.189577,72044,-0.04292097,0.54797719,-71.4955025
Diethanolamine--Cyclohexanone,0.02840361,2.926832,172.760735,0.02649198,5.352,141.76502,74816,-0.04569992,0.49570734,-70.56320753
Alanine--Formaldehyde,0.05357244,2.784785,171.228049,0.05392726,1.813,74.053325,78197,-0.05435067,0.57108228,-63.87992083
Tryptophan--Benzaldehyde,0.0126868,2.977485,178.280201,0.02424589,8.884,225.720909,65955,-0.03640503,0.50197447,-76.74038456
Uracil--Vinyl_Acetate,0.02776349,2.818355,177.055355,0.05328871,6.168,124.813037,72145,-0.04119427,0.49245404,-77.90563744
Histidine--Urea,0.05500223,2.82613,162.45402,0.04936387,4.739,136.366737,78159,-0.0456115,0.69255539,-104.8926927
Ethylamine--2-Picoline,0.01527299,3.106818,169.676883,0.02047358,3.054,112.314056,71620,-0.03344055,0.38296147,-63.48441524
Pyrrolidine--Valerolactone,0.0110606,3.33926,125.782503,0.01070618,3.694,108.806588,76926,-0.04292183,0.45743694,-58.16498518
Pyrrolidine--Pyrimidine,0.01392786,3.102195,157.36643,0.01735546,3.251,114.720796,70741,-0.04478297,0.50370472,-69.36422657
Formic_Acid--Pyruvic_Acid,0.04299415,2.763963,176.418342,0.05593508,2.256,71.500243,74004,-0.05280607,0.61938422,-69.76528652
Butanoic_Acid--Gamma-Butyrolactone_(GBL),0.02125136,2.726216,168.253195,0.05376648,3.192,110.81605,74419,-0.03357601,0.36145631,-55.86897757
Butan-2-ol--Pyrazine,0.01925139,2.916429,175.755299,0.03444804,2.12,115.084217,73574,-0.04572732,0.47675413,-58.58262549
Cysteine--Anisole,0.03209406,2.752685,161.372328,0.05363736,1.094,159.264424,74812,-0.04501418,0.52593919,-58.58862072
Serine--Carbon_Dioxide,0.02198215,2.90913,151.156757,0.01875558,2.871,79.287219,83367,-0.05089953,0.5506561,-66.2516319
Butan-2-ol--Butan-2-one_(MEK),0.02871988,2.853087,168.991707,0.03467502,3.482,109.382655,75764,-0.03304932,0.42135262,-89.73683585
Formic_Acid--Acetic_Acid,0.19305841,2.642978,172.742248,0.0983718,1.311,58.024811,77008,-0.06611876,0.85241212,-129.18320059
Hydroxylamine--Oxime,0.0341347,3.278351,115.338793,0.03115751,0.753,46.58817,82191,-0.04632158,0.66347754,-106.72650338
Barbituric_Acid--Morpholine,0.03951162,2.776723,175.525421,0.06593392,3.24,131.135973,77318,-0.05673929,0.64261063,-67.14044345
N-Methylformamide--Carbon_Dioxide,0.00587271,3.23776,178.277298,0.00700348,4.796,58.588137,84217,-0.039632,0.49620614,-82.43594038
Lactic_Acid--Diethyl_Carbonate,0.02585893,2.799023,160.992407,0.04087406,3.177,125.585626,78277,-0.04051118,0.76118667,-147.98562635
Imidazole--Butan-2-one_(MEK),0.01928765,2.981953,179.760251,0.02059188,8.194,102.75852,78599,-0.03352689,0.43838181,-72.57822264
Propan-2-ol--Methyl_Acetate,0.01127236,2.978088,171.461808,0.01869308,2.232,91.079594,76613,-0.04290737,0.45612944,-70.82322579
Thymine--Pyruvic_Acid,0.0377801,2.858288,133.726483,0.06027683,4.193,127.300377,74419,-0.04809736,0.84489119,-159.83891992
Catechol--Acetophenone,0.03387397,2.778777,169.485478,0.04871363,4.146,169.285598,81525,-0.05200236,0.60185036,-96.24004091
Butan-2-ol--Acetic_Acid,0.02638785,2.883571,163.555527,0.02797392,2.325,90.894037,75691,-0.04585796,0.46209611,-70.949917
Glucose--Hexamethylphosphoramide_(HMPA),0.02680166,2.891122,172.216544,0.02676265,5.524,231.288768,72920,-0.03563939,0.40591338,-64.03133692
Propan-1-ol--Methanol,0.02680216,2.877516,176.6315,0.03277855,2.789,66.312852,75457,-0.03165595,0.3524145,-64.89623393
Dimethylamine--N-Methyl-2-pyrrolidone_(NMP),0.01320188,3.213892,135.802767,0.00663644,3.454,106.964558,71814,-0.04233124,0.47077088,-94.84548729
Ethylene_Glycol--Propan-1-ol,0.03103803,2.82592,173.278691,0.04019516,4.359,82.580663,79023,-0.05439557,0.74416051,-128.4789779
Barbituric_Acid--Acetaldehyde,0.04832643,2.816374,166.886331,0.05682643,3.993,100.11083,76868,-0.06840089,0.7831891,-73.04581641
Glutamic_Acid--18-Crown-6,0.03599453,2.720523,168.159372,0.06656222,3.704,254.433948,68919,-0.03953233,0.41692678,-65.828248
Threonine--Acetaldehyde,0.02936403,2.738661,173.079544,0.06578582,2.342,101.707992,75312,-0.03492454,0.34482189,-54.62978736
Butan-2-ol--18-Crown-6,0.01739796,2.925968,169.250194,0.02392394,4.866,226.099063,71208,-0.03562871,0.45551201,-80.84518008
Catechol--Acetamide,0.06170051,2.704285,159.836524,0.06117431,3.773,115.807721,85525,-0.05032984,0.54340816,-71.37869363
Ethylamine--Dimethyl_Ether,0.00990553,3.173416,166.346731,0.00921965,2.786,71.134009,73428,-0.03149711,0.33750798,-70.89476783
Serine--Propan-1-ol,0.01825861,2.732639,173.246828,0.06393504,3.582,104.877604,77153,-0.02965805,0.29199874,-48.25504782
Hydrogen_Peroxide--Methyl_Acetate,0.0234745,2.883058,168.194809,0.0275173,1.84,60.772494,77885,-0.0499551,0.72806574,-128.2665669
"Salicylic_Acid--1,4-Dioxane",0.02417903,2.774504,177.080075,0.05273622,2.293,146.794734,74695,-0.03810843,0.458123,-65.08776883
Acetamide--Benzophenone,0.00671364,2.898914,172.854384,0.03308079,3.061,182.543178,61921,-0.03346091,0.6074191,-77.58534507
N-Methylformamide--Formaldehyde,0.01237533,3.108239,176.693189,0.01258461,7.051,58.212835,79270,-0.03741647,0.65663445,-169.77991756
Glucose--Acetophenone,0.02459503,2.763679,167.452636,0.05025857,2.964,190.8931,66123,-0.03646456,0.34020656,-52.60780187
Hydrazine--Cyclohexanone,0.01380447,3.180365,144.437816,0.00618927,2.55,94.34941,77333,-0.04438331,0.52419215,-78.95990872
Chloroacetic_Acid--Hexamethylphosphoramide_(HMPA),0.0581979,2.645671,177.888469,0.07345675,5.905,180.053129,75011,-0.04376904,0.54439962,-67.94047293
Butylamine--Butan-2-one_(MEK),0.01326484,3.082175,150.328229,0.01271759,2.178,113.977205,76631,-0.02748537,0.47156846,-98.11918638
Propylamine--Anisole,0.01611213,3.17771,164.804286,0.00888587,1.364,133.507718,74694,-0.03550463,0.36014978,-52.00605176
Catechol--Dimethyl_Sulfoxide_(DMSO),0.03646587,2.725953,165.104973,0.05075759,4.295,129.813937,79583,-0.04889057,0.46862381,-43.00380398
Glycine--Benzaldehyde,0.02984001,2.721819,173.835635,0.07103111,4.825,124.790075,73407,-0.04048479,0.45239506,-61.78732194
Ethylene_Glycol--Acetaldehyde,0.03317389,2.868686,173.630293,0.03318995,5.192,67.908577,76560,-0.05956468,0.63730398,-88.02984183
Imidazole--Pyrazine,0.0603291,2.90531,179.881215,0.0475988,5.088,108.486082,84091,-0.07375395,0.66382929,-54.84002705
"Oxalic_Acid--N,N-Dimethylformamide_(DMF)",0.06038587,2.622984,174.672355,0.11493521,5.794,92.535357,77465,-0.07452404,0.90200037,-92.76631291
Propan-2-ol--Acetic_Acid,0.02066541,2.87554,167.701425,0.03002163,2.401,79.248605,78528,-0.03498202,0.42470994,-72.8274814
Formic_Acid--Methyl_Acetate,0.06238701,2.819398,174.063818,0.04279602,2.914,69.722691,76164,-0.06646623,0.69851103,-73.94891331
Citric_Acid--Propan-2-ol,0.03031328,2.701559,175.553448,0.07528783,2.29,143.135935,77688,-0.03341671,0.35398775,-55.21322573
Adenine--Vinyl_Acetate,0.02928614,2.887669,174.750863,0.03401146,9.029,137.614012,78323,-0.05269767,0.5090726,-47.30308724
Methanol--Diethyl_Carbonate,0.01163013,2.957794,167.991315,0.02008334,2.131,96.186148,80524,-0.03591142,0.39822716,-78.93605149
Dimethylamine--Carbon_Dioxide,0.00368838,3.417092,168.388035,0.00303049,1.255,57.054012,89201,-0.05176577,0.70774425,-114.38503602
Butanoic_Acid--Quinoline,0.03149968,2.66842,177.676147,0.11756806,3.787,160.999524,62789,-0.03515196,0.45046383,-65.4300214
Hydroquinone--Propan-1-ol,0.01484273,2.808384,173.591843,0.04228001,2.983,121.432517,74232,-0.03254943,0.36195764,-58.5918938
Serine--Hexamethylphosphoramide_(HMPA),0.02173462,2.676839,177.016532,0.06224044,4.784,193.058878,72543,-0.03173179,0.36748172,-55.65702296
Serine--Anisole,0.02127091,2.787304,168.605765,0.0456623,4.279,144.406406,69263,-0.03282777,0.33920513,-53.03950513
Hydrogen_Peroxide--Acetophenone,0.03088311,2.782454,174.33526,0.05126535,4.145,106.803097,67176,-0.03930254,0.44212046,-72.15305797
Hydrogen_Peroxide--Butan-2-one_(MEK),0.02183191,2.853754,175.867728,0.02802336,4.131,67.398881,77974,-0.03935961,0.5297071,-88.27621829
Catechol--Pyrazine,0.03716859,2.840568,168.060469,0.04607095,1.374,135.599788,82338,-0.0782576,0.77965398,-72.66828327
Formamide--Pyrazine,0.13142553,2.85912,169.042892,0.05609909,4.113,86.371866,84844,-0.09696777,0.82232149,-62.93733911
Butylamine--Vinyl_Acetate,0.01096889,3.115256,146.582134,0.01104192,0.987,118.083898,76082,-0.02843403,0.47367842,-80.58797646
Ammonia--Methyl_Acetate,0.00919253,3.296979,124.647043,0.0076632,3.821,60.335653,80696,-0.04017939,0.42935683,-63.81285659
Glycine--Quinoline,0.06358304,2.676658,169.728115,0.1123566,4.777,146.806709,71242,-0.05294523,0.5057604,-51.61522686
Butan-1-ol--Methyl_Acetate,0.00886928,2.950975,163.348762,0.01882684,0.708,102.977595,75121,-0.03325449,0.41996635,-73.46121999
Tryptophan--Propan-1-ol,0.01241621,2.936636,163.88848,0.02635982,6.185,189.294091,65142,-0.04072019,0.46990626,-65.85877418
N-Methylformamide--Acetaldehyde,0.01477696,2.988367,165.297356,0.02372024,6.798,69.554088,78201,-0.03726592,0.39686367,-57.76871491
Acetamide--Anisole,0.02935936,3.00049,173.900145,0.02313976,5.01,123.218614,73261,-0.05776934,0.80858299,-106.23494559
Tryptophan--Pyruvic_Acid,0.01273528,3.031938,178.299177,0.01712141,6.334,192.716042,65425,-0.04060704,0.45955534,-61.3879658
Ethylene_Glycol--Ethylene_Carbonate,0.00677171,2.966028,147.254602,0.01300284,4.427,84.274508,78189,-0.06625096,0.87379515,-135.4226371
Aspartic_Acid--Oxime,0.04734815,2.732233,152.534086,0.0466031,1.741,101.325732,75398,-0.04557367,0.48751,-62.45000701
Tryptophan--Propylene_Carbonate,0.00743404,2.977845,166.593938,0.02278212,9.47,202.497064,64152,-0.03842288,0.56750325,-82.94889564
Butanoic_Acid--Benzaldehyde,0.01472712,2.731714,174.257362,0.06728181,3.079,138.993315,58217,-0.02941725,0.51965113,-101.35721269
Cytosine--Methanol,0.05065792,2.919334,173.249485,0.02954028,2.456,93.622889,79045,-0.05745238,0.52223396,-50.27240085
Hydrazine--Ethyl_Acetate,0.01000221,3.168084,156.61907,0.01332137,4.437,81.047989,74275,-0.04013911,0.55821388,-95.5545862
Indole--Morpholine,0.01366067,2.956916,168.327466,0.02423869,5.734,155.572381,74770,-0.03769389,0.45565967,-70.48176629
Propylamine--Sulfate_Ion,0.47730883,2.862929,153.955494,0.11427535,2.374,89.779038,75341,-0.09077277,0.9293446,-90.72017924
Uracil--Methyl_Acetate,0.0188338,2.924739,169.494957,0.03226394,4.359,114.04986,75130,-0.05099493,0.51415795,-63.49161193
Acetic_Acid--Propan-2-ol,0.1064695,2.685526,156.756498,0.06925574,1.357,79.172733,78885,-0.06082528,0.66388646,-71.99869878
Hydrogen_Peroxide--Phenol,0.02296072,2.802555,142.858346,0.02717423,1.599,86.716491,78390,-0.04344138,0.50032701,-75.72054031
N-Methylformamide--Vinyl_Acetate,0.02139497,2.93822,155.003161,0.02456312,5.679,96.672054,72564,-0.03797231,0.4421862,-69.27695386
Histidine--Dimethyl_Sulfoxide_(DMSO),0.03443133,2.892735,161.401531,0.02914949,7.218,152.867894,75615,-0.05908496,0.78572115,-86.31922452
Oxalic_Acid--Pyridine,0.04371499,2.631699,171.780446,0.14036761,4.195,104.692167,76728,-0.0660095,0.71736403,-65.54371064
Hydrogen_Peroxide--Ethylene_Carbonate,0.01572962,2.951093,154.513909,0.01684081,5.793,60.832255,85950,-0.07109761,0.91558732,-131.03076879
"Uracil--N,N-Dimethylacetamide_(DMAc)",0.04840166,2.733542,176.203179,0.07007032,6.994,130.024422,71538,-0.05274371,0.63063885,-85.34348705
Ethylamine--Pyruvic_Acid,0.02285374,3.402065,125.987047,0.02427749,4.189,85.568525,75806,-0.04677752,0.49662217,-74.55931032
Pyrrolidine--Methanol,0.00571891,3.176378,167.400076,0.0084863,2.114,77.514459,76690,-0.03831592,0.45553916,-77.04568092
Ammonia--Anisole,0.02228549,3.176207,157.844093,0.00781177,1.32,98.228287,75975,-0.04006588,0.54118957,-85.09655225
Glucose--Diethyl_Ether,0.02901284,2.841831,168.700258,0.03826061,5.483,155.010857,74742,-0.04215315,0.73445432,-125.42432332
Pyrrolidine--Diethyl_Ether,0.01277787,3.100975,163.365288,0.01325748,2.871,112.728351,72297,-0.0418796,0.48815335,-68.56613854
Imidazole--Tetrahydrofuran_(THF),0.01480818,2.943014,179.903212,0.02787583,6.696,101.239185,77701,-0.03823152,0.47610828,-78.60776041
Adenine--Benzophenone,0.0152981,2.867393,179.23697,0.03220585,11.114,223.97618,70593,-0.03385549,0.43772901,-62.95124956
Uracil--Anisole,0.03259396,2.884782,172.25971,0.03770398,5.362,151.910489,72355,-0.05277477,0.5346813,-55.36655519
Adenine--Ethyl_Acetate,0.02079681,2.947743,173.687452,0.02789237,4.596,138.387919,74219,-0.05498306,0.50322799,-43.74957633
"Hydrazine--N,N-Dimethylformamide_(DMF)",0.029963,3.028676,161.114819,0.01910561,3.801,74.256053,79857,-0.04562884,0.58815977,-117.57339799
Glucose--Acetamide,0.02736678,2.766057,170.936799,0.05286815,4.023,137.331649,78171,-0.04755479,0.8889081,-147.5606288
Formamide--18-Crown-6,0.02561017,2.899247,161.20306,0.03504369,4.233,197.359462,75690,-0.04375873,0.43922373,-59.17875343
Urea--Vinyl_Acetate,0.04428588,2.902854,165.402056,0.03197994,2.394,93.630888,69806,-0.0480062,0.58650935,-89.29237008
Benzoic_Acid--Acetic_Acid,0.04575506,2.743079,177.083744,0.05901781,0.925,120.221557,73980,-0.05491998,0.64314202,-88.43129516
Saccharin--Acetaldehyde,0.04665348,2.801665,151.624906,0.0448211,3.372,145.344295,75204,-0.06844211,0.81416164,-91.79293529
Butanoic_Acid--Carbon_Dioxide,0.02134828,2.921746,151.603765,0.01770703,1.939,76.997991,83165,-0.04684651,0.62497485,-94.11636631
Pyrrole--Tetrahydrofuran_(THF),0.01532673,2.989344,179.998644,0.02308987,4.907,106.045568,79007,-0.03473448,0.547172,-95.90065767
Chloroacetic_Acid--Methanol,0.0908558,2.722927,177.468047,0.06397046,3.252,68.704393,80889,-0.0714129,0.70811893,-54.78284948
Benzoic_Acid--Valerolactone,0.02062047,2.743126,176.899842,0.05774511,3.147,138.557257,73062,-0.05170862,0.59970272,-75.27264382
Pyrrolidone--Isoquinoline,0.03127124,2.833793,169.200281,0.06079943,4.271,160.443717,72273,-0.0427162,0.43720061,-52.03027143
Propanoic_Acid--Morpholine,0.02734083,2.755097,175.93423,0.05472897,2.79,107.314759,76839,-0.03601957,0.39448704,-59.35358197
"Benzyl_Alcohol--N,N-Dimethylformamide_(DMF)",0.01151622,2.882277,164.890849,0.02267543,7.072,135.439694,76773,-0.03526646,0.50802941,-90.3609201
Imidazole--Formaldehyde,0.01913827,3.079067,179.683117,0.01368595,6.774,68.487426,86449,-0.06668515,0.68714404,-66.50739927
Methanol--Anisole,0.02136554,2.910638,166.095095,0.02357038,3.036,105.884759,71642,-0.03659389,0.44108496,-69.1925288
Butanoic_Acid--Isoquinoline,0.02426746,2.681389,178.049673,0.11083113,3.497,161.038296,57507,-0.03090919,0.33042371,-54.31631019
Glycine--Pyruvic_Acid,0.03396647,2.777988,176.551609,0.05198901,2.667,91.857464,72618,-0.04688995,0.53114303,-83.18989288
Methylamine--Acetophenone,0.01744136,3.119128,168.277511,0.0141104,3.99,118.510997,71688,-0.03628116,0.42082084,-62.47166042
Hydroxylamine--Dimethyl_Sulfoxide_(DMSO),0.01592246,3.008334,169.196844,0.018513,5.066,71.651171,83600,-0.03515,0.60578032,-139.11736564
Formamide--Carbon_Dioxide,0.06061291,3.040654,137.327087,0.01318545,4.325,46.761214,88909,-0.1066374,1.06292654,-86.82544353
N-Methylformamide--Valerolactone,0.01730729,2.967892,168.780106,0.02698801,7.895,92.373911,75556,-0.04355936,0.4570518,-67.39317632
Methylamine--Carbon_Dioxide,0.00335626,3.442841,167.265074,0.00262727,1.524,45.070139,88889,-0.04752634,0.47455945,-53.9363613
Phenol--Tetrahydrofuran_(THF),0.01676278,2.820956,175.04323,0.04056292,4.042,123.768049,73163,-0.03259079,0.4639622,-107.24021415
Ethanol--Methanol,0.04410725,2.885286,174.590557,0.03142694,2.876,54.665853,78884,-0.05549448,0.55331458,-71.73097961
Propanoic_Acid--Propan-2-ol,0.04004322,2.729981,176.521952,0.06547814,1.685,90.80418,80581,-0.0325363,0.35841723,-66.57764331
Formamide--Valerolactone,0.04880773,2.867549,170.926401,0.03940545,1.268,80.548606,70730,-0.04940103,0.56019091,-87.32421074
Pyrrole--Acetaldehyde,0.01457925,3.050808,179.240318,0.01615222,5.999,84.637891,82557,-0.03863427,0.51605344,-89.84070462
Butylamine--Acetic_Acid,0.00622694,3.139996,164.029153,0.0104178,2.672,95.523788,78614,-0.03692039,0.63158894,-122.2055854
Acetamide--Gamma-Butyrolactone_(GBL),0.03050778,2.886609,157.166943,0.02679803,1.549,91.848917,75554,-0.05916157,0.61465031,-70.8048238
Acetamide--Acetophenone,0.04228695,2.881166,178.571143,0.04131692,2.828,131.382271,68490,-0.05017345,0.46642581,-48.29208473
Ammonia--Acetone,0.02694499,3.090094,155.099791,0.01341709,1.945,55.30642,74534,-0.04038469,0.60385659,-116.74410908
Piperidine--Tetrahydrofuran_(THF),0.00508675,3.126759,171.03685,0.01281875,3.095,131.072429,77191,-0.02839596,0.37300166,-73.82239861
Histidine--Pyridine,0.02677778,2.861692,173.189856,0.05494284,6.038,163.120432,72012,-0.04063638,0.46496193,-71.57399411
Ethanol--Propylene_Carbonate,0.01490133,2.972184,161.782023,0.01597217,8.419,91.137275,77350,-0.05529066,0.52518851,-55.19647867
Glycerol--Trioxane,0.01871498,2.903676,167.329742,0.02668165,2.797,98.906269,80074,-0.04192092,0.6064431,-92.98231678
Propanoic_Acid--Phenol,0.02204829,2.803391,168.772058,0.0410451,2.815,118.517245,72494,-0.04179628,0.73439959,-167.44742346
Lactic_Acid--Pyrimidine,0.07470224,2.69249,176.181265,0.1057843,3.746,109.600268,77141,-0.04741492,0.51239116,-61.77641207
Imidazole--Ethanol,0.02214492,2.951184,174.357252,0.02625691,6.44,82.81794,82806,-0.04068038,0.6274257,-160.1980641
Aniline--Ethanol,0.01192216,3.033283,172.349137,0.01978514,3.655,109.975423,77193,-0.04323493,0.51146781,-74.72769457
Adenine--Propan-1-ol,0.01705547,2.881642,174.713027,0.03564772,8.844,125.131687,74959,-0.04034175,0.4459866,-62.40272846
Aniline--Methyl_Acetate,0.00519288,3.136608,143.740842,0.00665139,2.445,123.258753,76616,-0.03979494,0.63939531,-103.51114854
Oxalic_Acid--Ethylene_Carbonate,0.02799884,2.880547,153.650419,0.025916,3.216,88.0444,78832,-0.07884398,0.77646335,-77.26325397
Butan-1-ol--Diethyl_Ether,0.02211715,2.854903,175.330316,0.03523615,2.897,113.223917,73286,-0.029962,0.38626905,-92.89144437
Resorcinol--Valerolactone,0.00749811,2.903711,178.249006,0.02181862,7.468,129.744167,72101,-0.04383062,0.57556386,-82.64344693
Fructose--Formaldehyde,0.08575827,2.814723,158.993535,0.08002139,6.247,118.623614,76585,-0.05910065,0.92417149,-132.70907851
Hydroxylamine--Pyrimidine,0.02240778,2.993544,146.328451,0.02189153,1.772,77.394252,80501,-0.04785761,0.46677363,-50.61882769
Tryptophan--Phenol,0.00651177,3.007185,168.477054,0.02018178,6.035,216.797899,71764,-0.03698253,0.55248439,-91.01183714
Benzyl_Alcohol--Propylene_Carbonate,0.00388516,2.986214,175.281764,0.01704313,5.59,142.130593,74605,-0.04690515,0.68693068,-97.18566138
Uracil--Pyridine,0.05986109,2.73896,175.612337,0.10323021,7.755,130.822355,73998,-0.04702109,0.54464041,-66.49342375
Catechol--Urea,0.08180238,2.695748,160.911347,0.06339383,4.476,113.377078,88435,-0.07402079,0.68810997,-58.42117135
Benzoic_Acid--Ethylene_Carbonate,0.017128,2.918229,164.691091,0.02423681,4.26,132.061337,81859,-0.0653711,0.77436204,-90.73957445
Butan-2-ol--Phenol,0.01652716,2.96266,174.113607,0.01961901,3.089,128.614681,71187,-0.04464068,0.69392512,-127.56860892
Diethanolamine--Acetone,0.03796244,2.914731,173.324968,0.02642139,6.106,111.885363,77452,-0.05309797,0.5447043,-64.29232679
Trifluoroethanol--Anisole,0.03511987,2.815151,173.693155,0.04118426,3.052,121.006027,73479,-0.04585232,0.53954432,-69.64635224
Lactic_Acid--Morpholine,0.0350006,2.700551,170.432977,0.07585515,3.749,111.933229,80622,-0.03874798,0.51238183,-77.93441172
Butylamine--Dimethyl_Ether,0.00672514,3.13885,171.365058,0.01129696,2.547,94.512766,75226,-0.03491196,0.54110141,-144.79574225
Methylamine--Methyl_Acetate,0.01463048,3.317411,124.579953,0.0122589,3.175,72.329207,75889,-0.04198124,0.61052348,-100.52306933
Uracil--Valerolactone,0.04224009,2.780679,156.702259,0.0455329,4.758,120.537533,72225,-0.05839373,0.60302261,-68.17881642
Benzoic_Acid--Urea,0.2059527,2.629193,177.392122,0.10741794,2.935,122.220495,81528,-0.09452592,0.86336717,-76.81656473
N-Methylformamide--Propan-2-ol,0.03580191,2.933502,170.04781,0.03029879,6.074,84.036281,75235,-0.04796148,0.44440796,-52.67889312
Butylamine--Isoquinoline,0.00680528,3.088098,165.649021,0.02087459,3.793,164.182249,67740,-0.03424501,0.4018732,-86.10474481
Ethylamine--Diethyl_Ether,0.01501386,3.119626,168.160291,0.01419324,2.27,94.253352,76154,-0.02819096,0.33162966,-70.69272318
Propanoic_Acid--Formaldehyde,0.05607443,2.789903,171.309113,0.05209651,0.696,64.921757,74812,-0.05104022,0.72208728,-96.57412725
Aspartic_Acid--Pyridine,0.03898072,2.657903,177.931247,0.12650847,4.471,136.515736,72025,-0.04037561,0.63843863,-101.36596311
Adenine--2-Picoline,0.04014204,2.765788,175.923225,0.08716509,9.813,155.046723,68056,-0.04282185,0.46164466,-59.06267531
Propan-2-ol--Carbon_Dioxide,0.0038433,3.19477,172.662703,0.00615346,1.955,63.791596,81747,-0.03986736,0.737731,-153.84692762
Uracil--Acetone,0.05663375,2.794503,177.368683,0.06184846,6.617,108.957476,73805,-0.05443267,0.86725783,-101.8659839
Threonine--Butan-2-one_(MEK),0.02397824,2.70958,176.517999,0.07133769,3.177,124.742476,75963,-0.03063437,0.40183081,-98.10735199
Diethanolamine--Hexamethylphosphoramide_(HMPA),0.06562791,2.842101,176.748068,0.02768544,6.399,203.299356,71920,-0.04877675,0.56918655,-68.27342221
Propan-2-ol--Valerolactone,0.01782174,2.867819,164.158843,0.02995467,3.867,97.579634,76679,-0.03243469,0.46387922,-87.08875853
"Acetamide--N,N-Dimethylformamide_(DMF)",0.04313475,2.862208,174.529186,0.04026775,0.861,90.065666,77215,-0.04323128,0.46675187,-64.9315319
Oxalic_Acid--Acetophenone,0.06087898,2.636451,171.461334,0.09858564,3.746,133.97045,74191,-0.04590815,0.44803011,-48.36861941
Catechol--Sulfate_Ion,0.01982275,2.878813,176.08154,0.02437029,1.441,117.951549,77806,-0.06184236,0.60531986,-53.74210428
Ammonia--Tetrahydrofuran_(THF),0.01581379,3.105888,177.404335,0.01517781,2.33,65.434681,75545,-0.03801851,0.53299385,-110.78213179
Glucose--Carbon_Dioxide,0.0367867,3.080577,155.52786,0.01009689,5.107,117.425729,82401,-0.05452252,0.55295393,-67.72652925
N-Methylformamide--Quinoline,0.02750401,2.849897,177.388872,0.06182247,7.631,142.647708,74261,-0.04230805,0.60707378,-116.39664908
Methylamine--Cyclohexanone,0.01273474,3.096136,152.214819,0.01272064,2.343,97.251762,74102,-0.03939344,0.49381183,-79.79021339
Ascorbic_Acid--Formaldehyde,0.01720428,2.888725,168.659392,0.02437017,8.427,112.904064,81634,-0.04728281,0.61578341,-102.4423673
Citric_Acid--Propylene_Carbonate,0.02124884,2.905824,117.826524,0.00665317,3.567,156.507806,79959,-0.05699927,0.56727488,-59.93239594
"Glucose--1,4-Dioxane",0.02177267,2.838452,170.797015,0.03784357,5.003,154.852269,73865,-0.04296048,0.45531178,-78.16506624
Chloroacetic_Acid--Carbon_Dioxide,0.04482451,2.887084,151.632465,0.02093808,2.17,66.358482,85176,-0.10631203,1.11926457,-81.88374872
N-Methylformamide--Ethyl_Acetate,0.01786299,3.022498,177.27784,0.02127763,2.772,97.433012,76253,-0.04692466,0.547872,-71.43348116
Propan-2-ol--Phosphate_Ion,0.09458417,2.51816,159.228522,0.14883506,7.575,86.481052,76528,-0.07143314,0.67744178,-52.62112467
Resorcinol--Ethylene_Carbonate,0.00857675,2.970575,156.742246,0.01596558,4.707,123.19467,76793,-0.05743797,0.59144327,-84.42707865
Pyrrolidine--Ethyl_Acetate,0.00774206,3.232473,162.003266,0.00766397,1.821,113.970096,75943,-0.03915159,0.44329212,-88.07726051
Aspartic_Acid--Acetaldehyde,0.03864358,2.719853,173.075802,0.07067573,3.518,103.387343,73995,-0.0391556,0.80319097,-120.52404871
Tryptophan--Pyrimidine,0.02130812,2.909481,178.303962,0.04520188,6.433,203.276194,64542,-0.04234748,0.44586418,-59.75942451
N-Methylacetamide--Pyrazine,0.02834608,2.925014,177.900203,0.04346207,5.465,109.499239,77856,-0.04033819,0.52255863,-107.80092879
Butan-1-ol--Urea,0.04683837,2.746904,152.598309,0.04447429,4.081,93.08177,73180,-0.03295969,0.39853354,-71.72689626
Dimethylamine--Phosphate_Ion,0.04350553,2.52788,166.86246,0.1569967,9.426,79.308958,81054,-0.09341336,1.05031294,-97.071118
Diethanolamine--Oxime,0.02021578,2.92215,161.148458,0.01901141,3.34,98.31637,76427,-0.05417202,0.54326438,-83.10116462
Benzyl_Alcohol--Cyclohexanone,0.0234287,2.828225,166.706752,0.03820044,4.448,155.428507,76180,-0.03925972,0.56322972,-81.11244018
Cyclohexanol--Oxime,0.02406058,2.970322,155.675221,0.01190892,2.224,102.399347,76219,-0.04921903,0.59380153,-80.25828574
Glucose--Ethyl_Acetate,0.02270478,2.923589,166.092668,0.02451169,4.696,156.263557,75343,-0.04230495,0.47002466,-74.01123433
Trifluoroethanol--Phenol,0.01061519,2.804723,168.387641,0.03892363,3.263,109.053312,71913,-0.03796214,0.54803168,-92.69559961
Thymine--Vinyl_Acetate,0.02943414,2.824968,177.233907,0.05173405,5.552,136.299608,71075,-0.03691939,0.57859907,-80.75204255
Cytosine--Ethyl_Acetate,0.03553984,2.960612,169.928277,0.02877579,2.881,130.062864,72194,-0.05269663,0.85930151,-152.2685106
Formic_Acid--Ethanol,0.06909242,2.732108,176.637158,0.06127129,3.495,56.393147,79757,-0.04518027,0.4605733,-58.31315642
Threonine--Acetic_Acid,0.06623001,2.650831,174.152868,0.09543031,1.437,106.395305,75290,-0.03903388,0.54406901,-106.7878325
Trifluoroethanol--Ethylene_Carbonate,0.02619291,2.788939,157.732167,0.03559109,5.358,83.197669,85918,-0.05038577,0.51043832,-68.80276086
Glutamic_Acid--Dimethyl_Ether,0.04006669,2.729301,166.092016,0.06480313,1.646,118.280933,78904,-0.04932558,0.48911673,-68.69125791
Cytosine--Morpholine,0.03083452,2.938765,169.50969,0.03301488,3.163,133.163203,74788,-0.05186832,0.61271753,-70.68994323
Saccharin--Carbon_Dioxide,0.00520492,3.088475,177.407967,0.01354868,3.776,134.470475,75998,-0.0717077,0.71585974,-57.19413887
Phenol--Methyl_Acetate,0.01259812,2.921703,167.556106,0.02360615,1.391,118.694663,77469,-0.03461806,0.38147229,-59.22142292
Propylamine--Acetaldehyde,0.00690961,3.273158,155.813893,0.00482109,4.316,79.316624,75080,-0.03303096,0.40439976,-77.55079076
"N-Methylformamide--1,4-Dioxane",0.01847608,2.982834,179.65099,0.02388234,5.055,96.033841,74426,-0.04647778,0.46349234,-67.12685622
Cysteine--Quinoline,0.02251583,2.636809,173.421654,0.13580484,2.713,178.136469,72149,-0.03725295,0.38589295,-46.76025027
Cysteine--Acetaldehyde,0.03413805,2.713337,167.510281,0.06803607,1.902,105.061168,80001,-0.04308701,0.5330754,-72.53925745
Tryptophan--Dimethyl_Sulfoxide_(DMSO),0.02293057,2.82573,154.996513,0.03473881,6.343,197.539885,65934,-0.04311797,0.71206497,-111.90693751
Propan-1-ol--Acetophenone,0.01573725,2.850367,165.395584,0.03473884,4.631,137.258268,63467,-0.03236127,0.43663683,-79.32235769
Catechol--Carbon_Dioxide,0.02090619,3.128928,177.462092,0.00845565,1.415,96.006201,84561,-0.1022977,0.77956037,-46.94384588
Methylamine--Valerolactone,0.01177699,3.234005,144.734333,0.00836125,3.62,78.846356,74750,-0.04613292,0.5294787,-68.17982865
Hydroquinone--2-Picoline,0.03314468,2.77791,178.221582,0.06722053,3.285,151.420245,68164,-0.0365963,0.59711391,-114.60794888
Piperidine--Ethanol,0.00522613,3.119876,154.629151,0.01011353,3.184,112.630158,75824,-0.02910198,0.34328406,-76.00999648
Catechol--Propan-1-ol,0.00839701,2.810399,170.597856,0.04247536,2.492,121.5853,75639,-0.04068116,0.5007089,-77.18326827
Glycine--N-Methyl-2-pyrrolidone_(NMP),0.03324891,2.702784,178.368424,0.06029506,5.67,112.715665,75373,-0.04791373,0.43572055,-50.27840672
Methanol--Morpholine,0.02801482,2.886612,171.742151,0.02856744,4.367,82.720144,78091,-0.04605172,0.52849688,-77.85435084
Guanine--Propan-2-ol,0.06539824,2.714642,148.807941,0.05910355,5.224,138.625782,73787,-0.05000968,0.56033191,-61.79547504
Sulfuric_Acid--Pyridine,0.00878601,2.578505,177.587338,0.1784728,6.814,108.309578,69869,-0.06119822,0.73462297,-83.40348243
Aniline--Methanol,0.01534504,3.031268,160.974965,0.0171055,3.522,98.438249,82225,-0.04018707,0.46730509,-71.31768541
Barbituric_Acid--Acetic_Acid,0.13274678,2.743404,167.350521,0.0740652,2.402,104.782104,76645,-0.08029283,0.86743368,-86.79139754
Ascorbic_Acid--Pyridine,0.02697647,2.742718,172.92153,0.07763116,8.668,157.287782,68574,-0.05249068,0.64723962,-82.56477545
Trifluoroethanol--Acetamide,0.07736916,2.659077,165.09583,0.08123003,3.04,75.704287,81379,-0.05315096,0.49367955,-50.13471134
Glucose--Benzophenone,0.01906314,2.787354,169.413008,0.04089344,4.187,241.996225,73699,-0.03823096,0.41308482,-74.54056885
Propanoic_Acid--Acetic_Acid,0.04918498,2.744782,176.456485,0.05846402,1.53,80.825368,76624,-0.0453687,0.53396181,-77.39179727
Glycerol--Ethylene_Carbonate,0.0186798,3.065347,160.114912,0.01111988,3.589,100.602086,77582,-0.04302275,0.71777219,-142.31295659
"Thymine--1,4-Dioxane",0.01805284,2.854479,173.028684,0.04394221,4.946,135.641218,70615,-0.04865244,0.77215573,-119.48173584
Alanine--Isoquinoline,0.04760197,2.670806,177.388977,0.11903947,4.166,158.495553,68584,-0.04404834,0.4283875,-51.18731944
Ascorbic_Acid--Isoquinoline,0.02600751,2.731757,170.08694,0.08024213,9.71,197.257745,61333,-0.04762569,0.56129496,-66.95699299
Acetic_Acid--Pyridine,0.10916433,2.690622,177.885024,0.107292,3.22,97.730774,78478,-0.06490044,0.60123112,-51.90718354
Hydrogen_Peroxide--Carbon_Dioxide,0.08203038,2.905514,137.098282,0.01315773,0.142,33.525234,103062,-0.13250374,1.24742884,-89.67217911
Piperidine--Ethylene_Carbonate,0.00767136,3.184951,160.543971,0.00924142,6.397,126.012635,76860,-0.03799659,0.38331247,-58.37600905
Ethylamine--Acetophenone,0.01035934,3.077685,157.516109,0.01507796,2.774,130.025591,66114,-0.0341919,0.96159738,-212.25155392
Pyrrolidone--Tetrahydrofuran_(THF),0.02183192,2.89596,167.797691,0.03606937,3.257,108.717562,72654,-0.04781803,0.76553971,-118.85066068
Methanol--18-Crown-6,0.02163367,2.891438,170.723368,0.02808986,2.627,191.345855,72791,-0.04386351,0.40610996,-59.33590321
Diethanolamine--Ethyl_Acetate,0.01895899,2.942767,167.818015,0.02115363,2.905,128.43096,75723,-0.05561679,0.64032746,-83.12379595
Barbituric_Acid--Hexamethylphosphoramide_(HMPA),0.04692488,2.726003,177.819673,0.06747939,5.016,202.919467,68755,-0.04668412,0.66805803,-83.65233877
Catechol--Phenol,0.01620343,2.86042,158.252914,0.02331759,1.394,149.177722,79061,-0.05639466,0.61113208,-60.46521845
Imidazole--2-Picoline,0.04778915,2.838389,178.586672,0.0635259,7.149,124.461972,75138,-0.03990063,0.4641109,-71.12031437
Urea--N-Methyl-2-pyrrolidone_(NMP),0.03836014,2.842156,173.969637,0.0463253,0.4,105.397698,72519,-0.04945259,0.48071521,-54.07102861
Propanoic_Acid--Pyruvic_Acid,0.03910226,2.751287,169.408464,0.05252114,0.623,94.385448,80111,-0.04507246,0.72857157,-123.4168466
Alanine--Dimethyl_Ether,0.05008691,2.751741,178.023252,0.05840607,2.201,88.875668,77514,-0.04766599,0.52327341,-69.12959078
Serine--N-Methyl-2-pyrrolidone_(NMP),0.03272085,2.675199,173.627811,0.06971573,3.919,129.147418,74806,-0.03057052,0.51854807,-127.51066436
Ascorbic_Acid--Pyrimidine,0.02603303,2.778243,169.627563,0.0627628,8.98,152.845086,67660,-0.05484029,0.66740773,-78.29831959
Formamide--N-Methyl-2-pyrrolidone_(NMP),0.05476586,2.813522,174.593331,0.05316669,2.587,96.638919,72934,-0.04793642,0.52157734,-70.71656413
Dimethylamine--Diethyl_Ether,0.02236381,3.103591,166.436697,0.01364265,2.753,94.728175,76457,-0.04444547,0.47216644,-67.95006452
Barbituric_Acid--Propylene_Carbonate,0.02191659,3.073922,123.361103,0.0053701,6.117,128.007446,73906,-0.07929642,0.68078551,-58.06034448
Ethylene_Glycol--Urea,0.08244385,2.725102,155.882801,0.05272603,4.175,74.374467,78458,-0.06383064,0.60075465,-57.27717137
Urea--Pyridine,0.08989827,2.857807,172.73193,0.05697337,3.157,99.654079,78802,-0.06937833,0.6288624,-59.85082883
N-Methylformamide--Sulfate_Ion,0.01896493,2.986724,175.19579,0.02047876,4.891,80.534121,75620,-0.05812365,1.13797617,-199.72708892
Ascorbic_Acid--Cyclohexanone,0.02088525,2.818083,166.969816,0.03115463,8.469,165.324162,72638,-0.04881061,0.57886166,-67.35541404
Formamide--Butan-2-one_(MEK),0.06071545,2.836979,172.424351,0.04747612,1.693,80.649853,71656,-0.0448721,0.60454372,-91.3169678
Uracil--Trioxane,0.03605771,2.873549,173.90735,0.04377112,5.275,112.431606,77528,-0.06895008,0.54951531,-41.59347226
Propylamine--Phosphate_Ion,0.16842701,2.593638,157.228804,0.08912477,8.359,90.81683,81064,-0.06557468,0.67338204,-75.5728835
Indole--Acetic_Acid,0.01916835,2.952705,155.039279,0.02213109,3.99,129.034461,73323,-0.05140843,0.50224884,-53.66693847
Benzyl_Alcohol--Urea,0.0554761,2.731417,154.258077,0.04930549,4.58,120.705802,70967,-0.05012054,0.46902287,-55.83328452
Phenol--Valerolactone,0.00704263,2.913561,173.28792,0.0215414,7.474,125.297518,70343,-0.03031381,0.35785343,-64.87669211
N-Methylacetamide--Benzophenone,0.00768127,2.991543,175.369729,0.01930542,8.824,194.358744,71794,-0.03457575,0.35498846,-44.16797473
Ethanol--Oxime,0.01568155,2.913605,151.979678,0.01399327,2.131,60.995588,82968,-0.04442547,0.58532016,-99.8661472
Alanine--Ethylene_Carbonate,0.02003419,2.911675,160.808884,0.02570258,3.599,101.792299,77517,-0.05275808,0.56750001,-61.37070467
Formamide--Diethyl_Ether,0.03303938,2.884603,172.208286,0.03762597,4.016,84.340259,73976,-0.038288,0.49807949,-110.04843652
Ethanol--Dimethyl_Ether,0.02795358,2.896338,179.065878,0.03033535,2.721,66.652577,77295,-0.0452212,0.4886366,-86.86573632
Ethanol--Cyclohexanone,0.02541029,2.851694,167.4584,0.03495616,3.813,104.380641,74971,-0.04697308,0.51019878,-70.54937931
Pyrrolidone--Acetamide,0.08382986,2.775979,172.224659,0.06668769,0.168,96.21087,68879,-0.05212905,0.55540441,-66.77292264
Trifluoroethanol--Carbon_Dioxide,0.01346802,3.010389,167.973875,0.01421537,2.475,55.90582,87831,-0.06599711,0.80524213,-101.77181662
Hydroquinone--Diethyl_Ether,0.02119363,2.815817,177.005559,0.04187717,2.767,133.332028,73939,-0.03525469,0.4497952,-66.46756378
Phenol--Urea,0.03543235,2.713791,166.51719,0.06239994,6.15,108.858814,74746,-0.03547707,0.46175326,-79.11652055
Ascorbic_Acid--N-Methyl-2-pyrrolidone_(NMP),0.03546797,2.720345,169.005273,0.0540089,10.388,162.998663,70765,-0.05271151,0.55977638,-66.49595772
Trifluoroethanol--Cyclohexanone,0.01731688,2.795964,174.410599,0.03767877,5.216,107.999076,77372,-0.03997136,0.77168657,-145.71377906
Saccharin--Tetrahydrofuran_(THF),0.04378129,2.759177,168.952522,0.07098702,3.391,166.654561,72171,-0.07662649,0.74793066,-53.46864804
"Guanine--N,N-Dimethylformamide_(DMF)",0.06150713,2.767858,175.508103,0.06785735,1.63,144.868929,70014,-0.04899891,0.8133294,-126.20335739
Piperidine--Acetaldehyde,0.00371273,3.193671,166.479879,0.00991036,3.87,109.642369,77481,-0.02775878,0.36886618,-78.95714702
Indole--Methanol,0.01970109,2.970677,161.358859,0.02010235,4.311,116.015363,72674,-0.06150126,0.53277473,-45.95121009
Aniline--Acetaldehyde,0.01095399,3.100228,178.53294,0.01406516,5.077,106.988167,81138,-0.04820124,0.54940647,-68.41675108
"Propan-2-ol--N,N-Dimethylacetamide_(DMAc)",0.01943467,2.810211,170.810088,0.04200783,5.46,107.17043,75782,-0.02564519,0.33793521,-77.89919937
Serine--Pyridine,0.03321882,2.678322,177.919014,0.11445764,4.542,123.319884,71468,-0.03325344,0.45121607,-80.50836519
Dimethylamine--Hexamethylphosphoramide_(HMPA),0.03342258,3.080282,167.209503,0.0124095,5.053,171.002198,76307,-0.03521272,0.45233555,-75.91194452
Fructose--Hexamethylphosphoramide_(HMPA),0.04870138,2.800002,173.772831,0.03338516,5.222,232.851086,68753,-0.04034271,0.5170236,-89.22669381
Chloroacetic_Acid--Acetamide,0.08493831,2.654455,176.682041,0.09112944,5.533,86.129445,79709,-0.06678279,0.82517681,-82.57505531
Glutamic_Acid--Carbon_Dioxide,0.05370949,2.894714,144.111324,0.01645039,0.592,103.9539,85280,-0.06874998,0.6948926,-67.32666354
Trifluoroethanol--Vinyl_Acetate,0.02889608,2.742048,165.510854,0.05154606,2.44,93.949442,78170,-0.0472819,0.66710234,-93.32775203
Ascorbic_Acid--Vinyl_Acetate,0.02156583,2.791439,166.993663,0.03834704,8.418,151.302332,71659,-0.05365685,0.7335204,-86.85900738
Acetamide--Acetone,0.05431995,2.871258,173.035564,0.04107375,1.19,80.281262,73374,-0.05184598,0.51051908,-63.57786819
Saccharin--Methanol,0.03389775,2.794029,139.422891,0.02581982,4.862,136.950073,73523,-0.06701974,1.49514855,-216.29015844
Ethanol--Acetophenone,0.03091481,2.847317,169.198016,0.03619655,4.275,125.594721,73421,-0.04326862,0.4372666,-51.59326937
Histidine--Dimethyl_Ether,0.03146111,3.042029,161.01385,0.01730529,5.056,133.407173,76723,-0.04625763,0.79060881,-127.54826839
Barbituric_Acid--Pyridine,0.02040539,2.67747,179.115225,0.14396629,4.551,133.174836,80895,-0.06695572,0.73071177,-78.67698838
Cyclohexanol--Diethyl_Ether,0.0266663,2.978368,161.491498,0.01531914,2.923,131.2156,73735,-0.04249264,0.39042601,-48.14444278
Glycine--Morpholine,0.02155784,2.742333,176.133789,0.05870792,4.14,104.76534,76479,-0.03688116,0.40113336,-70.18091713
Urea--Tetrahydrofuran_(THF),0.03297025,2.909422,174.071505,0.03555989,3.025,87.902947,74184,-0.04762236,0.52833586,-79.79032729
Benzoic_Acid--Formaldehyde,0.08697,2.796462,172.121734,0.05103035,0.535,104.319164,81414,-0.10527137,1.07200005,-102.06095443
Guanine--Propan-1-ol,0.04595936,2.720873,147.964529,0.05871639,5.227,138.82975,67777,-0.03922693,0.46059185,-71.01549657
"Catechol--N,N-Dimethylformamide_(DMF)",0.03398016,2.783642,171.972048,0.04727782,5.758,127.98709,78084,-0.04445571,0.45147645,-61.96591179
Cysteine--Benzaldehyde,0.02016241,2.705446,173.659853,0.07686873,3.32,156.110932,67590,-0.03194209,0.38724582,-56.81086361
Imidazole--Isoquinoline,0.05104184,2.849282,176.685399,0.05972927,8.149,152.956079,76114,-0.06035073,0.5422371,-44.76596615
Hydrogen_Peroxide--Gamma-Butyrolactone_(GBL),0.02071868,2.872467,172.508421,0.02459914,5.688,67.340153,73499,-0.05870466,0.60031153,-74.4469904
Diethanolamine--Urea,0.04842149,2.856096,174.675641,0.0340143,7.042,107.061978,78535,-0.05868995,0.6619237,-83.99624224
Indole--Urea,0.022936,2.920374,178.084296,0.02464898,8.362,131.022298,81420,-0.06489009,0.70078362,-68.5769656
Butan-2-ol--Valerolactone,0.0109802,2.976003,165.937709,0.01510593,6.998,109.324786,73434,-0.04274338,0.6690232,-147.32794068
"Cytosine--1,4-Dioxane",0.01383379,2.896665,171.096933,0.03611287,1.621,128.630131,75487,-0.04833413,0.55720047,-75.45605041
Glycine--Methanol,0.07361888,2.716608,152.379518,0.03975541,1.668,65.339888,80030,-0.04300519,0.4622431,-68.03884865
"Lactic_Acid--1,4-Dioxane",0.01986602,2.72904,175.832079,0.06622966,3.313,107.416326,75819,-0.04901538,0.58172874,-84.90367269
Citric_Acid--Acetophenone,0.02439951,2.70635,175.798415,0.07295484,4.189,191.026887,63655,-0.03162988,0.51405007,-124.49188929
Hydrogen_Peroxide--Acetone,0.06401984,2.789366,173.018452,0.04973189,3.777,55.71841,79703,-0.05528716,0.51763676,-55.22857497
Threonine--Valerolactone,0.02784451,2.712871,165.935858,0.05468988,3.135,124.62156,79502,-0.03628594,0.39690341,-63.88641121
Glutamic_Acid--Methyl_Acetate,0.05159777,2.721961,160.181779,0.04725253,2.241,131.170815,75892,-0.05506823,0.54846435,-59.53144446
Diethanolamine--Diethyl_Carbonate,0.04007206,2.946142,170.96594,0.02110004,2.022,145.060743,76086,-0.03972101,0.47025765,-75.55429052
Oxalic_Acid--Butan-2-one_(MEK),0.08705483,2.637479,168.865428,0.0940016,3.0,94.494671,80274,-0.05888716,0.67499875,-91.85688688
Ethylene_Glycol--Acetic_Acid,0.02244959,2.894709,170.509022,0.02192987,5.153,72.453487,80345,-0.05107871,0.61970937,-87.35480585
Imidazole--Benzophenone,0.00369705,2.945444,179.896121,0.02325491,8.566,193.353504,60274,-0.02456793,0.34014832,-74.61591812
"Ethylene_Glycol--N,N-Dimethylformamide_(DMF)",0.03659802,2.805919,174.610238,0.04316551,7.141,88.989575,79820,-0.04847181,0.57923219,-78.19718935
Serine--Pyruvic_Acid,0.02653524,2.73678,171.260287,0.05752899,1.823,108.30011,77398,-0.04042921,0.5953237,-128.69887394
Resorcinol--18-Crown-6,0.00828285,2.854365,173.519191,0.03125096,4.944,246.535681,60712,-0.03008934,0.3818613,-96.90730148
"Salicylic_Acid--N,N-Dimethylacetamide_(DMAc)",0.03403375,2.720463,178.976858,0.05309093,2.816,152.808062,72460,-0.03642424,0.36853941,-56.08180368
Ethylene_Glycol--Benzophenone,0.01324334,2.853301,162.566714,0.0253535,6.907,181.463573,72589,-0.03784157,0.44288181,-58.37203727
Hydroxylamine--Acetamide,0.07545727,2.954122,162.523283,0.03121522,3.845,57.615263,72715,-0.06140908,0.53166597,-49.99545376
Glycerol--2-Picoline,0.03114199,2.79016,174.939743,0.06297925,2.721,128.827865,76543,-0.03937344,0.51958891,-117.95894867
Hydrazine--Hexamethylphosphoramide_(HMPA),0.03560862,3.087957,138.128566,0.00670425,5.735,156.082137,75376,-0.04765491,2.22003072,-259.85147177
Thymine--Acetophenone,0.0220705,2.800505,176.838333,0.060543,7.174,171.544206,54868,-0.04169012,0.46136043,-56.08607109
Trifluoroethanol--Hexamethylphosphoramide_(HMPA),0.050763,2.722708,173.516843,0.04887546,4.875,169.589112,74593,-0.04888289,0.63300921,-88.90776476
Resorcinol--Methanol,0.02750107,2.829861,171.771146,0.03960732,3.58,98.322096,76908,-0.04444515,0.44982092,-63.79414037
Adenine--Oxime,0.01812987,2.950354,164.899656,0.02514352,6.632,108.294599,73825,-0.05837428,0.61096105,-58.76812821
Aspartic_Acid--Dimethyl_Ether,0.05424307,2.713151,171.438461,0.07365942,2.334,106.797333,78388,-0.05180736,0.79876103,-100.87934625
Cyclohexanol--Tetrahydrofuran_(THF),0.02406527,2.913366,161.690367,0.02502345,1.781,126.006034,75021,-0.04234155,0.3896831,-47.30283538
Propan-2-ol--Diethyl_Ether,0.01644339,2.911677,170.029854,0.02255795,3.222,101.391126,78491,-0.02924994,0.52360769,-97.78668393
Phenol--Acetaldehyde,0.00690521,2.944636,177.741272,0.01996409,5.366,102.443736,74537,-0.03053253,0.34816415,-71.1775419
Cyclohexanol--Pyrazine,0.02036356,2.982442,158.040998,0.02013918,1.998,133.241006,72173,-0.04672944,0.63633491,-94.95104625
"Piperidine--N,N-Dimethylacetamide_(DMAc)",0.0208456,3.015983,151.674572,0.01730229,4.024,142.008583,74084,-0.03128014,0.47764814,-89.66649291
Formic_Acid--2-Picoline,0.05224597,2.64603,178.678226,0.13831713,4.628,97.935152,74345,-0.05952613,0.77478409,-124.57509125
Benzoic_Acid--Benzaldehyde,0.02150855,2.788349,173.953257,0.04352014,4.493,166.869062,85948,-0.05534483,0.62903611,-77.64694998
N-Methylformamide--Acetone,0.03167869,2.947988,171.360203,0.02871362,6.878,80.883659,72500,-0.04887752,0.55151607,-78.19404136
Tryptophan--Ethylene_Carbonate,0.0110646,2.987829,157.323814,0.01961965,8.552,190.986677,69752,-0.04641294,0.5551335,-75.94091483
Serine--Propylene_Carbonate,0.02939153,2.724955,160.562544,0.04941013,4.169,118.144118,76674,-0.04952929,0.55927406,-68.90500485
Dimethylamine--Acetophenone,0.0254907,3.090257,148.062212,0.01189665,2.62,130.439387,68061,-0.04939963,0.51102672,-55.31352951
Saccharin--Valerolactone,0.02283827,2.843252,164.66458,0.03486327,2.474,168.275594,77323,-0.04898829,0.67457375,-107.30538567
Pyrrolidone--Valerolactone,0.0289619,2.894587,168.996573,0.03421122,1.083,110.08613,68133,-0.04968313,0.5350912,-80.12170445
Piperidine--2-Picoline,0.01298013,3.050905,161.903161,0.02349358,3.099,154.330877,74321,-0.03342433,0.398683,-68.42303534
Ethylene_Glycol--Methanol,0.0460138,2.841667,174.646731,0.03816975,3.984,59.38203,78314,-0.05890696,0.59137083,-67.73571596
Propan-1-ol--Gamma-Butyrolactone_(GBL),0.01090137,2.861917,163.405573,0.03022527,3.82,97.657107,75755,-0.02704196,0.29383337,-58.78693431
Benzyl_Alcohol--Ethylene_Carbonate,0.01962937,3.340746,114.269041,0.00872039,3.892,130.551371,72652,-0.05527645,0.61938997,-65.78053207
Hydrogen_Peroxide--Phosphate_Ion,1.0,2.50107,144.67298,0.2599243,2.644,57.579727,84952,-0.12971475,1.22104372,-74.8910715
Hydrazine--Gamma-Butyrolactone_(GBL),0.02510437,3.109811,155.000204,0.0127026,3.611,75.983595,77751,-0.05673117,0.62018851,-80.59546984
Benzyl_Alcohol--Acetamide,0.01327838,2.862604,166.601497,0.02447796,6.592,123.219883,75428,-0.04035923,0.82769876,-185.87715261
Benzyl_Alcohol--18-Crown-6,0.01322393,2.855378,170.125897,0.03372123,3.709,253.899028,68590,-0.03406463,0.354274,-67.02697485
Pyrrolidone--Phenol,0.03229302,2.987523,129.079763,0.05835436,5.141,129.532917,73027,-0.04369836,0.5806787,-97.21665642
Ammonia--Pyrazine,0.01482403,3.156021,168.448059,0.01560097,1.931,72.67511,75322,-0.03833068,0.46752999,-69.65039146
Uracil--Isoquinoline,0.04846049,2.72718,175.153975,0.10862482,8.063,170.768117,71766,-0.04987462,0.52418367,-57.98394102
Barbituric_Acid--Sulfate_Ion,0.03571086,2.868096,178.94555,0.03338886,1.027,111.231983,79291,-0.08037328,1.32328658,-134.65388075
Fructose--Acetaldehyde,0.04313326,2.837716,168.262291,0.03406471,6.348,129.99383,76176,-0.04386357,0.40180733,-50.49759649
Propan-2-ol--Pyridine,0.01448081,2.873541,173.695548,0.0424373,4.221,107.97678,75062,-0.03202119,0.37801671,-61.34556089
Cyclohexanol--Pyridine,0.02116113,2.971758,160.421665,0.02284819,3.48,137.778012,69976,-0.04338769,0.42281998,-48.36232839
Threonine--Formaldehyde,0.16520925,2.635288,149.107151,0.16763091,2.291,90.471536,82060,-0.04890992,0.52916868,-73.57274667
Propylamine--Diethyl_Ether,0.02123138,3.118181,164.569876,0.01366862,2.387,105.916274,76116,-0.035275,0.41536751,-76.96449147
Indole--N-Methyl-2-pyrrolidone_(NMP),0.0,2.921645,177.810995,0.02548274,8.162,163.489035,73177,-0.0334326,0.49002493,-83.03179659
Butylamine--Quinoline,0.00848224,3.082724,162.306837,0.02069086,3.34,164.159972,73101,-0.03932356,0.54109913,-91.5604963
Pyrrolidone--Pyrimidine,0.03341399,2.886523,166.761221,0.04735893,5.531,115.968317,75872,-0.04253489,0.42697208,-52.53213666
Histidine--Hexamethylphosphoramide_(HMPA),0.03736673,2.891875,167.755324,0.02678972,7.739,232.768999,72027,-0.04471544,0.54140025,-75.94144926
Histidine--Carbon_Dioxide,0.00972323,3.17813,151.728463,0.00685993,3.935,119.010918,80226,-0.05047697,0.57236735,-63.44300089
"N-Methylformamide--N,N-Dimethylformamide_(DMF)",0.02853018,2.890178,165.426051,0.03509904,8.268,90.629626,76154,-0.03835777,0.4827774,-79.17257433
Formamide--Urea,0.1459096,2.747502,176.863068,0.07523058,2.08,64.201194,72477,-0.05802041,0.71748498,-96.02468486
Acetic_Acid--Butan-2-one_(MEK),0.07261606,2.727798,177.314564,0.06575447,2.515,87.597029,72975,-0.05964628,0.57498627,-58.08481634
N-Methylacetamide--Cyclohexanone,0.00888769,3.01464,176.188959,0.01784174,8.837,122.029095,77982,-0.0365838,0.46085306,-97.14320557
Formic_Acid--Ethyl_Acetate,0.04163822,2.796133,176.149584,0.04635525,2.132,81.278791,81158,-0.05082111,0.59283821,-76.02696132
Formamide--Quinoline,0.1000682,2.811018,170.710166,0.07072297,4.567,130.831137,80146,-0.10331482,0.9006966,-72.17139331
Butylamine--Propylene_Carbonate,0.00250625,3.198282,153.387529,0.00686565,5.1,118.881583,76804,-0.03480342,0.52112165,-137.6307166
Pyrrole--Isoquinoline,0.02629189,2.902257,172.887444,0.04695499,6.155,157.785907,76754,-0.05151321,0.50693684,-54.07972522
Citric_Acid--Butan-2-one_(MEK),0.03749444,2.702356,178.447679,0.07524805,3.703,151.608527,71634,-0.03268677,0.34159354,-60.98494349
Methylamine--Trioxane,0.0095658,3.138555,154.270257,0.00918404,3.204,70.869611,80683,-0.04888906,0.67033602,-115.48106578
Urea--Acetone,0.03438766,2.903735,161.018522,0.02701641,2.228,77.805543,80182,-0.04473678,0.57622041,-132.37130107
Catechol--Methanol,0.03420512,2.823786,171.702341,0.04063616,2.198,98.38442,76200,-0.04636642,0.66143925,-123.15756633
Formamide--Acetophenone,0.05838743,2.862267,179.311056,0.04535446,3.603,120.125678,74928,-0.05281063,0.50657925,-54.127515
Hydrogen_Peroxide--Formaldehyde,0.1180765,2.844151,160.970396,0.03515553,2.585,33.085712,97749,-0.09856923,1.03341289,-103.68798362
Propan-2-ol--Ethyl_Acetate,0.01265834,2.960361,170.107798,0.01984405,1.66,102.662093,73978,-0.04111653,0.46018638,-69.47914568
Pyrrole--Urea,0.01296286,2.961449,179.997904,0.02116636,8.06,91.099029,83332,-0.03044086,0.51855871,-107.03847888
N-Methylformamide--Methyl_Acetate,0.01721091,3.04948,171.284834,0.01838681,3.305,85.881871,77226,-0.04687947,0.45024397,-57.73111202
Dimethylamine--Propan-1-ol,0.00377436,3.156797,162.714398,0.01023796,3.055,82.764212,78364,-0.04108328,0.45286699,-78.32195959
"Formic_Acid--N,N-Dimethylacetamide_(DMAc)",0.07631332,2.690693,177.706916,0.06146685,5.288,85.839205,77321,-0.05433049,0.52498139,-58.46978107
"Glucose--N,N-Dimethylacetamide_(DMAc)",0.02538246,2.762973,177.80198,0.05166089,5.099,160.87158,72087,-0.0357543,0.50743166,-90.94526233
Methylamine--Benzaldehyde,0.00530419,3.141437,175.707857,0.01356317,3.836,107.168181,73064,-0.03005027,0.4497248,-103.94455882
Propan-1-ol--Hexamethylphosphoramide_(HMPA),0.03306012,2.853848,170.772811,0.0247925,6.089,177.761038,69872,-0.04378149,0.65807733,-94.05268347
Lactic_Acid--N-Methyl-2-pyrrolidone_(NMP),0.05334149,2.676323,178.225713,0.06980785,6.351,119.938664,76347,-0.04206432,0.39928854,-51.67647268
Glycerol--Cyclohexanone,0.02408783,2.814008,172.665351,0.04045074,4.123,125.333245,75802,-0.03971073,0.51013394,-77.80234194
Adenine--Acetic_Acid,0.03109025,2.880399,169.51209,0.03599599,8.449,115.020242,73715,-0.0624967,0.71818921,-84.42391212
Pyrrole--Dimethyl_Ether,0.01443494,3.002968,179.998367,0.02130891,4.35,88.096766,82129,-0.03373779,0.38396824,-65.46261461
Tryptophan--Acetone,0.0122255,2.989965,179.666484,0.01937846,8.194,185.930719,70051,-0.03977963,0.71704139,-152.06947028
Sulfuric_Acid--Propan-1-ol,0.14027565,2.576725,158.897348,0.11064333,3.848,90.028992,79162,-0.06857041,0.95654702,-106.37626838
Barbituric_Acid--Isoquinoline,0.02103052,2.670807,178.189877,0.14848627,5.303,173.125363,77175,-0.06722311,0.65124552,-58.1790275
Oxalic_Acid--Quinoline,0.0172083,2.606473,177.378226,0.17380163,5.766,144.504448,70751,-0.05316991,0.64720372,-70.28396408
Formamide--Ethanol,0.07467521,2.84731,140.284185,0.03850736,2.89,60.839083,82910,-0.04345343,0.63538018,-118.02826027
Guanine--Pyrimidine,0.04134271,2.794742,176.738794,0.07661852,4.409,152.622241,71447,-0.05660892,0.59932822,-69.80700729
Butylamine--Urea,0.05254986,2.983648,138.444645,0.05731302,3.018,97.340178,74459,-0.04317183,0.53971859,-93.50109123
Methylamine--Tetrahydrofuran_(THF),0.00665754,3.140816,166.482487,0.01144371,3.267,77.518414,80367,-0.03426238,0.50484658,-103.0797948
Uracil--Dimethyl_Ether,0.03378885,2.864731,174.54084,0.03917217,6.177,101.168278,76367,-0.05356314,0.68025851,-75.19306952
"Benzyl_Alcohol--1,4-Dioxane",0.01121703,2.882085,165.055216,0.02615859,2.205,140.767664,76775,-0.04272965,0.57634002,-89.12082825
Ethanol--Ethylene_Carbonate,0.0138132,2.992438,121.606283,0.00550534,4.79,79.475002,76041,-0.05937663,0.67495824,-78.68372985
Benzyl_Alcohol--Anisole,0.01363678,2.889936,167.1235,0.02576279,3.371,168.462809,71369,-0.03257063,0.35577728,-52.41925059
Salicylic_Acid--Benzaldehyde,0.01529315,2.738509,174.989427,0.06546526,2.267,171.382769,70871,-0.0348561,0.44048317,-72.59722283
Diethanolamine--Vinyl_Acetate,0.02379354,2.874918,173.826476,0.03179168,5.285,127.656492,79754,-0.03734157,0.48064647,-82.31593215
Tryptophan--Gamma-Butyrolactone_(GBL),0.01171548,2.988673,169.889382,0.01859173,10.056,197.485846,64112,-0.04354633,0.60807282,-91.60821359
Tryptophan--Carbon_Dioxide,0.00979712,3.231919,179.669274,0.0069376,4.376,163.631588,66234,-0.04337065,0.56403806,-115.68461641
Phenol--Phenol,0.01144566,2.892748,176.030948,0.02738789,3.522,144.590504,69634,-0.02924771,0.31419822,-54.93410629
Cytosine--N-Methyl-2-pyrrolidone_(NMP),0.03522889,2.793647,176.450342,0.05934325,4.061,141.034287,70494,-0.03717186,0.4439009,-73.13212475
Threonine--Ethylene_Carbonate,0.02092309,3.003876,142.74158,0.01140392,3.471,118.132968,81960,-0.05220394,0.61726641,-83.13369074
Propylamine--Dimethyl_Ether,0.01797117,3.168942,166.075903,0.01158177,2.012,82.778885,75592,-0.03584029,0.41904551,-75.67863331
Ethylene_Glycol--Ethyl_Acetate,0.01810429,2.916518,167.015056,0.0236751,2.534,95.805832,78109,-0.04901579,0.52012689,-79.42498375
Acetic_Acid--Methanol,0.17573883,2.7006,155.204448,0.06308852,1.235,56.159641,78021,-0.09219135,0.85323357,-70.45919636
Hydrogen_Peroxide--Sulfate_Ion,0.58552593,2.597756,133.690738,0.27261371,2.121,55.601452,86399,-0.12641327,1.04888985,-48.72948812
N-Methylacetamide--18-Crown-6,0.02008938,3.049901,170.505452,0.01785116,6.808,220.428448,71219,-0.03975607,0.47445,-68.51290774
"Propan-2-ol--N,N-Dimethylformamide_(DMF)",0.01507319,2.867902,177.478656,0.02986565,5.761,95.88083,74944,-0.0266861,0.32208454,-70.96527092
Thymine--Methanol,0.05366301,2.808857,143.373225,0.03236901,3.566,100.769228,77892,-0.04889866,0.64085377,-106.86709471
Pyrrolidine--Dimethyl_Ether,0.00758375,3.157885,157.571457,0.01014936,2.751,89.57385,75621,-0.04295361,0.46735688,-67.04025223
Aspartic_Acid--Anisole,0.0278346,2.745662,168.243547,0.05862243,2.642,157.594797,70068,-0.03505972,0.40052628,-58.28366085
Catechol--2-Picoline,0.03732324,2.774955,174.327749,0.06725426,3.273,151.562957,69817,-0.03805289,0.65518349,-123.62947338
Dimethylamine--Pyridine,0.02087571,3.085999,166.912723,0.02210048,3.411,101.284992,77004,-0.05678726,0.59499346,-66.99959686
Formamide--Propan-1-ol,0.02808018,2.915831,174.468828,0.03160434,3.966,72.410837,74801,-0.04198574,0.44732697,-69.63321678
Pyrrolidone--Urea,0.09183374,2.763194,172.878024,0.06767036,1.199,93.73545,72740,-0.05151034,0.628025,-84.36587595
Methanol--Acetamide,0.01489924,2.880611,167.807124,0.02282157,6.434,60.614308,78449,-0.03540203,0.41803401,-80.65321037
Salicylic_Acid--Methanol,0.05263162,2.714841,155.620245,0.05913489,3.055,111.921026,77226,-0.04952336,0.50855016,-63.65534936
"Trifluoroethanol--1,4-Dioxane",0.02893943,2.770144,175.925593,0.05091666,2.878,93.225805,78843,-0.04810948,0.62047194,-102.6668127
Cyclohexanol--Carbon_Dioxide,0.01365984,3.200446,164.335099,0.00551525,2.09,93.615321,79838,-0.04367311,0.7188206,-166.16060508
Urea--Acetamide,0.18330279,2.774187,177.412459,0.06951256,1.135,75.457366,77681,-0.07009017,0.84244886,-83.3591422
Sulfuric_Acid--Benzaldehyde,0.03361831,2.688478,175.133647,0.06014828,5.454,126.439887,63614,-0.05486743,0.70044592,-93.70569799
Propylamine--Pyridine,0.01352752,3.128116,170.067729,0.0177461,3.405,112.48202,69353,-0.03460842,0.40890698,-70.04613648
Hydrazine--Diethyl_Ether,0.02907642,3.083854,171.416387,0.01770524,1.397,79.784643,75564,-0.0435343,0.82971031,-193.57663283
N-Methylformamide--Ethanol,0.02290577,2.959317,170.082013,0.02690832,6.197,72.535437,80628,-0.03923993,0.48705325,-78.58301667
Trifluoroethanol--Pyridine,0.05025418,2.740665,172.641783,0.07890695,5.193,99.951711,73762,-0.04574902,0.7084333,-139.03462149
Propan-2-ol--Ethanol,0.02422818,2.866158,172.954568,0.03419506,2.247,77.74014,76610,-0.0348004,0.43472536,-78.88525391
Pyrrolidone--Pyridine,0.04925311,2.834673,168.688477,0.06054158,3.806,120.480429,74917,-0.04407665,0.48025772,-55.99550316
Glycine--Carbon_Dioxide,0.02684483,2.913631,151.066591,0.01837154,1.512,62.837218,85279,-0.06367752,0.76782341,-97.90775741
N-Methylformamide--Dimethyl_Ether,0.02237299,2.965139,178.802644,0.02540027,6.483,73.024662,72962,-0.04547777,0.52464088,-74.35076525
"Benzoic_Acid--N,N-Dimethylacetamide_(DMAc)",0.04877504,2.683043,174.616182,0.07787472,4.247,148.104622,73083,-0.04275582,0.44477009,-57.42191816
Alanine--Valerolactone,0.03835677,2.736806,176.860163,0.06221244,3.373,108.283903,75133,-0.04826004,0.61407956,-79.91604332
Hydroxylamine--Tetrahydrofuran_(THF),0.01835708,3.054299,160.303539,0.01674197,1.866,70.133604,76627,-0.04493763,0.43862798,-60.31707755
Cysteine--Pyrimidine,0.04582286,2.69346,175.926578,0.1047231,1.659,133.677389,74729,-0.0461996,0.71703147,-152.36644945
"Catechol--N,N-Dimethylacetamide_(DMAc)",0.05324036,2.740257,171.744789,0.05752244,5.634,139.277558,77809,-0.04853348,0.58371801,-83.63028003
Glycine--Valerolactone,0.05329916,2.705023,160.613739,0.05497432,4.181,96.650249,76459,-0.05958174,0.61719652,-68.39127278
Uracil--Acetamide,0.10766191,2.703613,178.821951,0.09564919,5.865,106.619086,76131,-0.05678537,0.83691115,-132.84316953
Benzyl_Alcohol--Acetaldehyde,0.00784765,2.95513,161.869202,0.01575637,5.232,114.331001,77517,-0.04313092,0.51846166,-85.0075279
Hydroquinone--Isoquinoline,0.01198509,2.799071,169.829177,0.0562969,4.27,179.933033,66831,-0.03453627,0.52783452,-91.4995464
Glucose--Pyrimidine,0.0425631,2.892034,164.82142,0.03706149,4.742,157.003376,78116,-0.04821031,0.60692097,-87.59529469
Indole--Isoquinoline,0.051628,2.888017,172.814783,0.05016356,6.47,197.700942,77569,-0.07832178,0.71882086,-57.03625633
"Ethanol--N,N-Dimethylformamide_(DMF)",0.03998771,2.853015,175.465159,0.0354625,5.976,84.295876,75934,-0.05659113,0.51318997,-60.84741546
Pyrrolidone--Trioxane,0.02012287,2.938816,157.497197,0.02619612,3.379,102.015846,74747,-0.05026717,0.55433115,-69.63586201
Benzoic_Acid--Quinoline,0.0521866,2.670147,178.217893,0.11706668,3.313,188.737383,75505,-0.05080949,0.52436861,-53.46205305
Adenine--Morpholine,0.02089867,2.87101,170.877097,0.03618559,9.427,141.483299,74608,-0.05057248,0.57670402,-89.70230081
Aniline--Isoquinoline,0.02568099,2.972647,172.76365,0.03505709,5.196,180.136341,77551,-0.06204807,0.60005749,-55.82438387
Lactic_Acid--Trioxane,0.04150323,2.76387,177.474993,0.05884639,3.515,95.718329,77655,-0.04700715,0.53845302,-78.51044883
"Lactic_Acid--N,N-Dimethylformamide_(DMF)",0.06800032,2.635034,165.464589,0.08294932,4.947,102.074698,79136,-0.04855186,0.54956631,-76.02626233
N-Methylacetamide--Propan-2-ol,0.01938449,2.993628,175.298049,0.02169048,6.875,95.308695,77792,-0.04159278,0.42123814,-59.10888911
Chloroacetic_Acid--Benzophenone,0.03472575,2.649202,170.532508,0.09191348,5.209,190.794473,73235,-0.03789637,0.46755901,-59.40765002
"Propan-2-ol--1,4-Dioxane",0.01216718,2.888476,174.722045,0.02925526,2.002,101.18721,77498,-0.03201933,0.35664147,-67.05160307
Resorcinol--Carbon_Dioxide,0.00739144,3.122015,177.870125,0.0087185,2.777,95.942735,85589,-0.05692781,0.60140131,-60.36737563
Thymine--Dimethyl_Sulfoxide_(DMSO),0.04375487,2.717473,175.114353,0.07659934,6.671,132.097149,75255,-0.04541238,0.73669234,-142.01926585
N-Methylacetamide--Acetone,0.01103954,3.018287,179.349208,0.01754253,8.272,92.140508,79316,-0.04076569,0.49755044,-75.42096183
"Butanoic_Acid--1,4-Dioxane",0.0222184,2.769425,177.256389,0.05031588,1.956,114.404785,75893,-0.03195518,0.50177888,-95.79603488
Ethylamine--N-Methyl-2-pyrrolidone_(NMP),0.01289376,3.006641,155.704939,0.01783268,3.936,106.585818,73154,-0.03339656,0.47127951,-84.95172629
Glycine--Propylene_Carbonate,0.04397086,2.720055,160.911856,0.04851536,4.785,101.70355,75232,-0.05649465,0.53483594,-53.75719961
"Resorcinol--1,4-Dioxane",0.01760396,2.836851,178.319624,0.0373625,2.891,133.301067,67419,-0.03998101,0.4346029,-60.62467418
Butan-1-ol--Pyrazine,0.01951423,2.876736,174.349617,0.04120758,2.23,115.317168,71036,-0.03112596,0.5130869,-139.44425608
"Alanine--N,N-Dimethylacetamide_(DMAc)",0.07235134,2.63526,167.860878,0.08518685,3.575,117.823288,75763,-0.05076507,0.46731818,-51.00107557
Tryptophan--Phosphate_Ion,0.14629117,3.021859,167.746854,0.06455829,6.81,186.157844,70919,-0.07106957,0.66275979,-51.1586176
Pyrrole--Pyruvic_Acid,0.00571826,3.084279,173.963346,0.01371147,4.269,102.723468,78578,-0.0311289,0.39339566,-76.28279338
"Resorcinol--N,N-Dimethylacetamide_(DMAc)",0.04040056,2.740972,172.762683,0.05765344,6.759,139.213807,73023,-0.04119067,0.43534834,-55.85187255
Aspartic_Acid--18-Crown-6,0.0279277,2.707623,169.948444,0.0726217,1.504,242.989473,65228,-0.04051649,0.94361485,-141.98358593
Urea--Propylene_Carbonate,0.04144253,2.882434,156.073198,0.0266735,3.52,94.416429,75693,-0.06785229,0.77451358,-115.2595565
Ammonia--Vinyl_Acetate,0.01931554,3.133102,148.620737,0.00988155,0.601,71.112377,80982,-0.03131027,0.34600189,-57.4062548
Lactic_Acid--Propylene_Carbonate,0.04161693,2.705331,161.388748,0.05469337,4.177,108.917202,77879,-0.04708657,0.5908489,-81.05072887
Aspartic_Acid--Gamma-Butyrolactone_(GBL),0.03207788,2.702457,172.553463,0.06386685,5.262,126.294935,74528,-0.0394323,0.44940698,-64.09742215
Acetic_Acid--Pyrimidine,0.08568162,2.725897,176.456262,0.08926288,1.148,93.223118,78495,-0.0663352,0.61445885,-56.55925404
Propan-2-ol--Benzophenone,0.01076635,2.935607,170.032033,0.01868918,5.51,188.349322,63609,-0.02976807,0.4265141,-69.06857858
Chloroacetic_Acid--Ethanol,0.08295096,2.658964,157.576546,0.07944484,2.975,80.303173,80508,-0.06255962,0.69816994,-66.28069411
Guanine--N-Methyl-2-pyrrolidone_(NMP),0.03285527,2.757307,176.981346,0.06636486,1.453,162.823372,65389,-0.04289116,0.53176233,-74.61149227
Citric_Acid--Anisole,0.02035705,2.787562,167.068056,0.04461428,3.491,182.848655,70345,-0.03334396,0.47346268,-86.02217155
Glutamic_Acid--Propan-1-ol,0.0584865,2.67159,155.806189,0.07406163,2.053,129.579106,78074,-0.05139956,0.45569179,-51.7556367
Urea--Dimethyl_Sulfoxide_(DMSO),0.08009007,2.809727,172.960828,0.04935045,0.465,89.438213,78043,-0.05674262,0.64502021,-64.42559476
Chloroacetic_Acid--Acetone,0.06103039,2.675615,174.976138,0.08321376,4.373,88.526409,76129,-0.05573298,1.04016674,-186.49623721
N-Methylformamide--Morpholine,0.02278321,2.949965,169.047514,0.02829634,6.716,100.575512,76167,-0.04428891,0.75945844,-158.77918162
Formamide--Acetone,0.05716511,2.843794,170.298225,0.04492469,1.556,69.019463,70523,-0.04565203,0.47433028,-66.2540101
Glutamic_Acid--Butan-2-one_(MEK),0.05494514,2.702704,175.144749,0.07675106,3.691,137.85693,72489,-0.04971115,0.65972517,-93.45219311
Uracil--2-Picoline,0.07257537,2.741046,175.141661,0.10633044,7.833,142.293572,72505,-0.05694231,0.57018142,-58.30343609
Glutamic_Acid--Methanol,0.09043295,2.676714,155.262335,0.072303,1.97,106.364674,81004,-0.05880239,0.58914075,-66.44947423
Formic_Acid--Pyridine,0.18535272,2.666216,177.235683,0.12391912,4.369,86.50159,83999,-0.09355391,0.78541239,-54.03119107
Propan-1-ol--Isoquinoline,0.0216352,2.866173,169.893596,0.04344415,4.962,148.018765,65701,-0.03671835,0.37533798,-54.40502411
Cysteine--Urea,0.06384823,2.602098,178.423227,0.12438213,3.701,111.60454,78599,-0.04305771,0.57878137,-117.17809481
Barbituric_Acid--Anisole,0.03063448,2.863545,171.444161,0.04422864,1.849,154.317827,68849,-0.05431847,0.52274763,-57.69686396
Cysteine--Cyclohexanone,0.02307617,2.667604,168.852784,0.07639747,3.352,146.235315,75784,-0.03911399,0.59682328,-110.60688924
Hydroquinone--18-Crown-6,0.01265413,2.833825,170.993025,0.03779649,3.635,246.424498,68436,-0.03424542,0.40902826,-67.42238115
Chloroacetic_Acid--Vinyl_Acetate,0.0809328,2.705205,177.221332,0.07150286,3.045,104.384235,79307,-0.07426238,0.91582043,-103.64173738
Methylamine--Pyruvic_Acid,0.0196034,3.165956,138.156618,0.01529421,1.336,74.050831,80412,-0.03806857,0.51499606,-98.12072505
Propanoic_Acid--Isoquinoline,0.04896037,2.683888,176.745549,0.11024395,3.421,149.381855,67497,-0.04021658,0.55640876,-88.25004546
Piperidine--18-Crown-6,0.00911036,3.171925,145.788699,0.00672282,3.976,249.283299,69602,-0.03050944,0.31875853,-61.14091345
Dimethylamine--Valerolactone,0.00708955,3.151703,156.333957,0.0086944,5.98,90.950345,78895,-0.04218303,0.50546926,-74.27545184
Benzyl_Alcohol--Quinoline,0.01967645,2.809094,172.129382,0.05543645,4.621,187.380571,70116,-0.04140795,0.61056055,-130.07630363
Ethylene_Glycol--Cyclohexanone,0.03065183,2.812461,167.724311,0.04157226,4.825,109.075587,75123,-0.04298703,0.4563186,-67.74719528
Hydroxylamine--Acetone,0.02478283,3.050683,162.019178,0.01906854,3.11,60.016995,76012,-0.04499315,0.51122443,-90.67746656
Phenol--Ethylene_Carbonate,0.01088259,2.931011,176.228521,0.02136787,8.037,118.827396,72069,-0.03656595,0.45319009,-71.05006836
Sulfuric_Acid--Vinyl_Acetate,0.07488442,2.560657,154.270467,0.08055122,3.34,102.562295,79810,-0.0549717,0.56359367,-66.98635416
Hydrogen_Peroxide--Anisole,0.03889529,2.848924,176.271328,0.03449909,1.643,98.618483,76189,-0.05730377,0.61145348,-76.37506557
Threonine--Ethyl_Acetate,0.02401105,2.805111,176.073998,0.0456979,3.973,129.649982,76609,-0.03506388,0.34315393,-54.95069094
Imidazole--Morpholine,0.00965564,2.928054,172.779129,0.02950268,7.23,110.855215,79590,-0.03359807,0.56398349,-123.77655211
Adenine--Phenol,0.01573084,2.933846,173.000794,0.02852748,8.295,152.669916,66016,-0.05430706,0.6126117,-57.70641519
Formamide--Benzophenone,0.02574873,2.841277,170.783251,0.04625445,2.085,171.363857,70916,-0.03285585,0.59353699,-119.46965835
Butan-1-ol--Benzophenone,0.01385964,2.871234,166.523657,0.02362223,5.578,200.214901,62184,-0.02961455,0.62220249,-146.5797049
Glycerol--Anisole,0.01937786,2.899129,150.982345,0.01907194,1.142,138.380491,71797,-0.03228856,0.37256082,-81.97644332
Oxalic_Acid--Oxime,0.11683155,2.702844,153.856594,0.05819636,2.374,69.529987,81731,-0.0932057,0.6732492,-38.38521177
"Methanol--1,4-Dioxane",0.01606461,2.897559,171.137371,0.02498968,2.155,78.156472,81539,-0.03855049,0.42021764,-68.25907448
N-Methylacetamide--Benzaldehyde,0.00728497,3.010436,178.408454,0.02165197,9.17,131.932681,75240,-0.03894015,0.51422507,-82.84208292
N-Methylacetamide--Diethyl_Ether,0.02939411,2.957424,178.602103,0.02616275,6.713,107.429119,74801,-0.04834459,0.42973807,-49.31336916
Acetamide--Ethyl_Acetate,0.02626501,3.003441,172.81794,0.02370247,5.917,96.879264,71425,-0.05267661,0.69194682,-76.3492362
Butanoic_Acid--Valerolactone,0.02853724,2.731483,172.345546,0.0559766,3.293,110.808581,71901,-0.03437146,0.49574697,-87.16916879
Imidazole--Pyrimidine,0.06998902,2.913642,178.657927,0.04566916,6.144,108.488309,86917,-0.07386294,0.64746534,-49.82401523
Glycerol--Acetophenone,0.02774854,2.833855,175.134754,0.03744527,4.357,146.621331,75043,-0.0443576,0.53441351,-83.28349258
Butan-1-ol--Pyrimidine,0.01887634,2.887504,171.934564,0.03878547,4.294,115.325384,69764,-0.03630896,0.96021783,-171.00040181
Hydrogen_Peroxide--Methanol,0.08281361,2.834963,171.391167,0.03292355,2.274,35.901652,92203,-0.06643312,0.69932026,-86.51932826
Butan-2-ol--Urea,0.05879025,2.77524,151.106401,0.03897678,4.179,92.846964,78105,-0.0467089,0.77590012,-175.37441301
N-Methylformamide--Diethyl_Ether,0.02858279,2.928731,178.956427,0.02979902,6.663,96.143349,74997,-0.0415745,0.55572238,-92.59620878
Cytosine--Hexamethylphosphoramide_(HMPA),0.03776127,2.824022,170.358301,0.04021901,4.522,204.978659,66805,-0.03664922,0.38545037,-60.52568353
"Butan-1-ol--N,N-Dimethylformamide_(DMF)",0.01530901,2.826273,172.898224,0.03863046,5.882,107.736086,66221,-0.03020156,0.84011406,-180.31338475
Citric_Acid--Isoquinoline,0.01823714,2.662588,175.188647,0.12007841,4.745,201.715379,64066,-0.03073798,0.31049192,-60.58545065
Glycine--Ethanol,0.04597287,2.741007,176.363462,0.05751597,3.801,76.755583,78878,-0.04750839,0.65483684,-108.2393621
Oxalic_Acid--Benzaldehyde,0.05769276,2.670936,173.516864,0.09155159,4.86,122.612098,76893,-0.06692079,0.74350336,-83.19723451
Hydrazine--Acetic_Acid,0.14859916,2.960389,145.791277,0.10229213,2.431,57.697681,78351,-0.05653201,0.65594779,-92.51974932
Dimethylamine--Butan-2-one_(MEK),0.01417336,3.087652,144.740592,0.01078634,2.251,91.030518,77316,-0.03736687,0.47538942,-90.07236245
N-Methylacetamide--Phenol,0.01155741,3.049315,174.34283,0.01822127,6.088,123.031147,73476,-0.04509159,0.51099037,-72.19801506
Cysteine--Carbon_Dioxide,0.01898985,2.89973,150.842518,0.01952965,1.904,94.158474,84167,-0.05842107,0.85735972,-149.68756466
"Hydroxylamine--N,N-Dimethylacetamide_(DMAc)",0.03905653,2.973737,150.716674,0.01860316,4.051,81.125095,82403,-0.04407103,0.55142727,-102.50029273
Ethylene_Glycol--Valerolactone,0.0172564,2.901972,171.096593,0.02166572,7.651,90.786788,79440,-0.05217299,0.60543141,-79.93479736
Indole--Tetrahydrofuran_(THF),0.01683602,2.949702,179.845689,0.02650018,5.139,145.963821,73034,-0.04343089,0.46435365,-57.81444469
"Fructose--N,N-Dimethylacetamide_(DMAc)",0.03834801,2.747019,168.927785,0.05024131,7.557,162.442769,73513,-0.04060681,0.44701121,-71.96445184
Aspartic_Acid--Pyruvic_Acid,0.02947463,2.726191,170.843073,0.060353,1.909,121.534176,77045,-0.04318735,0.52784373,-86.24860893
Indole--Formaldehyde,0.01917809,3.106909,179.538247,0.01210616,5.19,113.197963,81869,-0.07943419,0.73707952,-60.96723534
Hydrogen_Peroxide--Morpholine,0.03161734,2.798274,170.055076,0.04308689,2.881,75.434035,80142,-0.05362057,0.48815961,-50.22392348
Ethylamine--Benzophenone,0.00628141,3.164494,156.794946,0.0078922,4.875,181.196864,64105,-0.02845867,0.40304347,-83.53282877
Salicylic_Acid--Carbon_Dioxide,0.03590108,2.93399,153.093573,0.01725094,3.083,109.412449,81122,-0.06695272,0.99134995,-104.69831398
"N-Methylformamide--N,N-Dimethylacetamide_(DMAc)",0.04729496,2.867056,166.307981,0.04051807,8.551,101.920732,72268,-0.05010659,0.55659914,-90.02163975
Hydrogen_Peroxide--Benzaldehyde,0.03993986,2.818786,168.827831,0.04047468,4.565,95.53416,78225,-0.05141215,0.57569666,-75.91038419
Butan-1-ol--Acetaldehyde,0.00597365,2.89854,174.24221,0.02887646,3.911,86.642878,72173,-0.02763551,0.3746204,-77.48666523
Guanine--Ethyl_Acetate,0.02634214,2.91866,170.632428,0.03230194,7.091,151.909121,67144,-0.04911309,0.49240512,-57.99248971
Guanine--Dimethyl_Ether,0.03087396,2.867555,177.377343,0.03736638,3.466,127.472548,73693,-0.05896326,0.52857158,-50.97306422
Propan-1-ol--Pyridine,0.01633162,2.881206,174.055622,0.04071029,4.116,108.047948,73034,-0.03501166,0.3900274,-62.3231323
Formamide--Pyridine,0.14654984,2.824095,171.202819,0.06666691,4.185,90.904151,85269,-0.08964767,0.72045249,-47.13079537
Thymine--Valerolactone,0.01526679,2.858373,165.568655,0.04343687,8.655,132.079519,77329,-0.04605294,0.59189645,-82.94593226
Acetamide--Acetic_Acid,0.039549,2.898777,174.22942,0.03639731,2.587,73.463785,75111,-0.0516701,0.66051042,-117.05792746
Pyrrolidone--Ethanol,0.04262813,2.892927,133.570256,0.04202236,3.394,90.379214,74662,-0.0427741,0.44522821,-56.70352553
N-Methylacetamide--N-Methyl-2-pyrrolidone_(NMP),0.025428,2.952308,179.39264,0.02636155,9.493,119.755542,74819,-0.04508811,0.49050149,-66.12478488
Glycerol--Tetrahydrofuran_(THF),0.01443878,2.856009,169.028626,0.03480467,2.688,105.577516,76573,-0.03610143,0.44307447,-86.8293118
Glycerol--Acetamide,0.05982264,2.729309,166.875701,0.05821721,4.582,93.106413,80380,-0.04817392,0.56303459,-84.87470109
Methanol--Butan-2-one_(MEK),0.0324286,2.841361,166.747882,0.03618347,3.527,74.64163,74463,-0.03604059,0.44756221,-86.57708193
Fructose--Acetamide,0.03270052,2.768612,176.573244,0.0522161,6.404,138.875132,74377,-0.03921609,0.46534806,-87.82465844
Aniline--Trioxane,0.00786419,3.093323,173.272962,0.01414917,2.419,121.750298,77379,-0.03649368,0.50538447,-114.50543454
Glutamic_Acid--Phenol,0.03476244,2.802032,169.653772,0.04212775,2.168,157.120345,73335,-0.04862782,0.63218506,-74.20109865
Chloroacetic_Acid--Phenol,0.04585169,2.763925,169.238367,0.04978012,3.771,119.459867,78719,-0.09189267,7.22397074,-274.20556641
"Trifluoroethanol--N,N-Dimethylformamide_(DMF)",0.03207582,2.717435,171.566804,0.06409108,5.723,87.858639,76987,-0.04347945,0.94170424,-159.12293915
Ethanol--Diethyl_Ether,0.02944079,2.879146,174.059115,0.03267508,2.647,89.767149,78326,-0.03895181,0.52771059,-92.87200502
Citric_Acid--Phenol,0.01439337,2.734247,151.573974,0.04210204,1.682,170.970188,68859,-0.03088982,0.40787634,-111.09139736
Dimethylamine--Formaldehyde,0.02324021,3.082754,172.701869,0.01792039,2.03,56.696893,83028,-0.05168013,0.5448714,-75.49511077
Pyrrolidine--Formaldehyde,0.00458979,3.258909,155.884334,0.0063235,3.264,74.715549,80130,-0.03747519,0.41385032,-62.15806493
Tryptophan--Oxime,0.01091579,2.989008,154.130939,0.01641528,4.831,172.39287,65435,-0.04386855,0.50490085,-77.88706219
Glucose--Vinyl_Acetate,0.04122453,2.827414,171.695149,0.03983027,3.838,155.592,75586,-0.03976393,0.46596185,-81.69650361
Glycerol--N-Methyl-2-pyrrolidone_(NMP),0.0371492,2.786984,170.848911,0.04110685,5.266,122.988271,74575,-0.04277231,0.89997499,-161.74159426
Chloroacetic_Acid--Propylene_Carbonate,0.01743088,2.87932,156.382377,0.02713922,3.912,105.136378,79631,-0.06549987,0.84371935,-78.89811075
Chloroacetic_Acid--Isoquinoline,0.03288962,2.634344,177.518213,0.14396337,5.385,150.249272,71108,-0.06517211,0.60584077,-46.21103106
"Butan-2-ol--N,N-Dimethylformamide_(DMF)",0.03336002,2.818366,165.118159,0.03522929,4.567,107.497485,73033,-0.04739279,0.55735025,-75.89504484
Ammonia--Sulfate_Ion,0.01264196,3.087732,169.001763,0.01320711,1.602,54.985593,82874,-0.07023404,2.7216753,-257.87115493
Guanine--Cyclohexanone,0.02374661,2.823421,172.039326,0.05029651,1.121,165.130596,68705,-0.04327899,0.42743415,-67.18193458
Diethanolamine--Dimethyl_Ether,0.02942379,2.889093,171.624038,0.02655885,4.686,104.019052,76094,-0.04973153,0.53116815,-72.21093167
Tryptophan--Benzophenone,0.0080431,2.95764,179.636396,0.02199237,8.87,288.163571,62705,-0.03515729,0.49983983,-100.94841358
Hydroquinone--Propylene_Carbonate,0.00610418,2.938519,175.014859,0.02112754,6.854,134.710458,67841,-0.0372306,0.5899608,-95.80859431
Butan-1-ol--Acetophenone,0.02029245,2.828865,165.575487,0.03751809,4.166,149.031737,62976,-0.02968938,0.38183448,-74.62032345
Ammonia--Gamma-Butyrolactone_(GBL),0.01508032,3.202317,147.673234,0.00707956,3.379,66.834197,76081,-0.05116228,0.52656567,-61.64892564
Saccharin--Acetic_Acid,0.10839406,2.71302,166.505031,0.08254122,4.714,149.99006,70677,-0.07933973,0.89122682,-78.10030245
Citric_Acid--Quinoline,0.02235618,2.646317,172.331551,0.12666737,3.964,201.69403,68999,-0.03280772,0.55547837,-141.5259211
Ethanol--Gamma-Butyrolactone_(GBL),0.01024289,2.954927,165.365155,0.017,6.89,86.096861,75345,-0.05613223,0.54995589,-67.33694779
Cyclohexanol--Acetone,0.01696782,3.080532,174.080509,0.01040482,5.44,115.991389,73533,-0.04014887,0.42787873,-75.86517511
Chloroacetic_Acid--Acetophenone,0.06244951,2.657604,172.014076,0.08536633,4.546,139.633712,70870,-0.05645281,0.91335887,-155.2010448
Citric_Acid--Benzaldehyde,0.01346679,2.764788,175.049253,0.04769084,5.445,179.800104,64284,-0.02843271,0.38709081,-74.42383674
Threonine--Pyruvic_Acid,0.02878845,2.739237,170.271531,0.05653872,1.128,119.865488,79379,-0.04097374,0.71197465,-85.77777813
Butanoic_Acid--Dimethyl_Sulfoxide_(DMSO),0.05263032,2.621514,178.713229,0.09653266,2.562,110.878341,75431,-0.0398135,0.59259147,-117.13510352
Hydrazine--Urea,0.10186603,2.959844,156.876765,0.05580585,3.327,59.589496,79433,-0.05372385,0.55744635,-67.40287265
Glycerol--Phosphate_Ion,0.00243507,2.470018,173.049867,0.18380851,10.003,96.498802,79418,-0.0610575,0.89256297,-133.86989642
Pyrrole--Quinoline,0.02523995,2.888739,178.241357,0.05086523,5.453,157.746376,73767,-0.04188554,0.44006379,-64.65761732
Butanoic_Acid--Acetamide,0.05863772,2.639663,179.144151,0.10422718,2.555,96.92058,66491,-0.03220775,0.38055928,-82.10335288
Piperidine--Methanol,0.0048939,3.131128,169.987899,0.01434863,1.814,101.097908,73777,-0.03753943,0.62770547,-100.02532242
Hydrogen_Peroxide--Trioxane,0.03973268,2.810375,159.997302,0.03836527,1.731,59.156706,81330,-0.06578038,0.88122055,-137.7961786
Butylamine--Trioxane,0.00480459,3.141266,159.977349,0.01012334,3.148,105.812653,76352,-0.03518804,0.45627034,-79.28366323
Cyclohexanol--Propan-2-ol,0.01895385,2.943101,161.38172,0.0165903,3.23,119.123258,77031,-0.04142443,0.69238721,-150.91676172
Glycerol--Methanol,0.03375821,2.856203,168.923479,0.03425136,1.565,75.640599,80605,-0.03996998,0.47996421,-74.5630576
Uracil--Phenol,0.02341719,2.913369,169.506607,0.0326732,6.464,139.910379,76727,-0.05312768,0.51849234,-54.64253902
Ethylene_Glycol--Benzaldehyde,0.02201975,2.857021,172.591805,0.03499607,6.246,119.008613,77503,-0.04941581,0.60001025,-74.91553974
Hydroxylamine--Morpholine,0.03149199,3.046899,163.983339,0.0267351,2.88,79.713827,81630,-0.0477986,0.49174466,-69.27232117
Fructose--Tetrahydrofuran_(THF),0.02534229,2.841024,169.561683,0.0389129,3.408,151.350194,71318,-0.04194714,0.71704005,-144.21227335
Ethanol--Dimethyl_Sulfoxide_(DMSO),0.0572042,2.805673,162.7125,0.03504198,4.17,86.120235,80434,-0.06152624,0.94784761,-159.33872736
Urea--Methanol,0.05154329,2.97351,173.00215,0.02249791,3.367,57.959696,82835,-0.06260543,0.81967828,-130.15681524
Methanol--Ethanol,0.03574716,2.85199,174.152042,0.03592192,2.946,54.665153,79563,-0.04029964,0.49709557,-89.17433734
Histidine--Phenol,0.00718763,3.023905,147.464497,0.01460236,4.941,172.202313,74991,-0.04533752,0.65511586,-78.52806199
Diethanolamine--Valerolactone,0.01616836,2.978976,166.186665,0.0163136,6.694,123.382405,76883,-0.04470205,0.4843349,-61.83986318
Ethylene_Glycol--Acetamide,0.07630311,2.735599,159.238898,0.05331128,4.751,76.827693,80119,-0.06268575,0.67208481,-95.48639493
Acetic_Acid--Benzaldehyde,0.04941412,2.728673,173.482635,0.06783415,3.069,115.647435,69873,-0.06466509,0.62944256,-78.09971628
Glycine--Tetrahydrofuran_(THF),0.04785799,2.716669,175.544937,0.07157098,2.88,95.118315,76733,-0.04618912,0.52938809,-81.58428851
Methylamine--2-Picoline,0.01775934,3.092256,166.138041,0.02079863,3.22,100.754401,76536,-0.04459799,0.46389214,-57.34719996
Pyrrolidone--Methyl_Acetate,0.02598324,3.019602,167.217745,0.0211192,5.922,103.614085,73159,-0.04853809,0.6213442,-115.62892689
Formamide--Pyruvic_Acid,0.08850502,2.95095,130.588477,0.09237238,3.63,75.798195,82535,-0.06132748,0.65101339,-74.80656954
Sulfuric_Acid--N-Methyl-2-pyrrolidone_(NMP),0.03965139,2.50433,162.6634,0.12796281,4.291,114.111593,77063,-0.05850046,0.65978818,-86.85358978
Glutamic_Acid--Acetic_Acid,0.11265738,2.664833,169.932667,0.09377954,2.115,119.509254,81184,-0.05931792,0.7837334,-111.05431691
Glycerol--Benzophenone,0.02149672,2.81553,178.506335,0.0426237,4.3,197.767249,72619,-0.03771283,0.52429754,-77.02459105
Indole--Acetaldehyde,0.00655153,3.034001,179.448072,0.01723004,6.295,124.551998,79341,-0.05251931,0.55458739,-59.34846232
Saccharin--Urea,0.08287937,2.669584,175.731186,0.11071358,5.626,151.880914,73910,-0.07347289,0.99253876,-126.24546806
Salicylic_Acid--Pyruvic_Acid,0.01246386,2.80695,177.343984,0.04597735,2.464,138.441573,72357,-0.04239743,0.46100082,-56.39730259
Threonine--Diethyl_Ether,0.02388444,2.739825,173.254696,0.06131515,3.167,128.335049,77385,-0.03249072,0.57745947,-103.65251715
Indole--Benzophenone,0.0160799,2.930905,161.408763,0.02668915,5.865,238.080944,70645,-0.04028588,0.43545036,-72.27203282
Cyclohexanol--Ethanol,0.0222842,2.955488,161.691879,0.01559063,3.139,107.615739,74808,-0.04312887,0.4536665,-61.78144085
N-Methylacetamide--Propan-1-ol,0.01908901,2.987142,170.896887,0.02513038,6.669,95.491631,76983,-0.03817819,0.46045641,-86.0612891
Hydrogen_Peroxide--Dimethyl_Sulfoxide_(DMSO),0.10222753,2.672885,156.299652,0.06134316,4.595,67.414484,81733,-0.05768843,0.75485546,-93.34978342
Hydroquinone--Trioxane,0.01441356,2.870558,172.356352,0.03169098,2.024,121.540607,75702,-0.03782389,0.48636814,-70.43152221
Dimethylamine--Propan-2-ol,0.01023405,3.124111,166.392203,0.011311,2.561,82.572775,77808,-0.04370758,0.53667091,-92.81958277
Fructose--Phenol,0.02158342,2.867033,151.130076,0.02511025,3.844,172.283425,65385,-0.03897318,0.63436105,-116.65466046
Propanoic_Acid--Quinoline,0.04566942,2.671026,178.531999,0.11723355,3.779,149.33793,67398,-0.03808926,0.43784176,-67.77713486
Cytosine--Urea,0.11365546,2.732453,178.645076,0.08289878,3.651,108.608824,75662,-0.05099628,0.55119958,-60.71173259
Salicylic_Acid--Acetaldehyde,0.03977339,2.78549,176.948583,0.05214004,1.967,120.347531,72120,-0.05077607,0.70803957,-91.9289189
Tryptophan--Pyridine,0.02446759,2.862587,179.375904,0.05596393,7.697,207.79339,67303,-0.04033772,0.47931989,-59.93187707
Propan-2-ol--Vinyl_Acetate,0.01367841,2.934706,163.187676,0.01940881,4.143,101.962332,74359,-0.02993844,0.45164567,-89.11990373
Urea--Quinoline,0.06238516,2.842717,172.277317,0.06057106,3.46,139.578202,77246,-0.06664882,0.62352538,-54.01288698
Methanol--Acetone,0.03096839,2.839308,166.014568,0.03632576,3.403,62.977359,70930,-0.03683497,0.47519851,-82.62158327
Glutamic_Acid--2-Picoline,0.05010614,2.637304,171.155743,0.1317808,3.26,159.458913,78865,-0.04368835,0.55958829,-73.85725717
Hydroquinone--Dimethyl_Ether,0.0234,2.844918,176.572113,0.0373318,2.612,110.225244,72557,-0.04464433,0.48138061,-58.71715865
Benzyl_Alcohol--Benzaldehyde,0.01847815,2.862308,178.231716,0.03414753,5.764,165.353831,78843,-0.04343724,0.57800754,-100.06017712
"Butan-1-ol--1,4-Dioxane",0.02150866,2.869699,172.641295,0.03157077,1.938,113.070376,71682,-0.03530076,0.82607085,-151.03280299
Saccharin--Oxime,0.03194854,2.815005,123.660181,0.02571656,4.414,143.260533,75946,-0.06310363,0.79529823,-109.62101456
Glutamic_Acid--Diethyl_Ether,0.03743012,2.733687,170.915587,0.05835819,2.278,141.478371,77769,-0.05009339,0.49435372,-52.75212433
Indole--Propan-2-ol,0.02164755,2.936925,162.687853,0.02355053,4.541,139.045708,69889,-0.03894711,0.45517516,-63.78908768
Thymine--Anisole,0.0385026,2.90442,171.040612,0.03455567,4.877,163.397729,72016,-0.05922747,0.6714111,-74.18752935
Cytosine--Propan-1-ol,0.02760023,2.895826,177.012571,0.03571947,2.424,116.834005,72865,-0.04391076,1.00659284,-177.39152383
N-Methylacetamide--Valerolactone,0.00761375,3.042096,167.647651,0.01516242,9.853,103.670242,77822,-0.04058201,0.40010069,-55.1169488
Resorcinol--Tetrahydrofuran_(THF),0.01214301,2.863474,175.869041,0.03027283,4.431,128.287054,72250,-0.04366611,0.81189185,-127.19940447
Guanine--Isoquinoline,0.03436243,2.748409,178.10939,0.09492208,2.519,197.03723,67376,-0.05109714,0.68753197,-73.02864849
"Butanoic_Acid--N,N-Dimethylacetamide_(DMAc)",0.04979892,2.653169,168.347629,0.07268004,3.017,120.370635,76017,-0.03438878,0.43348159,-69.89400371
N-Methylformamide--Benzaldehyde,0.01339256,2.959701,165.363763,0.02661985,7.825,120.648385,64084,-0.042446,0.51936864,-92.83132408
Glycerol--Formaldehyde,0.04383806,2.909609,165.365014,0.02558312,3.638,72.844383,80058,-0.05060507,0.51736187,-64.86148099
Acetamide--Pyrimidine,0.05308969,2.893347,170.388923,0.04789638,5.414,97.654768,77049,-0.0706877,0.64852476,-54.18947835
Formamide--Phosphate_Ion,0.01717365,2.440953,166.460876,0.24531149,5.894,70.208814,81582,-0.09115793,1.684762,-198.75757805
Threonine--Methyl_Acetate,0.02018918,2.816247,176.626288,0.04218026,3.531,118.089109,79047,-0.03653959,0.39605639,-63.9718324
N-Methylformamide--Methanol,0.02908235,2.977943,174.604642,0.0251944,6.48,61.014638,81162,-0.04001032,0.42767311,-61.98427721
Barbituric_Acid--Diethyl_Ether,0.04387351,2.787505,174.050543,0.06682952,2.364,126.675646,75187,-0.04989574,0.62876795,-83.20918126
Chloroacetic_Acid--2-Picoline,0.02964337,2.622333,178.191818,0.15531691,5.177,121.719192,75182,-0.06347828,0.80925596,-108.52406517
Aniline--2-Picoline,0.01753292,2.930251,174.037025,0.04236863,4.442,151.615931,72325,-0.04096209,0.47187546,-59.4502302
"Chloroacetic_Acid--N,N-Dimethylformamide_(DMF)",0.04671934,2.691144,179.108327,0.06629264,7.388,98.352783,78742,-0.05484734,0.78242602,-103.96210006
Resorcinol--Sulfate_Ion,0.01608627,2.885661,176.269227,0.02296321,2.701,117.904991,76343,-0.06037543,0.61790563,-68.51645249
Glycine--Acetaldehyde,0.04880734,2.763088,178.525456,0.05821763,3.402,73.751422,75097,-0.04919029,0.519646,-63.98833266
"Diethanolamine--N,N-Dimethylacetamide_(DMAc)",0.05269924,2.797951,173.603215,0.04421166,7.05,132.897182,76387,-0.04329049,0.68484553,-144.77397027
Thymine--Methyl_Acetate,0.02786834,2.939391,170.061283,0.03095318,4.803,125.528308,77847,-0.04260056,0.80447727,-125.89725923
Diethanolamine--Acetic_Acid,0.07651879,2.907552,168.191806,0.05266504,4.154,105.029078,76859,-0.05831501,0.65957974,-84.07437747
Catechol--Gamma-Butyrolactone_(GBL),0.01503654,2.86769,176.992207,0.03362213,5.987,129.812966,79578,-0.04055607,0.4486391,-66.28777662
Sulfuric_Acid--Ethanol,0.12395594,2.581821,159.790566,0.10951435,2.365,78.401057,80543,-0.05363847,0.62850724,-69.40851312
Lactic_Acid--18-Crown-6,0.02591066,2.72075,174.269158,0.06834221,1.634,220.591714,70725,-0.04000023,0.70588452,-140.40169939
Lactic_Acid--Oxime,0.0575537,2.739827,152.118458,0.04556213,2.948,78.875245,77965,-0.05060917,0.8343342,-125.45402118
Barbituric_Acid--18-Crown-6,0.0244405,2.812838,170.832999,0.05752613,3.122,239.741676,68151,-0.0373212,0.50439739,-115.00319805
Dimethylamine--Ethylene_Carbonate,0.00827841,3.201325,155.217557,0.0079097,6.579,84.462342,77926,-0.04316887,0.60048282,-90.0547315
Thymine--Dimethyl_Ether,0.02297553,2.870375,174.12993,0.03796337,5.884,112.660938,75013,-0.05265859,0.6991503,-107.71760747
Benzyl_Alcohol--Propan-2-ol,0.0203485,2.82539,173.768546,0.04032374,3.36,128.737021,76033,-0.0388002,0.5756395,-104.47443865
Chloroacetic_Acid--Morpholine,0.05199418,2.711509,176.158009,0.06920328,3.726,108.219949,76706,-0.06303931,0.67779283,-81.6184471
Catechol--Ethylene_Carbonate,0.0045677,2.941374,171.694207,0.02023129,7.395,123.373545,79680,-0.06333799,0.69846052,-77.961931
"Acetic_Acid--1,4-Dioxane",0.04432839,2.762038,176.623272,0.05611856,1.944,91.045209,77323,-0.05489112,0.54687406,-57.88930558
Hydrogen_Peroxide--Diethyl_Ether,0.03519837,2.799583,171.493976,0.03960861,2.115,71.013005,79630,-0.03820334,0.51380332,-114.44071713
Indole--Dimethyl_Sulfoxide_(DMSO),0.03161222,2.844141,154.331756,0.03240856,5.255,147.46375,71286,-0.05328894,0.73292119,-91.41331843
Ethylamine--Acetaldehyde,0.00752406,3.198422,151.6151,0.00744129,2.592,67.640495,80068,-0.02983753,0.40778808,-88.75416446
Ammonia--Pyridine,0.01474495,3.11136,168.157027,0.01893873,3.71,77.204489,74192,-0.03608813,0.47278421,-91.77446109
N-Methylformamide--Butan-2-one_(MEK),0.02606603,2.922797,163.841967,0.030598,6.521,92.508477,75579,-0.04026222,0.4632301,-68.97167498
Butylamine--Benzophenone,0.00741036,3.097301,155.095259,0.01088532,4.426,204.572856,64718,-0.02819233,0.34240625,-77.31689417
Resorcinol--Isoquinoline,0.01763428,2.789963,175.809188,0.06319014,5.914,180.011345,67915,-0.03949739,0.49206247,-65.05067957
Barbituric_Acid--Butan-2-one_(MEK),0.05346646,2.791383,176.802033,0.06371826,4.513,123.094799,73736,-0.05694563,0.57222782,-62.58171537
Methanol--Pyrimidine,0.04480238,2.889553,171.52672,0.03899341,4.375,80.35684,77262,-0.05096837,0.54182445,-62.46145594
Citric_Acid--Benzophenone,0.01214215,2.733165,174.656944,0.05364727,4.084,242.194251,60150,-0.03154441,0.53726445,-129.59671997
Propanoic_Acid--Propylene_Carbonate,0.01795382,2.921543,161.903393,0.0250446,4.662,104.152585,77186,-0.03934036,0.43586802,-65.54780216
Propylamine--Acetophenone,0.0155493,3.131577,164.457826,0.01282934,4.062,141.73018,66465,-0.033107,0.40255682,-65.09117958
Phenol--Vinyl_Acetate,0.02183734,2.816358,167.825243,0.0389936,4.062,129.498136,70806,-0.03156718,0.36726077,-70.36192785
Tryptophan--Isoquinoline,0.02405466,2.857127,173.826156,0.05628973,8.413,247.756727,64069,-0.03812107,0.43289528,-56.86206537
Benzoic_Acid--Gamma-Butyrolactone_(GBL),0.04136088,2.714394,162.14912,0.05193706,3.353,138.595595,72800,-0.05433544,0.55642087,-67.99750487
Butan-2-ol--Methyl_Acetate,0.02202295,2.97252,164.383198,0.01797892,2.727,102.695202,80711,-0.0372149,0.58677562,-118.47844247
Pyrrole--Pyrazine,0.0476776,2.9571,179.998116,0.0382189,3.167,113.290353,81558,-0.06156753,0.61711121,-56.96170474
Butylamine--Anisole,0.00913801,3.14875,158.403437,0.009125,1.148,145.228138,69331,-0.03073018,0.28541965,-42.86169174
"Propylamine--1,4-Dioxane",0.01102701,3.160872,166.653483,0.01159134,1.588,105.759731,74707,-0.04058942,0.56070973,-111.67181581
Butan-2-ol--Dimethyl_Sulfoxide_(DMSO),0.03758083,2.819448,159.105017,0.03154971,4.004,109.324482,75188,-0.0470754,0.55096334,-59.24587019
Serine--Methyl_Acetate,0.02528933,2.825902,170.270084,0.04020034,4.052,106.539539,79603,-0.0338425,0.31995008,-46.18593996
Acetamide--Acetaldehyde,0.06054374,2.927309,178.624015,0.03502315,1.388,68.981237,70826,-0.06062679,0.61907982,-75.23151987
Ethylene_Glycol--Carbon_Dioxide,0.00875841,3.140063,172.725071,0.00795907,3.014,56.953148,93167,-0.06231154,0.64977184,-80.47623388
Ethanol--Butan-2-one_(MEK),0.03616769,2.850898,166.102371,0.0345083,3.649,86.163558,77218,-0.03939147,0.41230723,-67.51111618
Saccharin--2-Picoline,0.01026553,2.654203,178.073485,0.15554794,0.957,189.824919,76512,-0.05894613,0.51799663,-42.3244096
Formamide--Anisole,0.03064076,2.975926,174.283106,0.02612431,5.158,111.958051,78152,-0.04379876,0.39563338,-43.69593619
Serine--Gamma-Butyrolactone_(GBL),0.02830249,2.703882,161.368404,0.05500066,2.829,113.093913,83327,-0.03984558,0.44773603,-65.73712305
Tryptophan--Cyclohexanone,0.00390939,2.984287,177.186862,0.01986421,8.705,215.816564,66540,-0.03749515,0.55367752,-105.33741146
Ethylene_Glycol--2-Picoline,0.03712718,2.791953,169.99515,0.06035662,4.935,112.556546,73874,-0.04946976,0.60834251,-99.34127097
Cytosine--Diethyl_Ether,0.02215686,2.860094,174.826021,0.04396041,2.531,128.762748,70088,-0.03873863,0.50133035,-89.35576501
Methylamine--Dimethyl_Sulfoxide_(DMSO),0.03804258,2.966839,154.823721,0.02090702,2.873,78.942028,78421,-0.04550259,0.68614733,-111.92522522
Thymine--Propan-1-ol,0.03974966,2.767134,146.602285,0.04501403,3.605,123.959727,75975,-0.03449711,0.36227551,-62.13438223
Hydroxylamine--N-Methyl-2-pyrrolidone_(NMP),0.01826201,2.996812,165.823254,0.02132652,4.255,87.637059,77571,-0.04505292,0.44356755,-56.03755929
Ethylamine--Valerolactone,0.00698391,3.154883,160.06308,0.01014888,3.524,90.441206,72780,-0.03392518,0.42797298,-89.76771171
Histidine--Butan-2-one_(MEK),0.02098646,3.104612,160.783015,0.01352751,7.911,152.883005,71042,-0.0407499,0.41347925,-53.4653954
Propanoic_Acid--Ethyl_Acetate,0.02643347,2.83086,172.056228,0.0402664,3.461,104.163389,78795,-0.04021884,0.60627915,-113.4413083
Salicylic_Acid--Pyridine,0.04497796,2.70396,179.046459,0.09967664,0.99,153.476195,76946,-0.04161449,0.57003679,-90.05787319
Urea--Benzaldehyde,0.04574107,2.936898,174.427388,0.02907013,1.089,117.605932,80550,-0.0623704,0.56820328,-48.58375756
Acetic_Acid--Propan-1-ol,0.06772505,2.74554,178.278854,0.05770108,2.527,79.283834,76566,-0.05307657,0.55144683,-68.68593048
Imidazole--Diethyl_Ether,0.01942257,2.924367,179.992182,0.02979331,6.306,106.41569,77156,-0.03353731,0.53383693,-104.05776643
"Alanine--1,4-Dioxane",0.04607168,2.737328,171.385271,0.06352852,1.942,111.83893,74073,-0.05463829,0.94885725,-130.51199723
Acetic_Acid--Carbon_Dioxide,0.049196,2.917025,151.476952,0.01807931,1.868,53.672644,86196,-0.09260586,1.13525434,-109.36063582
N-Methylacetamide--Trioxane,0.01513188,3.03946,166.084834,0.01677024,5.469,95.606196,76858,-0.05067432,0.5188442,-67.03502559
Glutamic_Acid--Pyrimidine,0.06836819,2.685242,167.873989,0.09864244,2.216,143.50454,78232,-0.04822001,0.45018362,-52.68039877
Diethanolamine--Benzaldehyde,0.01767578,2.918358,172.675217,0.02694826,6.727,151.635783,73541,-0.04123728,0.51821,-88.75477853
Barbituric_Acid--Benzophenone,0.02161566,2.781255,179.746288,0.0497709,5.015,213.676799,70202,-0.04136933,0.39695034,-44.4143227
Cytosine--Acetone,0.03434034,2.828212,173.868357,0.05132834,2.492,113.429722,73486,-0.04265095,0.48012293,-59.90868667
Butylamine--Acetamide,0.01433552,3.052598,155.494888,0.01609206,3.508,99.851754,76088,-0.03239923,0.36277018,-67.83227138
Pyrrolidine--Ethylene_Carbonate,0.00337175,3.244754,152.063351,0.00636867,6.511,102.436356,73258,-0.04451759,0.53956066,-78.88827759
Histidine--Propan-1-ol,0.05088569,2.8223,160.753907,0.06248096,4.849,144.682427,73355,-0.03924509,0.38889881,-52.77964371
N-Methylformamide--Anisole,0.01839017,2.985591,165.506456,0.02219684,5.552,123.736539,69397,-0.03937996,0.46599308,-69.72174537
Formamide--2-Picoline,0.0730743,2.822324,174.374367,0.07129859,4.697,102.383019,73971,-0.05195842,0.46017726,-43.60938396
Glycerol--Urea,0.05765854,2.75052,169.96019,0.05295257,4.955,90.636408,81253,-0.03705817,0.39440191,-58.03192195
Glycerol--Oxime,0.06254721,2.862171,159.775693,0.05541778,2.453,81.948477,83272,-0.03887676,0.44893743,-72.5627304
Glycine--Butan-2-one_(MEK),0.04002262,2.723462,177.239713,0.06746125,4.333,96.731399,76895,-0.04042357,0.47159414,-71.76289976
Glucose--Ethylene_Carbonate,0.03948194,3.030795,161.348029,0.01417563,2.555,144.676244,79820,-0.05599102,0.82144351,-126.68427355
Ascorbic_Acid--Diethyl_Ether,0.03997083,2.769518,176.848181,0.0499469,8.402,150.681445,74199,-0.05573314,0.77799975,-105.03786508
Salicylic_Acid--Acetone,0.03561574,2.727123,178.146478,0.06629534,2.054,131.660678,74116,-0.04219761,0.748251,-136.17889978
Hydrazine--Pyrazine,0.00564433,3.136595,154.898244,0.01337711,2.223,81.816326,76789,-0.0408901,0.50120414,-82.60124765
Phenol--Dimethyl_Sulfoxide_(DMSO),0.01915222,2.750613,178.784902,0.04939744,7.031,125.358216,72252,-0.03385287,0.5965201,-121.99639813
Imidazole--Dimethyl_Ether,0.02180642,2.969692,179.980128,0.0246955,6.124,83.291026,79445,-0.04400382,0.47657084,-62.78946152
Guanine--Pyrazine,0.05921413,2.791361,175.914059,0.07794611,4.406,152.587262,71571,-0.05513437,0.58908691,-65.50812385
Benzoic_Acid--Ethanol,0.08321994,2.696234,156.810489,0.06672447,1.873,118.761723,70554,-0.06342336,0.63116989,-61.51821746
Sulfuric_Acid--Propylene_Carbonate,0.09705894,2.595193,160.897236,0.08174332,6.071,103.30215,79486,-0.07043119,0.66584555,-54.56248249
Methanol--Propylene_Carbonate,0.01398912,2.91583,157.82276,0.02089002,7.528,79.580635,79197,-0.04195355,0.48491873,-78.27340449
Glycine--Ethylene_Carbonate,0.02631634,2.916587,157.820114,0.02384782,4.907,90.141722,78176,-0.06204579,0.67547113,-67.16364588
N-Methylacetamide--Methyl_Acetate,0.02345305,3.074852,173.276529,0.01627864,2.737,97.147626,72622,-0.04785719,0.63122645,-86.15291086
Benzoic_Acid--Phenol,0.04185805,2.758481,151.547323,0.04343141,2.412,157.977476,69965,-0.04268563,0.4342023,-53.98723637
Tryptophan--Dimethyl_Ether,0.01838648,2.967861,179.297604,0.02439676,6.304,178.093991,66022,-0.04739332,0.57186111,-62.57533759
Thymine--Benzophenone,0.01847597,2.805514,168.855713,0.04895047,7.475,222.696913,62751,-0.03494079,0.48730676,-84.2203606
Hydroxylamine--Gamma-Butyrolactone_(GBL),0.01307999,3.05302,153.135171,0.0145778,4.337,71.551649,74197,-0.04764231,0.52998072,-75.87324401
Benzyl_Alcohol--Acetophenone,0.03383137,2.809902,169.626791,0.04184494,4.873,176.640855,69243,-0.04119342,0.59456159,-92.7009084
Guanine--Methanol,0.0728852,2.728428,147.352501,0.06230542,5.437,115.619338,72601,-0.05820227,0.58739955,-77.31743005
Indole--Acetophenone,0.02524954,2.950158,179.095245,0.02702709,7.134,186.962991,80094,-0.04908907,0.53153617,-69.80182562
Ethanol--Tetrahydrofuran_(THF),0.02825006,2.870359,174.616973,0.03220631,3.167,84.595465,73617,-0.05472335,0.72313831,-122.11379092
Dimethylamine--Ethyl_Acetate,0.01560562,3.188127,163.306896,0.00902008,1.426,95.9803,76788,-0.05219655,0.77685052,-144.36945646
Hydroquinone--Anisole,0.01555632,2.877786,167.28342,0.02860087,2.082,160.976435,66022,-0.03543584,0.45829706,-79.70544826
Resorcinol--Dimethyl_Ether,0.02354338,2.839752,176.299891,0.03867558,3.589,110.293884,72116,-0.04058097,0.4767834,-98.15085517
N-Methylformamide--N-Methyl-2-pyrrolidone_(NMP),0.02310381,2.915831,177.967302,0.02649922,9.762,108.473284,75888,-0.03638609,0.45909683,-88.96232882
Ethanol--Phenol,0.01056108,2.924414,156.512123,0.01599191,1.774,105.4198,72381,-0.04766483,0.47601444,-53.82893646
Pyrrole--Methyl_Acetate,0.00812673,3.044872,163.890686,0.01613676,0.763,100.938792,79230,-0.03327817,0.5216683,-98.48041515
Adenine--Tetrahydrofuran_(THF),0.02805584,2.868827,179.685133,0.03782953,9.032,131.862038,74197,-0.04574692,0.53396895,-69.37390363
Pyrrolidone--Benzaldehyde,0.02117948,2.933581,178.447028,0.02989132,1.858,138.399504,74263,-0.04496687,0.47860836,-56.10993397
Hydrogen_Peroxide--Pyrimidine,0.12558987,2.792531,169.718083,0.05945482,2.816,73.057409,85852,-0.09074072,0.72625758,-49.47299789
Butanoic_Acid--Formaldehyde,0.03917663,2.794947,170.637996,0.05081441,0.7,76.576854,80622,-0.04006009,0.49616726,-73.20869892
Propan-2-ol--Acetophenone,0.0166929,2.848666,162.645657,0.03342335,4.488,137.18058,74040,-0.03073798,0.57605854,-104.04047878
Propylamine--Trioxane,0.00437663,3.172118,164.293474,0.01026352,2.962,94.083084,76865,-0.04116516,0.44460444,-69.75448222
Diethanolamine--Dimethyl_Sulfoxide_(DMSO),0.06828019,2.758267,157.786752,0.04123746,5.946,123.489038,75982,-0.04809179,0.57163764,-83.76466348
Ascorbic_Acid--Anisole,0.02012343,2.846659,155.597172,0.02704062,7.789,178.401718,67640,-0.05047077,0.97514648,-162.3924828
Ethanol--2-Picoline,0.03325747,2.844612,171.970367,0.04890243,3.924,107.859209,76399,-0.03897089,0.59932395,-101.72728044
Propylamine--Acetone,0.01307155,3.191327,146.016702,0.00620266,2.177,90.591255,80298,-0.03959077,0.43523658,-62.61408308
Formic_Acid--Isoquinoline,0.08737684,2.656582,176.923165,0.12929396,4.697,126.453931,78877,-0.09415204,0.83983319,-62.91974793
Resorcinol--Diethyl_Carbonate,0.01490847,2.948945,162.49095,0.01996429,2.643,151.359431,71842,-0.04141744,0.54354467,-76.15543975
Glycerol--Pyrazine,0.03642093,2.828522,171.97231,0.05017304,1.928,112.856596,78837,-0.04610875,0.58749255,-81.96004166
Glycerol--Pyrimidine,0.02865147,2.840492,170.76249,0.04659999,3.122,112.864706,77732,-0.04493133,0.69338092,-104.04244065
Pyrrolidine--Quinoline,0.01704175,3.07115,162.324991,0.02245621,3.542,159.209336,65485,-0.04705566,0.45416859,-49.98810578
Methanol--Methanol,0.0468944,2.862816,173.543136,0.03452828,2.677,43.14415,79032,-0.04911964,0.77423786,-137.69585241
Glycine--Acetophenone,0.02537801,2.707799,171.736165,0.07072503,6.699,136.18357,70308,-0.0373541,0.44711415,-64.52622695
Formic_Acid--Dimethyl_Ether,0.06287411,2.754119,176.023504,0.05350323,3.054,56.852085,80721,-0.05215029,0.70061541,-122.29417038
Citric_Acid--Acetone,0.02982397,2.709544,175.146342,0.0707292,3.195,139.944225,70714,-0.03321287,0.33677065,-54.50730374
"Pyrrolidone--N,N-Dimethylacetamide_(DMAc)",0.04870203,2.836775,178.859263,0.04952779,3.954,119.701497,70469,-0.04696831,0.48739827,-68.80647553
"Barbituric_Acid--1,4-Dioxane",0.038677,2.789988,179.403364,0.05527524,1.158,126.588694,75502,-0.05764102,0.74257177,-89.00002813
Histidine--N-Methyl-2-pyrrolidone_(NMP),0.02673469,2.847007,162.02152,0.03795861,7.674,168.801032,75052,-0.04775285,0.50862573,-63.98832153
Butanoic_Acid--Oxime,0.01912415,2.824085,171.855533,0.03829169,1.606,85.712633,78922,-0.04043381,0.81605683,-137.65165142
"Hydrogen_Peroxide--N,N-Dimethylformamide_(DMF)",0.05513341,2.7482,168.155588,0.05599237,5.379,65.446062,73295,-0.04637436,0.54844921,-73.6118819
Lactic_Acid--Benzaldehyde,0.04208119,2.700231,173.971249,0.0787751,5.54,132.026529,75119,-0.03999856,0.42631876,-60.68782317
Butan-2-ol--Benzaldehyde,0.01501575,2.934659,173.535662,0.02402505,5.532,137.534338,71568,-0.04142701,0.67476227,-151.3477397
Imidazole--Acetophenone,0.03563522,2.921615,177.985665,0.03039891,8.659,142.238077,77552,-0.04674743,0.50286861,-62.03933956
Alanine--Propan-1-ol,0.0687484,2.681023,155.930352,0.06999365,0.627,100.175981,75972,-0.04739214,0.44081181,-51.83050896
Ethanol--Vinyl_Acetate,0.03052853,2.887887,159.136525,0.02540975,2.838,90.306509,81096,-0.0395045,0.42267882,-64.32400612
Ammonia--Benzophenone,0.01019041,3.164773,162.82139,0.0081633,4.967,157.564886,71390,-0.03207045,0.37580413,-62.74644053
Thymine--Carbon_Dioxide,0.02866141,2.980474,142.177987,0.01292618,4.456,98.256233,88215,-0.0637737,0.6817747,-72.55824663
Ethanol--Ethanol,0.04713873,2.860262,174.303968,0.03572519,2.41,66.170112,78198,-0.05347913,0.59500442,-95.43122834
Resorcinol--Pyridine,0.02606238,2.80134,176.681453,0.06028263,5.17,140.048806,72489,-0.04466747,0.5386613,-67.12484288
Adenine--Propan-2-ol,0.02094306,2.870645,177.993786,0.03690705,8.927,124.947558,76850,-0.04458416,0.74474872,-153.18120349
Propan-1-ol--Ethylene_Carbonate,0.01949352,2.992846,167.204953,0.015743,8.027,91.270462,79096,-0.0422891,0.49714728,-80.50344077
Ammonia--Dimethyl_Ether,0.01297496,3.159793,174.794025,0.01060498,2.52,47.503224,76897,-0.03747173,0.44992309,-84.03283916
Fructose--Dimethyl_Sulfoxide_(DMSO),0.04511981,2.712608,170.386976,0.07270243,5.776,152.995162,71568,-0.03909275,0.4560911,-61.77595399
"Formic_Acid--1,4-Dioxane",0.06333455,2.736757,175.684707,0.06448627,2.257,79.818901,76187,-0.05648937,0.7134831,-116.18501145
"Cyclohexanol--N,N-Dimethylformamide_(DMF)",0.01990887,2.938309,170.800587,0.0218883,6.474,125.754072,74834,-0.03536831,0.39471147,-62.55027087
"Butan-2-ol--1,4-Dioxane",0.02431498,2.88669,168.825986,0.02849251,2.014,112.854456,75283,-0.04410604,0.5145617,-107.73051998
Trifluoroethanol--Acetophenone,0.03256678,2.719939,170.339492,0.06433846,3.995,129.189096,68901,-0.04316522,0.56493023,-83.93875641
Ethanol--Trioxane,0.02530067,2.915437,176.538472,0.02626822,1.975,77.924298,76259,-0.05128902,0.62347744,-86.45137024
Diethanolamine--Quinoline,0.02731418,2.840491,163.373995,0.04405536,5.09,173.692909,69090,-0.05848342,0.558504,-58.84974512
Ethylamine--Ethylene_Carbonate,0.01320775,3.473089,130.74093,0.00208552,4.864,83.917442,76948,-0.05139487,0.57257499,-80.18544349
Tryptophan--Acetic_Acid,0.01168228,3.001218,176.747135,0.01790485,6.896,179.145852,70140,-0.03879206,0.42416239,-56.26060514
Serine--Phenol,0.03429797,2.740449,151.613134,0.04635004,1.877,132.497817,73034,-0.03199476,0.35362821,-65.8883224
Butanoic_Acid--Ethanol,0.04317781,2.697258,154.920191,0.06274009,0.915,91.021684,77805,-0.03026118,0.39049244,-88.51940786
Lactic_Acid--Cyclohexanone,0.04956983,2.677917,173.042423,0.08105783,4.344,122.176646,76617,-0.042618,0.5299266,-75.17670289
Piperidine--Acetic_Acid,0.00606172,3.149268,164.683042,0.01014111,2.785,114.129299,80239,-0.02593801,0.30925956,-58.94183309
Methylamine--Quinoline,0.01565438,3.06036,170.214476,0.02449409,2.846,129.194703,66418,-0.0429217,0.56368347,-82.68465729
Cyclohexanol--Dimethyl_Sulfoxide_(DMSO),0.02273141,2.956209,174.355953,0.01753532,6.366,127.657062,75643,-0.05248039,1.47653516,-214.64511145
Salicylic_Acid--N-Methyl-2-pyrrolidone_(NMP),0.03834113,2.717506,177.054534,0.05692911,2.778,159.320274,71416,-0.04017096,0.56235571,-99.62138291
Propylamine--Benzophenone,0.01490602,3.103204,165.255613,0.01326157,4.029,192.85933,67248,-0.04251109,0.53583105,-82.84662685
"Oxalic_Acid--1,4-Dioxane",0.05300648,2.688288,170.261392,0.08086436,2.549,97.990671,80573,-0.0669237,0.70588979,-63.88328717
Piperidine--Propylene_Carbonate,0.00616541,3.205492,153.139838,0.00762369,6.919,137.521448,78708,-0.03579526,0.45809917,-84.89430823
Propan-1-ol--Pyruvic_Acid,0.00461145,3.038212,160.128354,0.01090496,3.551,92.979866,79724,-0.03980124,0.7747608,-171.76845496
Saccharin--Benzophenone,0.02506291,2.638666,134.508889,0.04523168,5.005,258.914579,69066,-0.03454672,0.47639503,-76.37695327
"Methylamine--1,4-Dioxane",0.00641867,3.158688,168.126729,0.01061003,1.531,82.565457,77327,-0.04345878,0.48972906,-68.83555599
Hydrogen_Peroxide--Cyclohexanone,0.04073638,2.759767,164.427598,0.04988848,3.706,85.589043,75928,-0.04634392,0.68963877,-111.26112998
Chloroacetic_Acid--Pyrazine,0.10140464,2.678407,176.260654,0.11409305,3.058,105.824513,75557,-0.07574787,0.93354217,-100.72834725
Threonine--Diethyl_Carbonate,0.02484373,2.820106,166.591015,0.0397265,2.414,146.323382,77873,-0.04554146,0.48396338,-71.86860969
Cysteine--Propan-1-ol,0.04335614,2.657819,155.988342,0.07902472,1.404,119.802995,77526,-0.04041104,0.48198308,-63.75048477
Acetamide--Urea,0.1776261,2.764759,177.327205,0.06900524,1.137,75.457175,79971,-0.07066244,0.60056127,-49.00829369
Cytosine--Quinoline,0.09127267,2.786207,173.173905,0.08213944,3.684,175.24471,76203,-0.08052089,0.82449654,-69.7543059
Butan-1-ol--Dimethyl_Sulfoxide_(DMSO),0.01774744,2.797789,170.867834,0.03907057,5.572,109.62225,72118,-0.03034848,0.40958252,-63.74405059
Acetamide--Pyruvic_Acid,0.08357804,2.817609,140.144247,0.06100716,4.302,87.041583,78226,-0.0520079,0.56012236,-62.9951149
Trifluoroethanol--Gamma-Butyrolactone_(GBL),0.0242439,2.760548,161.214184,0.04603132,5.065,89.660443,80287,-0.05100307,0.59403821,-92.45564711
Adenine--Pyrimidine,0.07214482,2.835718,178.863189,0.06377208,8.615,139.126322,76109,-0.08169219,0.81031983,-73.96259249
Piperidine--Pyridine,0.007954,3.064312,171.892772,0.02430956,3.405,142.833275,72432,-0.02991108,0.36873985,-67.75521232
Fructose--Phosphate_Ion,0.09267859,2.526924,166.096149,0.11435901,10.732,142.474295,77297,-0.08023645,0.90087458,-82.94776002
Catechol--Acetic_Acid,0.00972693,2.910677,173.829979,0.02105939,3.203,111.493877,76296,-0.03739744,0.77727933,-151.53582714
Guanine--Valerolactone,0.02672872,2.821138,175.04482,0.04683579,3.345,146.781276,67635,-0.05191571,0.55509257,-62.79261444
"Guanine--N,N-Dimethylacetamide_(DMAc)",0.05499021,2.76923,171.593002,0.06229335,1.662,156.308901,69913,-0.05057991,0.71861508,-98.18906878
Pyrrolidine--Oxime,0.013102,3.191706,153.814964,0.00757118,1.234,83.767236,81173,-0.04239949,0.49555579,-75.35969606
Propanoic_Acid--Ethanol,0.06804063,2.695784,155.357634,0.06411595,1.097,79.3677,82356,-0.03884731,0.51035526,-93.06011214
"Ethylamine--N,N-Dimethylformamide_(DMF)",0.01073214,3.098042,167.603328,0.01433744,5.002,88.751519,74911,-0.028254,0.35112218,-70.31886734
Lactic_Acid--Phenol,0.03516249,2.764615,168.874345,0.04963588,4.678,123.217214,74968,-0.04649596,0.5219586,-73.54965792
Benzyl_Alcohol--Carbon_Dioxide,0.00498537,3.152334,173.000066,0.00746878,2.008,103.321353,77865,-0.05710143,0.69788232,-86.53079148
Saccharin--Gamma-Butyrolactone_(GBL),0.03399599,2.726655,137.852173,0.03552693,6.119,168.24343,72368,-0.06071027,1.15991957,-186.89599862
Cysteine--Propan-2-ol,0.04553652,2.687954,172.109057,0.07748688,0.805,119.56737,76058,-0.04462149,0.67930421,-122.44516528
Ascorbic_Acid--Gamma-Butyrolactone_(GBL),0.02276508,2.865301,169.233184,0.02697836,11.515,147.10107,75086,-0.05240231,0.97375229,-172.49195638
Trifluoroethanol--Oxime,0.03603163,2.812241,170.238946,0.03844399,2.878,64.644729,86046,-0.05303303,0.55837102,-62.63348038
Cytosine--Butan-2-one_(MEK),0.05036342,2.82022,175.663116,0.05310475,2.544,125.062032,73373,-0.04121871,0.39903316,-53.31727231
Trifluoroethanol--Acetic_Acid,0.02783736,2.790994,167.752766,0.03742179,3.33,71.390928,83779,-0.04641069,0.71125173,-99.41131995
Pyrrole--18-Crown-6,0.01695448,2.967679,158.691279,0.02297272,3.388,224.287812,72566,-0.03867301,0.43361997,-67.83248929
Threonine--Propylene_Carbonate,0.01439738,2.91049,160.776901,0.02627613,5.843,129.648636,75303,-0.03796584,0.39171318,-54.23833708
"Saccharin--N,N-Dimethylformamide_(DMF)",0.04793559,2.71491,157.065763,0.07312745,3.737,166.362443,76788,-0.05851393,0.71649006,-93.7480991
Pyrrolidine--Isoquinoline,0.0138483,3.064996,167.260824,0.02373119,3.95,159.227695,68295,-0.04666507,0.54025166,-60.74912099
Glutamic_Acid--Pyruvic_Acid,0.04495504,2.756966,172.182934,0.05887247,1.503,132.945631,77943,-0.0557115,0.61933894,-84.59963192
Benzoic_Acid--Propan-1-ol,0.04951387,2.697329,155.818783,0.06283229,1.416,130.465025,75248,-0.04438318,0.49740232,-68.4900712
Pyrrolidone--Methanol,0.02952427,2.96086,166.998838,0.02250227,3.759,78.754673,75477,-0.04857496,0.48894568,-57.70701021
Oxalic_Acid--Diethyl_Ether,0.04850322,2.674145,176.189567,0.09002676,2.995,98.080915,81071,-0.04779383,0.44354865,-54.2345047
Guanine--Acetophenone,0.03170128,2.811082,172.550133,0.05270172,1.112,186.331654,64898,-0.04636532,0.42711623,-46.20416679
Glycerol--Carbon_Dioxide,0.02204263,3.051115,162.298155,0.01190212,2.503,73.179098,84726,-0.05852402,0.7283228,-91.75285937
Aspartic_Acid--Methanol,0.05888624,2.672146,156.805236,0.07448952,0.942,94.974056,77740,-0.04717501,0.44783599,-53.05947089
Butan-1-ol--Propylene_Carbonate,0.01359719,2.935523,159.61338,0.01990796,8.041,114.567599,69519,-0.04137974,0.53124781,-84.35088494
Imidazole--Benzaldehyde,0.02114522,2.971527,178.264199,0.0250468,8.574,130.922431,80925,-0.06437824,0.58402842,-52.42458178
Fructose--Methyl_Acetate,0.03313333,2.966513,149.01753,0.01466378,5.817,146.323454,73411,-0.03961738,0.50765248,-94.49632964
Pyrrole--Morpholine,0.00833756,2.967911,172.652623,0.02486404,5.3,115.662842,76976,-0.03093103,0.40339626,-88.91888899
Propylamine--Oxime,0.00993351,3.231412,157.620066,0.00699429,1.335,77.021498,78932,-0.04603279,0.48967789,-69.37537206
Ethanol--Phosphate_Ion,0.19754717,2.508764,158.455711,0.12696872,6.672,75.113534,80455,-0.09482894,0.89397868,-59.24201122
Uracil--18-Crown-6,0.01759638,2.843103,170.469982,0.04439405,3.479,237.370961,69522,-0.0384068,0.40373635,-64.1364151
Ascorbic_Acid--Acetone,0.0235166,2.828912,166.649398,0.02965842,8.319,135.462897,75518,-0.04715701,0.47402737,-62.23477022
Uracil--Hexamethylphosphoramide_(HMPA),0.04917883,2.765368,170.173626,0.05290382,8.475,200.469598,70492,-0.04476929,0.73893743,-103.22141594
Ethylene_Glycol--Pyridine,0.05267371,2.825011,173.586908,0.05299934,5.573,101.102823,76000,-0.06040788,0.650707,-72.54584271
Aspartic_Acid--Ethylene_Carbonate,0.01867738,2.894697,163.055898,0.02844162,5.961,119.816588,76605,-0.04475555,0.60633339,-94.29499799
Diethanolamine--Morpholine,0.02204473,2.871658,178.860567,0.03141988,5.646,131.58498,75173,-0.05092596,0.69045864,-85.76784025
Acetamide--Morpholine,0.0298901,2.958852,169.177305,0.02850068,3.717,100.008878,72104,-0.05273018,0.52003664,-54.41573521
N-Methylacetamide--Methanol,0.02220163,3.017553,173.339945,0.02040504,6.612,72.293272,80055,-0.04593637,0.51453157,-75.49241789
"Ammonia--1,4-Dioxane",0.00793258,3.154801,165.566292,0.01030749,1.824,70.509021,79908,-0.04015387,0.62829225,-119.30982422
Resorcinol--Diethyl_Ether,0.0287039,2.808069,177.912237,0.04369297,3.756,133.402463,73980,-0.0361279,0.52878611,-74.49728551
Butan-1-ol--Phenol,0.00726654,2.912942,158.510217,0.01835987,1.883,128.853339,63663,-0.03181552,0.58084888,-76.89542574
Piperidine--Cyclohexanone,0.00144995,3.183819,165.385133,0.00823132,4.751,150.864842,74626,-0.02401951,0.31663454,-63.93729828
"Glutamic_Acid--1,4-Dioxane",0.0602509,2.777451,168.682806,0.0505039,3.115,141.3109,77330,-0.04971098,0.5995857,-72.68293028
Serine--Acetone,0.03200918,2.697573,171.630381,0.07024041,2.363,101.513688,78101,-0.03398126,0.50125048,-130.98580077
Formic_Acid--Propan-2-ol,0.09562143,2.661616,157.246175,0.08004991,1.77,67.940003,78343,-0.0544389,0.51786893,-58.73099486
Uracil--Acetaldehyde,0.05261384,2.835491,177.987338,0.05288944,5.762,97.653741,75384,-0.06148896,0.68334258,-73.87798513
Ammonia--Phenol,0.04678394,2.807972,61.453777,0.06206547,4.152,86.320009,72058,-0.04819859,0.5947163,-85.14824579
Butylamine--Ethylene_Carbonate,0.01182421,3.539022,133.575609,0.00597467,5.18,107.277333,74085,-0.05802257,0.8644526,-139.45431019
Urea--Valerolactone,0.0313765,2.885644,155.760942,0.02632117,2.64,89.362791,78093,-0.06028542,0.70138581,-97.13457999
Methanol--Carbon_Dioxide,0.00944748,3.157355,171.630356,0.00723228,2.091,40.698644,95763,-0.04672903,0.55605544,-82.59773093
Butan-1-ol--Vinyl_Acetate,0.01863938,2.871643,156.714458,0.02644584,2.891,113.748526,69395,-0.02923912,0.52574071,-116.58043129
Butan-2-ol--Trioxane,0.01648992,2.971331,173.738593,0.01751241,3.597,101.192759,77470,-0.0406335,0.52514611,-85.46228762
Hydroxylamine--Diethyl_Ether,0.0221994,3.039753,161.050337,0.01630792,1.842,75.328712,82704,-0.03310457,0.38244093,-66.77885214
"Glycine--N,N-Dimethylacetamide_(DMAc)",0.06452726,2.675037,173.889603,0.06494354,5.721,106.18707,74013,-0.05037297,0.70218833,-116.41480985
Acetic_Acid--Dimethyl_Sulfoxide_(DMSO),0.15417273,2.582762,166.526985,0.11040586,2.585,87.671053,78006,-0.06679719,0.87687556,-107.56432755
"Fructose--1,4-Dioxane",0.02987765,2.865756,168.181227,0.03293257,4.758,156.442251,73043,-0.04182308,0.51607782,-83.91407283
Hydrazine--Isoquinoline,0.01211017,3.056407,169.952745,0.02461327,3.28,126.34497,61793,-0.03636955,0.50838609,-84.47472392
Barbituric_Acid--Formaldehyde,0.03114967,2.954261,179.741625,0.02580671,3.28,88.868602,83903,-0.06843504,0.70260589,-60.58665231
Hydrogen_Peroxide--Propan-1-ol,0.04766038,2.744967,152.322706,0.04614183,2.103,59.127334,80857,-0.04605143,0.67032601,-138.76394903
Aspartic_Acid--Phenol,0.0185357,2.749398,149.620926,0.03732628,1.788,145.750655,67212,-0.03559368,0.78816012,-176.17770089
Thymine--Acetaldehyde,0.04354336,2.820848,173.152103,0.05316878,4.293,109.135684,76071,-0.05060933,0.63469961,-85.29865823
Pyrrolidone--Benzophenone,0.0147075,2.870357,170.706991,0.04062419,2.545,200.920634,67684,-0.02932238,0.4338754,-79.63529363
Aniline--Propan-2-ol,0.01419761,3.021656,160.457056,0.0157355,3.354,121.474386,77976,-0.03267051,0.3741079,-64.93818907
Propan-2-ol--Ethylene_Carbonate,0.00646007,3.05097,172.177086,0.01293415,5.097,91.093758,78037,-0.03574364,0.37834854,-58.97518296
Thymine--Gamma-Butyrolactone_(GBL),0.04305576,2.816142,177.834131,0.05356607,5.433,131.990911,72839,-0.04670144,0.67362158,-98.84536191
"Barbituric_Acid--N,N-Dimethylformamide_(DMF)",0.06493848,2.736523,170.569125,0.08276673,6.323,121.131358,80027,-0.05766629,0.55827812,-62.86159588
"Hydroxylamine--1,4-Dioxane",0.01259829,3.056884,156.468682,0.0165021,0.689,75.162039,77113,-0.04178323,0.59005394,-137.34180663
Fructose--Pyrimidine,0.03374697,2.848393,165.023214,0.04395376,6.867,158.709526,76865,-0.04447868,0.45448096,-62.0441531
Propan-1-ol--Propan-2-ol,0.02031032,2.850974,176.346675,0.03689847,2.796,89.315087,77678,-0.03106389,0.42861955,-85.90356788
Hydroquinone--Butan-2-one_(MEK),0.01197258,2.881908,176.305177,0.02437301,4.58,129.754877,71673,-0.03113692,0.43354278,-74.06212924
Ethylene_Glycol--Acetophenone,0.03707298,2.808397,169.015653,0.04291882,5.448,130.293694,75251,-0.041836,0.43509315,-55.34658104
Acetic_Acid--Dimethyl_Ether,0.06361291,2.777636,177.240136,0.04730511,2.11,68.08032,75725,-0.05995716,0.60742589,-68.70761155
Pyrrolidone--Propylene_Carbonate,0.00443055,2.988804,144.754137,0.01416034,9.934,115.250553,70992,-0.04203094,0.55195852,-79.41776526
N-Methylformamide--Propylene_Carbonate,0.01752455,2.972326,151.648132,0.01936249,8.374,97.407152,76964,-0.0507917,0.51451405,-59.66760214
"Threonine--1,4-Dioxane",0.02666153,2.733561,171.75094,0.06492017,2.48,128.161718,76079,-0.03947319,0.52959055,-87.4581124
Pyrrolidone--Dimethyl_Sulfoxide_(DMSO),0.05030839,2.816867,174.269875,0.0483166,1.971,110.216927,69241,-0.05420322,0.55579878,-50.27388934
Cytosine--Pyrazine,0.07594043,2.831299,171.818114,0.06571784,1.64,130.791014,81255,-0.07681332,0.78455387,-63.42010083
N-Methylacetamide--Vinyl_Acetate,0.01905015,2.989299,147.48974,0.01624609,5.567,107.91477,79328,-0.03370812,0.4338566,-69.65284909
Hydroxylamine--Isoquinoline,0.02037682,3.005093,173.633998,0.03253312,3.217,121.846282,76315,-0.04236791,0.5650307,-93.84447048
Pyrrolidine--Anisole,0.0181577,3.137237,147.341045,0.00713645,0.581,140.233611,70075,-0.04126375,0.43360997,-55.47185061
Fructose--Pyruvic_Acid,0.02342642,2.908897,170.046635,0.02576323,5.654,148.078318,69521,-0.03866425,0.4390341,-72.43101413
Threonine--18-Crown-6,0.01614671,2.728826,169.700554,0.06700647,4.533,241.316732,71726,-0.03324012,0.26461153,-40.35433601
Threonine--Trioxane,0.02572609,2.757249,168.534236,0.05688799,2.401,116.472175,80654,-0.04163009,0.66537729,-96.0706629
Chloroacetic_Acid--Dimethyl_Ether,0.06831069,2.706223,170.812952,0.07638722,2.365,80.605694,76881,-0.07330235,0.7384741,-66.01081286
Acetic_Acid--Phenol,0.02776569,2.801403,168.947938,0.04177659,2.943,106.830064,78827,-0.05722997,0.64038485,-70.17442488
Ethylamine--Acetamide,0.04097814,2.994564,137.699739,0.05405396,2.868,76.477689,75058,-0.03182099,0.59379034,-141.95457678
Thymine--Propylene_Carbonate,0.01104,2.803017,156.623525,0.03803865,3.851,137.07383,69856,-0.04246879,0.510585,-66.79233394
Acetamide--N-Methyl-2-pyrrolidone_(NMP),0.05024082,2.835485,175.895158,0.04811796,1.738,107.899952,72447,-0.05723133,0.6280108,-72.23664353
Methanol--Valerolactone,0.00983328,2.901481,175.004372,0.02266198,6.139,74.557871,75214,-0.03534658,0.39222012,-74.23132502
Acetic_Acid--Ethyl_Acetate,0.03583659,2.825217,177.527686,0.0400868,2.892,92.489966,78838,-0.04434845,0.50601937,-76.1391368
Histidine--Gamma-Butyrolactone_(GBL),0.01594621,3.114432,164.643964,0.01348092,9.147,152.762941,70084,-0.04511359,0.73824097,-98.75790629
Hydroxylamine--Methyl_Acetate,0.01622793,3.162137,157.62205,0.01008804,2.51,65.048935,77909,-0.05822033,0.56158704,-59.32510903
Serine--2-Picoline,0.03368848,2.658203,178.393027,0.12775714,5.051,134.755592,70581,-0.0368712,0.57379431,-108.31111748
Ascorbic_Acid--Dimethyl_Ether,0.01862217,2.793753,162.048097,0.04029444,8.159,127.636619,74276,-0.05221219,0.62200283,-73.11812082
Methylamine--Isoquinoline,0.01122096,3.091445,169.084655,0.02124736,3.804,129.235679,64661,-0.03942554,0.46178407,-66.88203588
Benzoic_Acid--Benzophenone,0.02369379,2.694191,168.514689,0.07211199,2.941,229.291242,70634,-0.03361372,0.39108616,-52.19740692
Indole--Ethyl_Acetate,0.00512315,3.034782,167.634682,0.01826814,1.023,152.416738,75793,-0.04837645,0.62614179,-98.8549574
Formic_Acid--Vinyl_Acetate,0.07303678,2.7219,175.58963,0.06552348,2.768,80.546498,80162,-0.05396791,0.57010108,-61.61655037
Catechol--Dimethyl_Ether,0.02549665,2.876741,169.619178,0.0261679,2.287,110.409318,77373,-0.05122857,0.71168701,-90.33568402
Hydroxylamine--Propan-1-ol,0.01951016,3.145501,122.44095,0.02055651,1.496,63.498029,81678,-0.03877792,0.5537018,-118.08711212
Propylamine--Ethanol,0.00404408,3.141503,158.382644,0.01125508,2.476,82.286361,78068,-0.03030042,0.48983934,-127.17580708
Cytosine--Cyclohexanone,0.03272005,2.854527,177.181713,0.04822087,3.336,143.317137,74665,-0.04075472,0.48928793,-72.09193773
Tryptophan--Hexamethylphosphoramide_(HMPA),0.02927351,2.87144,176.413562,0.02912838,9.527,277.491867,67464,-0.03854542,0.66717467,-139.15418874
Adenine--Pyruvic_Acid,0.01036419,2.957838,168.633438,0.02158926,8.328,128.5906,75793,-0.04351603,0.4949097,-62.48917985
Formamide--Propylene_Carbonate,0.01040234,2.967778,136.792581,0.01234243,10.068,85.684025,75838,-0.04558937,0.62111347,-85.63058582
Indole--Dimethyl_Ether,0.00823619,2.993617,179.638834,0.02224911,4.526,128.021625,75076,-0.04985956,0.4772554,-51.31247339
Formic_Acid--Oxime,0.07602602,2.796937,173.118721,0.04449798,2.024,51.176405,86468,-0.07626019,0.94632889,-129.72954387
Aspartic_Acid--Diethyl_Ether,0.0464628,2.703576,179.578137,0.07568589,2.841,129.960112,73581,-0.03655516,0.35288859,-48.12347955
Pyrrole--Acetophenone,0.03154711,2.963592,177.834789,0.02535288,6.613,147.051482,76448,-0.04395519,0.45367657,-54.55364272
Phenol--Diethyl_Ether,0.0375193,2.811435,175.632342,0.0429559,3.643,128.931461,71231,-0.03565889,0.37041647,-56.48874978
Ethanol--Propan-1-ol,0.02149277,2.878277,175.547611,0.03213362,3.212,77.86712,80567,-0.04570974,0.55284022,-80.09456144
Chloroacetic_Acid--Methyl_Acetate,0.0351519,2.789395,176.066388,0.04711954,2.643,93.580492,78796,-0.07920827,0.90563954,-82.98466617
Fructose--Morpholine,0.02584725,2.840951,169.537387,0.03603774,4.473,161.001025,76674,-0.0370046,0.49251592,-82.77620389
Salicylic_Acid--Acetamide,0.09044735,2.645053,178.263999,0.10174236,3.063,129.323072,73391,-0.04782195,0.52760089,-74.01594515
Formic_Acid--N-Methyl-2-pyrrolidone_(NMP),0.04832873,2.690566,179.616965,0.06489989,5.085,92.353902,72545,-0.05359422,0.59762873,-69.89354968
Ammonia--Formaldehyde,0.01777043,3.136306,173.734389,0.01238988,2.013,32.688206,83068,-0.03992389,0.6257453,-130.81199224
Ammonia--Phosphate_Ion,0.21380456,2.837149,129.875196,0.18810704,6.912,56.483139,86975,-0.09928209,0.95441263,-66.2140549
Butan-2-ol--N-Methyl-2-pyrrolidone_(NMP),0.02409479,2.832006,169.092242,0.03679249,5.019,125.326516,74775,-0.04056651,0.34690393,-44.8082234
Pyrrole--Sulfate_Ion,0.01605234,3.005474,177.437494,0.01868459,2.537,95.575877,85904,-0.05595414,0.9068147,-144.87520515
Pyrrolidone--Formaldehyde,0.03496367,2.966678,159.486922,0.0253558,2.184,75.884424,77418,-0.04997094,0.4637489,-49.58247469
Trifluoroethanol--Butan-2-one_(MEK),0.04142831,2.718934,167.682667,0.06170836,3.344,89.729297,80198,-0.0461302,0.43950896,-65.74580112
Guanine--Diethyl_Ether,0.02949417,2.839676,177.144331,0.04320801,3.379,150.586814,67651,-0.04274784,0.57325934,-75.35306116
Butylamine--Pyrazine,0.00808273,3.13366,169.343999,0.01759215,1.503,119.679894,74199,-0.03522015,0.46189668,-72.76655019
Cytosine--Acetophenone,0.04647568,2.84378,176.631646,0.04982027,3.896,164.525735,72695,-0.05228889,0.53659255,-58.4810786
Pyrrolidine--Phosphate_Ion,0.04733924,2.527018,166.170704,0.15219176,9.487,97.226646,79714,-0.0698711,2.21170382,-250.92351984
Threonine--Benzophenone,0.03044233,2.673508,168.274916,0.08112071,1.997,215.315144,67485,-0.03465823,0.50936776,-106.69880283
Hydrazine--Vinyl_Acetate,0.02863226,3.106833,157.289548,0.01614989,1.828,80.271492,80092,-0.04251797,0.44592082,-64.51746034
Ethanol--Pyridine,0.04596616,2.871527,174.128626,0.04233853,4.211,96.395774,75326,-0.05907378,0.5597743,-57.09378355
Ascorbic_Acid--Ethyl_Acetate,0.02128878,2.893012,157.036847,0.02325152,5.588,152.091216,72900,-0.05503347,0.60514048,-66.04045526
Fructose--Trioxane,0.02382507,2.895659,170.943974,0.02904051,6.676,144.732584,77537,-0.04035618,0.40016467,-59.88736585
Histidine--Acetaldehyde,0.02025865,2.935117,163.142603,0.02885294,4.071,129.919621,78781,-0.04402511,0.49887494,-71.42561754
Propylamine--Ethylene_Carbonate,0.00441234,3.220778,152.837449,0.00644729,5.348,95.680044,76808,-0.04809757,0.58422085,-113.29411975
Alanine--Oxime,0.0289141,2.811631,171.891035,0.04085935,1.942,83.201169,79508,-0.05282026,0.5351102,-61.97803098
Propylamine--Pyrazine,0.00079331,3.166497,173.347468,0.01479896,1.612,107.942193,73297,-0.03567907,0.44667373,-72.06686358
Threonine--Pyrazine,0.03174085,2.710321,176.550526,0.0978713,2.341,130.369962,72480,-0.03629685,0.5118377,-74.91189887
Formic_Acid--Formaldehyde,0.18859875,2.770322,169.812263,0.05761032,1.713,42.023943,92318,-0.11196454,0.94570402,-67.28621691
"Aspartic_Acid--N,N-Dimethylformamide_(DMF)",0.04313193,2.650721,176.133764,0.09771808,5.604,124.413639,70399,-0.03634044,0.46763018,-73.74090461
Hydroxylamine--Propan-2-ol,0.02046433,3.040744,172.109601,0.02236,1.658,63.194969,78550,-0.04451236,0.56145965,-110.17231917
Histidine--Isoquinoline,0.01977645,2.85101,179.034678,0.05841275,6.902,203.09769,65423,-0.04309849,0.56866852,-81.68120709
Guanine--Pyruvic_Acid,0.01453998,2.775576,134.467271,0.14862414,6.095,142.126041,73066,-0.05306044,0.62403286,-66.88489929
Ethylamine--Acetone,0.01406675,3.17592,144.906311,0.00646207,2.083,78.927755,75438,-0.03839836,0.48817434,-97.77161563
Ascorbic_Acid--Pyruvic_Acid,0.01749058,2.916819,165.147466,0.02097808,6.345,142.328381,78888,-0.06096727,0.72267639,-68.05192416
Ammonia--Dimethyl_Sulfoxide_(DMSO),0.04992844,2.958054,156.703646,0.02183057,2.619,66.880762,79024,-0.05548968,1.00299219,-198.07765551
Butanoic_Acid--N-Methyl-2-pyrrolidone_(NMP),0.03370746,2.664496,174.591937,0.08089858,3.503,126.880569,72974,-0.03296073,0.51067123,-80.0377414
Uracil--Butan-2-one_(MEK),0.0318214,2.791486,175.449524,0.06195314,7.047,120.612712,73368,-0.04375923,0.50965068,-70.16242382
Tryptophan--Formaldehyde,0.0117323,3.094292,179.489544,0.01275751,6.98,163.276013,67201,-0.04191604,0.49736964,-63.77063259
Benzyl_Alcohol--Acetone,0.01145381,2.859674,178.050128,0.02723898,4.669,125.62217,77236,-0.03305128,0.40783561,-75.37626805
Benzoic_Acid--Anisole,0.02593177,2.797533,166.394267,0.04141228,2.823,169.893716,74817,-0.06143645,0.66129341,-85.50112149
Glutamic_Acid--Vinyl_Acetate,0.03912489,2.729058,177.178914,0.06506562,2.712,142.01244,79303,-0.04459971,0.65379811,-122.5196014
Serine--18-Crown-6,0.02023163,2.718552,166.054228,0.06643744,2.489,229.767681,72064,-0.04155895,0.62367401,-87.41926591
Dimethylamine--Cyclohexanone,0.00267899,3.201916,164.366976,0.0075872,4.791,109.319601,77377,-0.04041536,0.56481184,-87.64678077
Chloroacetic_Acid--Propan-1-ol,0.0535024,2.708003,177.034496,0.06770731,3.513,91.901588,80201,-0.06303299,0.68526315,-86.58225955
Hydroquinone--Ethylene_Carbonate,0.00475371,2.968197,163.630635,0.01711958,6.146,123.140445,77088,-0.04634664,0.71884689,-127.58342583
Uracil--Benzaldehyde,0.02663544,2.801822,171.333132,0.06006349,7.064,148.702999,73744,-0.04409497,0.49109399,-58.96607675
Indole--2-Picoline,0.03066831,2.855333,175.853984,0.05741856,5.56,169.190626,68225,-0.03558866,0.50507488,-83.88613479
Lactic_Acid--Ethanol,0.07393032,2.665802,156.968426,0.07644985,2.272,84.049727,79406,-0.04485421,0.51038858,-70.77095314
Benzoic_Acid--Oxime,0.07980828,2.776813,151.965104,0.04117526,2.319,113.571457,81673,-0.06325368,0.55672914,-47.50291211
Fructose--Isoquinoline,0.0410853,2.820213,162.511188,0.04814014,6.707,203.1814,71769,-0.04407691,0.37702522,-46.24306527
Catechol--Hexamethylphosphoramide_(HMPA),0.01366612,2.797155,175.309844,0.03245867,5.656,209.819107,67568,-0.03689227,0.50343426,-92.52336962
Imidazole--Ethyl_Acetate,0.02143633,3.007833,172.378005,0.02147837,2.55,107.724499,77024,-0.04776161,0.5901003,-106.45941954
Lactic_Acid--Dimethyl_Ether,0.05467325,2.734968,177.335493,0.06292091,4.293,84.43531,77751,-0.04413281,0.46389039,-61.87625484
Propylamine--Acetic_Acid,0.06671718,2.964895,118.718644,0.11790817,2.129,83.656814,73482,-0.03783578,0.78856295,-147.67646769
Saccharin--Propylene_Carbonate,0.0243393,2.802033,154.845765,0.03980824,8.491,173.288692,76843,-0.0492409,0.52627806,-58.6487252
N-Methylacetamide--2-Picoline,0.02859311,2.887686,178.37514,0.05242209,7.24,125.447161,71798,-0.03974253,0.45058274,-60.83580857
Thymine--Quinoline,0.05695621,2.743329,173.764779,0.101835,7.616,182.259246,73038,-0.05424173,0.51154685,-50.73446812
Citric_Acid--Hexamethylphosphoramide_(HMPA),0.02453002,2.66551,178.553042,0.06111348,4.993,231.522037,69843,-0.03263811,0.39977285,-60.2122585
Adenine--Acetamide,0.02661546,2.860777,177.433928,0.03254776,11.783,119.35066,78055,-0.04765855,0.6234728,-71.89488994
Pyrrolidine--Butan-2-one_(MEK),0.01262948,3.118951,151.248455,0.01058368,2.963,109.020958,76621,-0.03504495,0.56009845,-125.47416865
Acetic_Acid--N-Methyl-2-pyrrolidone_(NMP),0.038897,2.710317,177.917114,0.05782189,3.921,103.578162,73113,-0.06168742,0.85987427,-101.90143159
Dimethylamine--Benzophenone,0.01210463,3.164853,165.127461,0.00910559,4.618,181.644854,73717,-0.03441196,0.3843641,-55.57667345
N-Methylformamide--Acetamide,0.04087562,2.855039,159.898819,0.03998362,5.99,78.438246,78131,-0.0470538,0.53501868,-70.27049059
Benzoic_Acid--2-Picoline,0.05348435,2.683988,168.769869,0.10535461,2.948,160.295733,79091,-0.05613404,0.5893597,-63.60081571
Glutamic_Acid--Benzophenone,0.03276066,2.695066,171.019096,0.07223917,4.826,228.408835,72268,-0.04467563,0.9158206,-151.03097907
Trifluoroethanol--Propylene_Carbonate,0.02286133,2.811251,154.059761,0.02912872,6.369,94.67635,78447,-0.05773596,0.55602596,-62.37197958
Serine--Dimethyl_Sulfoxide_(DMSO),0.07017091,2.571509,166.913568,0.11879261,2.472,113.261306,78005,-0.04366284,0.79284856,-115.06953142
Saccharin--Ethanol,0.03740018,2.750282,129.261068,0.02756119,4.723,148.398765,73958,-0.07012221,0.91438109,-101.62088213
Acetamide--Benzaldehyde,0.03025825,2.929635,176.437332,0.02987487,1.695,120.101742,70040,-0.05141492,0.56543535,-72.9828723
Fructose--N-Methyl-2-pyrrolidone_(NMP),0.03343486,2.78684,175.244951,0.04211361,5.926,168.940738,67898,-0.03762459,0.53050038,-80.52737882
Chloroacetic_Acid--Diethyl_Ether,0.0809504,2.691614,175.34294,0.07991466,2.925,103.750271,76248,-0.06021987,0.76491843,-98.2833621
Chloroacetic_Acid--Valerolactone,0.07543764,2.674226,160.118175,0.06444671,3.346,100.117592,81109,-0.07802812,0.84554517,-94.78492949
"Pyrrole--N,N-Dimethylformamide_(DMF)",0.01039687,2.9731,179.724761,0.0234574,7.908,105.740388,81340,-0.03080321,0.43639681,-91.71074159
Chloroacetic_Acid--Acetaldehyde,0.09022036,2.713057,171.986197,0.07269095,3.583,77.190709,81888,-0.06720578,0.73256338,-70.27607217
Lactic_Acid--Benzophenone,0.02064606,2.695336,172.135119,0.05840546,5.222,194.563425,69317,-0.03692654,0.36285805,-50.32315727
Serine--Isoquinoline,0.02701509,2.672793,177.892265,0.11755052,5.436,163.276449,63425,-0.03195675,0.39145524,-82.35245643
Cytosine--Propan-2-ol,0.04343026,2.805342,143.701129,0.04100309,0.923,116.775635,73385,-0.04002948,0.59867547,-107.38193383
Propan-2-ol--Sulfate_Ion,0.0154258,2.921581,173.191237,0.01965874,1.782,85.728065,79484,-0.04496622,1.06184422,-210.41606776
Ammonia--Ethylene_Carbonate,0.0172437,3.422673,105.252687,0.01615525,5.561,60.331086,75120,-0.0540821,0.54160404,-68.62544356
Glucose--Quinoline,0.03307958,2.785156,163.615345,0.06130392,6.388,201.527284,67501,-0.03721624,0.40525591,-64.26324012
Tryptophan--Ethanol,0.01650766,2.951944,173.32454,0.02733723,6.424,177.612654,64945,-0.0427942,0.46068905,-72.91348525
Propan-1-ol--Oxime,0.01574728,2.973418,168.73131,0.01857541,2.134,72.604141,81638,-0.03855334,0.58619262,-100.45159595
Adenine--Acetaldehyde,0.02434549,2.949843,179.546051,0.02505208,10.154,110.466053,79592,-0.05522794,0.58234712,-75.55537607
Cytosine--Formaldehyde,0.05887111,2.930292,166.290713,0.03390646,1.029,90.759055,83173,-0.08588849,0.86190095,-95.69010063
Oxalic_Acid--Propylene_Carbonate,0.04797639,2.68141,160.53766,0.06140572,3.485,99.536361,77802,-0.05817489,0.60774323,-67.15778226
Alanine--N-Methyl-2-pyrrolidone_(NMP),0.04499305,2.667718,178.055314,0.08784657,4.421,124.335823,74106,-0.04767512,0.66742287,-85.83392605
Benzyl_Alcohol--Gamma-Butyrolactone_(GBL),0.00691414,2.920168,168.233345,0.01965629,6.705,137.170971,76907,-0.03775687,0.52640237,-78.23505093
Pyrrolidone--Oxime,0.05861729,2.92869,130.504238,0.05547315,4.883,85.127013,78060,-0.0472323,0.53081296,-65.4136729
Butan-1-ol--N-Methyl-2-pyrrolidone_(NMP),0.01818923,2.800556,171.74221,0.04317168,5.142,125.561119,69334,-0.02839416,0.27750048,-50.33132185
Lactic_Acid--Propan-2-ol,0.06508833,2.657657,158.113025,0.08202822,2.314,95.529981,82747,-0.04340469,0.59508924,-134.16365125
Butylamine--Carbon_Dioxide,0.00156166,3.396762,167.966518,0.00331143,1.383,80.015823,81028,-0.04630006,0.76853551,-120.24652714
Pyrrole--Oxime,0.01056255,3.050431,165.984907,0.01656572,2.755,82.388903,78813,-0.03858686,0.43345759,-60.07688499
Cysteine--Phenol,0.02331789,2.725158,151.916843,0.05204238,2.568,147.348461,70162,-0.0366024,0.43200107,-67.3527422
Pyrrole--Dimethyl_Sulfoxide_(DMSO),0.02228567,2.90387,175.244411,0.03212358,7.335,107.593205,84163,-0.04251209,0.48963654,-67.90142148
Chloroacetic_Acid--Anisole,0.03838422,2.760905,167.995814,0.05088835,3.569,131.416148,72287,-0.04903947,0.6765875,-105.55671938
Tryptophan--N-Methyl-2-pyrrolidone_(NMP),0.00672602,2.922923,179.930156,0.02533321,10.004,213.556617,68881,-0.03734582,0.43865642,-67.64967754
Cyclohexanol--Butan-2-one_(MEK),0.028888,2.880259,159.444467,0.02761942,3.343,127.563783,75772,-0.03455362,0.44328029,-100.22867677
Oxalic_Acid--Dimethyl_Sulfoxide_(DMSO),0.06710365,2.536108,167.163201,0.15136297,4.515,94.599997,79268,-0.06655784,0.84886012,-107.6692748
Propylamine--Pyrimidine,0.00898031,3.152604,162.608514,0.01503704,2.563,107.952405,69713,-0.03794168,0.47707738,-69.10691728
Alanine--Benzaldehyde,0.02296796,2.722818,174.202655,0.07080397,3.869,136.466493,71883,-0.04113703,0.4263287,-55.46459701
Phenol--N-Methyl-2-pyrrolidone_(NMP),0.00854679,2.839953,177.014912,0.02861586,7.301,141.364727,74743,-0.02959104,0.44335377,-94.33764835
N-Methylformamide--Urea,0.04983269,2.843892,161.645363,0.04249824,7.151,76.00138,79858,-0.05123895,0.60408547,-93.40622911
Phenol--Propylene_Carbonate,0.01052487,2.885822,161.304318,0.02592462,7.49,130.320157,74162,-0.03770347,0.3912053,-59.12760758
Ammonia--Oxime,0.08407156,2.77031,54.861108,0.07571876,2.912,41.857744,83827,-0.03710887,0.51326628,-134.54981075
Phenol--Benzophenone,0.01040984,2.862065,175.268168,0.02620373,6.184,215.949337,64156,-0.02914458,0.32723451,-51.26263231
Glucose--2-Picoline,0.05084622,2.744861,173.754376,0.07981818,5.524,173.047251,73958,-0.04266489,0.55948783,-97.10838283
Threonine--Acetophenone,0.02014391,2.702553,177.936287,0.07668123,3.28,164.148287,67802,-0.03069827,0.2993277,-49.05822506
Citric_Acid--Dimethyl_Ether,0.02675306,2.756351,178.148076,0.0546147,2.809,132.110907,73834,-0.03878033,0.54751335,-82.96934982
Phenol--Anisole,0.01345874,2.877988,170.692837,0.02816288,3.151,156.576052,68117,-0.03559104,0.40914922,-62.70821276
Benzyl_Alcohol--Dimethyl_Sulfoxide_(DMSO),0.03808721,2.764247,165.97271,0.04336049,4.506,137.179153,75494,-0.04520469,0.55465127,-97.0168836
Uracil--Pyrazine,0.05313158,2.776779,173.397036,0.08568506,5.616,126.328437,75104,-0.04933948,0.54523683,-55.17407143
Adenine--Hexamethylphosphoramide_(HMPA),0.0272263,2.793167,176.973852,0.04091629,11.771,213.285585,68568,-0.03879951,0.80742918,-94.99157968
"Urea--1,4-Dioxane",0.02628495,2.940198,171.867585,0.03017031,4.452,92.968063,71879,-0.05082235,0.52522352,-73.56024335
"Glycerol--N,N-Dimethylformamide_(DMF)",0.0457665,2.7856,173.725991,0.0426214,5.242,105.2464,81651,-0.04395022,0.473955,-61.97962948
Hydroquinone--Propan-2-ol,0.0161552,2.807053,172.159015,0.04342433,3.106,121.247617,74963,-0.03412552,0.41338352,-72.34079019
Propanoic_Acid--Valerolactone,0.0403803,2.74525,176.621333,0.05832074,3.343,99.159217,78670,-0.03966341,0.43743336,-70.08713614
Guanine--Ethylene_Carbonate,0.03852833,2.791041,159.772629,0.04112088,4.972,140.379064,77760,-0.06549653,0.58626888,-46.64512172
Piperidine--Gamma-Butyrolactone_(GBL),0.00450502,3.136308,162.09894,0.01005041,5.832,132.495306,74402,-0.02695077,0.4199223,-94.21446688
Phenol--Acetamide,0.03655819,2.714493,159.703588,0.05877691,4.891,111.281412,75409,-0.03624726,0.54114646,-83.83803257
Indole--Cyclohexanone,0.01177558,2.998383,177.605479,0.01882557,6.844,165.749097,74016,-0.03718981,0.62178794,-108.5334815
Glycerol--Acetic_Acid,0.03094283,2.867086,174.357476,0.03403459,2.674,88.669367,75936,-0.04108879,0.53768163,-89.06600192
Propan-1-ol--Sulfate_Ion,0.01606077,2.921737,171.118937,0.01975742,2.082,85.799344,73252,-0.0568632,2.68706925,-255.41093567
Aniline--N-Methyl-2-pyrrolidone_(NMP),0.00957538,2.984964,176.386736,0.02102861,5.897,145.933097,77746,-0.04246144,0.49131677,-64.60286582
Imidazole--Propan-1-ol,0.01754024,2.938945,172.793881,0.02833236,6.398,94.504763,79252,-0.03491928,0.42594644,-76.82749128
Acetic_Acid--Oxime,0.11586808,2.780984,150.885927,0.03933994,1.898,62.485054,80649,-0.07631453,0.79570607,-74.99065018
Fructose--Dimethyl_Ether,0.03900545,2.864973,174.406628,0.03508624,5.753,133.462058,79808,-0.04347263,0.43360327,-65.00630541
Propan-1-ol--Methyl_Acetate,0.01024921,2.988088,168.823668,0.01714821,1.118,91.181289,72792,-0.04554471,0.65303919,-101.17777026
Salicylic_Acid--Quinoline,0.03242685,2.699571,168.865044,0.09824761,1.37,193.430875,64579,-0.0413316,0.58193978,-84.50402701
N-Methylformamide--Propan-1-ol,0.0241175,2.950596,173.841304,0.02876762,6.273,84.215212,81323,-0.03849993,0.54476544,-96.65759538
Guanine--Acetic_Acid,0.04314357,2.826212,174.390995,0.04866815,3.168,128.455785,70900,-0.05447974,0.59241037,-64.85513192
Barbituric_Acid--2-Picoline,0.05574499,2.705205,173.619077,0.13910356,3.875,144.628097,76337,-0.06162075,0.61336469,-56.55684427
Propan-2-ol--2-Picoline,0.03054911,2.843901,174.770698,0.04899421,3.612,119.430104,75532,-0.03641343,0.73067741,-190.41226571
Aspartic_Acid--Tetrahydrofuran_(THF),0.04050542,2.692494,170.651152,0.07710035,3.146,124.777192,77136,-0.04519089,0.6293055,-90.81835095
Piperidine--Diethyl_Ether,0.0123908,3.073574,163.659109,0.01478168,2.692,136.273377,75045,-0.02891061,0.45444058,-110.54448418
"Ethylene_Glycol--1,4-Dioxane",0.03012608,2.839391,173.375274,0.03643746,3.137,94.33323,77331,-0.06446368,1.1685406,-133.624541
Cyclohexanol--Acetic_Acid,0.05692704,2.796996,130.105301,0.07432996,1.163,109.059597,74995,-0.05028026,0.65458551,-80.53382019
"Glutamic_Acid--N,N-Dimethylformamide_(DMF)",0.06027112,2.668122,166.023233,0.07361462,5.601,135.979488,79133,-0.04823814,0.45913967,-56.26546937
Hydrogen_Peroxide--Propylene_Carbonate,0.01393126,2.934694,151.779195,0.01833521,5.773,72.32595,77806,-0.05197243,0.52491004,-58.50337682
Diethanolamine--Butan-2-one_(MEK),0.03628006,2.908591,173.521204,0.02716961,6.04,123.545706,75459,-0.04631231,0.54228555,-89.87785276
"Guanine--1,4-Dioxane",0.02480915,2.854969,176.695879,0.04213396,4.979,150.452941,69030,-0.05332374,0.69658659,-80.1505705
Sulfuric_Acid--Dimethyl_Sulfoxide_(DMSO),0.10951637,2.450203,167.167244,0.21468752,5.494,98.299623,73273,-0.07414389,0.92271314,-86.81176927
Saccharin--Butan-2-one_(MEK),0.03751115,2.776842,176.290358,0.06682032,4.283,168.31018,71959,-0.05113749,0.64638649,-90.94543817
Glycine--Urea,0.11832917,2.62126,179.025982,0.1131457,4.99,80.282826,72131,-0.0585197,0.65585865,-80.22150773
Propanoic_Acid--Methanol,0.07151827,2.694742,155.614894,0.06534469,1.361,67.830017,79093,-0.04543095,0.61991705,-99.21502986
Saccharin--Pyrazine,0.04490533,2.716386,179.537707,0.11145276,2.459,173.94326,77093,-0.06343281,0.7154005,-83.95807407
Methanol--N-Methyl-2-pyrrolidone_(NMP),0.03165462,2.7839,167.239572,0.04227856,4.736,90.60261,75177,-0.03621809,0.40499615,-62.44591133
Resorcinol--Pyruvic_Acid,0.01510583,2.847042,154.83965,0.03008337,3.058,124.939853,68838,-0.04121947,0.62254468,-119.84448406
Alanine--Acetone,0.07130072,2.705825,176.772512,0.07421655,2.453,96.726909,72848,-0.05319143,0.56435657,-67.55833229
Piperidine--Formaldehyde,0.00880451,3.093503,176.24407,0.01714422,2.202,98.245358,78072,-0.0321193,0.4343111,-109.3160656
Hydroquinone--Gamma-Butyrolactone_(GBL),0.00720517,2.917785,173.486797,0.02067844,6.042,129.687847,71126,-0.03306935,0.67085278,-176.08899757
Guanine--Butan-2-one_(MEK),0.04182979,2.793712,178.03211,0.05781411,3.084,146.876619,71561,-0.0426774,0.470266,-63.89064924
Cyclohexanol--Anisole,0.02045098,3.019402,148.47646,0.01001719,2.121,158.814056,71934,-0.04064617,0.55142051,-76.04531266
Ammonia--Carbon_Dioxide,0.00409426,3.43246,165.310743,0.00257967,1.848,33.043002,93093,-0.04359331,0.63082856,-138.83151137
Butan-1-ol--Methanol,0.01493705,2.871361,174.708335,0.03250021,2.831,78.109789,79403,-0.03039168,0.35824988,-73.9482451
"Chloroacetic_Acid--N,N-Dimethylacetamide_(DMAc)",0.06908891,2.672622,178.049425,0.06617861,5.729,109.659693,76480,-0.0555504,0.53309703,-44.95787551
"Cysteine--1,4-Dioxane",0.03030048,2.709913,166.526948,0.06783871,1.456,131.485389,81138,-0.04907674,0.78013306,-140.43942735
Citric_Acid--Pyrimidine,0.03559659,2.704584,176.565303,0.09826783,1.975,157.250293,74388,-0.03706139,0.67014196,-149.91763917
Pyrrolidone--Hexamethylphosphoramide_(HMPA),0.03764442,2.88252,173.569279,0.03059227,3.52,190.146703,69727,-0.03666845,0.46253526,-95.18567287
Butan-2-ol--Acetaldehyde,0.01462364,3.0171,165.295072,0.01264255,4.933,86.462518,76226,-0.03758397,0.53754207,-106.00503262
"Hydrogen_Peroxide--1,4-Dioxane",0.0198076,2.825344,169.154599,0.03392577,0.458,70.892219,81645,-0.04534393,0.62690424,-113.36131155
Methylamine--Vinyl_Acetate,0.01383458,3.093225,159.599127,0.01270593,2.603,83.230444,78188,-0.03663774,0.45334051,-78.06561539
Guanine--Acetone,0.03912241,2.80243,176.188618,0.05561882,2.91,135.239587,72323,-0.05173759,0.51086565,-55.03226137
Glycerol--Ethyl_Acetate,0.01993163,2.992069,151.169754,0.01446464,4.005,112.021108,77348,-0.03790299,0.556774,-92.11702597
Ethylene_Glycol--Pyrimidine,0.04417365,2.863406,172.564147,0.04412988,5.404,96.590504,76583,-0.06061756,0.61180472,-63.98619393
Glucose--Ethanol,0.03127805,2.823275,159.910783,0.03873607,3.748,131.406854,75842,-0.0397767,0.69490652,-153.8440248
Ethylamine--Trioxane,0.00378666,3.223067,164.669908,0.00690878,2.209,82.419333,73709,-0.03691139,0.48171306,-84.5759491
Propylamine--Diethyl_Carbonate,0.00103799,5.794603,147.691032,0.00156644,1.607,123.815613,66994,-0.02503898,0.33466773,-76.17586842
Methanol--Vinyl_Acetate,0.02318952,2.859138,163.40618,0.03079701,2.702,78.789533,76415,-0.02939956,0.4252855,-95.19373484
N-Methylacetamide--Ethyl_Acetate,0.01799302,3.07705,176.265562,0.01654524,2.788,108.722256,74311,-0.0477569,0.5808779,-97.23422333
Cysteine--Acetamide,0.05917693,2.611639,178.992215,0.12166973,3.176,114.037198,75076,-0.0463348,1.0681103,-178.53975537
Propylamine--Valerolactone,0.00053074,3.224652,157.701052,0.00670461,6.068,102.166191,78057,-0.03100792,0.3866533,-82.679231
Ethanol--Carbon_Dioxide,0.00908694,3.176304,171.386374,0.00666353,2.157,52.220785,91255,-0.06038907,0.64225397,-71.31089952
Benzoic_Acid--Butan-2-one_(MEK),0.05412419,2.70617,176.570139,0.07070651,2.003,138.628025,72484,-0.04676787,0.51091511,-69.1024084
Methylamine--Ethanol,0.00912087,3.125641,166.42391,0.01260495,2.291,59.073461,81474,-0.03626779,0.40075816,-67.52489745
Pyrrolidine--Acetaldehyde,0.00367178,3.232442,155.545274,0.00575612,4.364,86.094943,76580,-0.03681457,0.40243769,-55.92449579
Cytosine--Phenol,0.06690824,2.909934,137.399706,0.06197422,2.209,144.472946,80423,-0.05604308,0.60701009,-63.48929521
Sulfuric_Acid--Phenol,0.07941355,2.621897,156.157028,0.08149463,2.21,117.663326,68949,-0.05698711,0.87503463,-106.71432697
Threonine--Vinyl_Acetate,0.03269272,2.731925,175.533098,0.06191844,2.473,128.917091,75237,-0.0376787,0.46038684,-67.47341543
Methanol--Phenol,0.0081505,2.890903,147.373305,0.01573707,2.182,93.891255,67771,-0.03704202,0.44457666,-76.40727275
Acetic_Acid--Ethanol,0.13634269,2.690198,156.653643,0.06862481,1.396,67.667329,78216,-0.07605189,0.62984277,-51.31259629
Methanol--Acetaldehyde,0.03325376,2.890234,169.756231,0.02932717,3.732,51.675205,79786,-0.04170762,0.48637386,-72.19689235
Thymine--Trioxane,0.02863504,2.884519,172.403096,0.04133913,4.841,123.921706,79259,-0.05313114,0.60094809,-70.79578038
"Adenine--N,N-Dimethylacetamide_(DMAc)",0.03269368,2.808699,177.978282,0.04368251,12.337,142.834719,75828,-0.0485256,0.7261694,-82.28813515
Benzoic_Acid--Pyridine,0.13196536,2.688218,179.25919,0.10734843,2.89,148.822017,80085,-0.09311845,0.78703142,-54.96246538
Propan-1-ol--Pyrimidine,0.02931298,2.920662,172.129005,0.0333361,4.419,103.518992,72735,-0.0401818,0.42851138,-56.49372408
Oxalic_Acid--Anisole,0.03259632,2.732961,171.081672,0.06285851,3.691,125.767569,71405,-0.05074833,0.50178079,-63.17352219
Pyrrole--Vinyl_Acetate,0.01523575,3.01099,178.5106,0.0197124,5.185,111.771466,79145,-0.04348604,0.50691704,-77.32515891
"Acetamide--1,4-Dioxane",0.03215448,2.912026,163.963254,0.03305624,4.229,95.42355,70653,-0.05439716,0.66511882,-96.52690196
"Propanoic_Acid--1,4-Dioxane",0.04441285,2.746943,171.595312,0.06048125,1.717,102.710071,75379,-0.04296221,0.54861131,-80.05086021
Piperidine--Quinoline,0.01100477,3.040843,164.180717,0.02469196,3.329,182.781591,71519,-0.03037291,0.38069742,-77.07670797
Histidine--Pyrazine,0.02113468,2.904775,169.322502,0.04427523,4.091,158.618428,73701,-0.04168895,0.55203024,-75.9370217
Catechol--Quinoline,0.03547097,2.824887,157.20101,0.04313682,2.938,180.0568,82469,-0.08180814,0.82292919,-75.01301648
Indole--Methyl_Acetate,0.00107241,3.025074,152.119624,0.01383861,1.425,140.845179,75065,-0.03773399,0.50187797,-81.47214586
Salicylic_Acid--Valerolactone,0.02831605,2.731415,161.095373,0.04812517,4.738,143.22827,69982,-0.05265346,0.5600157,-61.71109905
Propan-1-ol--Valerolactone,0.00135096,2.939753,171.388642,0.0186478,6.448,97.729368,72072,-0.03211349,0.51904062,-103.4902577
Cytosine--Ethanol,0.05654497,2.814194,142.461652,0.04511699,0.703,105.287527,76214,-0.04831236,0.65865004,-92.92470902
Sulfuric_Acid--Ethylene_Carbonate,0.11113716,2.602567,160.367575,0.07794823,5.667,91.813939,81647,-0.07695277,0.76155488,-62.9714781
Barbituric_Acid--Trioxane,0.04927788,2.820704,168.419647,0.05467066,2.365,114.837018,77159,-0.06911651,0.81948383,-105.34609153
Propan-2-ol--Dimethyl_Ether,0.02062551,2.900035,177.282401,0.02942957,2.637,78.222603,78291,-0.03293787,0.41347113,-73.4201936
Cyclohexanol--Quinoline,0.01967338,3.013615,150.219341,0.01552518,3.231,177.707812,66285,-0.04356232,0.5689707,-99.11648103
Tryptophan--Methyl_Acetate,0.01458541,3.030268,153.31065,0.01506151,3.881,190.909324,70059,-0.04447979,0.47831732,-62.59118969
Pyrrolidine--Propan-2-ol,0.00872106,3.087012,157.109632,0.01222255,3.437,100.570402,76917,-0.03689757,0.42120008,-70.4819175
Butanoic_Acid--Urea,0.07501172,2.630456,178.89325,0.10662425,3.325,94.478527,73154,-0.03682983,0.44510411,-73.01816248
Alanine--18-Crown-6,0.0145136,2.73092,169.991033,0.06631391,4.797,225.007974,73884,-0.03142612,0.37993591,-73.32424044
Propan-2-ol--Methanol,0.02746312,2.881251,173.254816,0.03182096,2.519,66.229864,81046,-0.03433876,0.50518883,-143.29393227
Phenol--2-Picoline,0.03505634,2.777958,172.949368,0.066242,4.327,147.042245,67336,-0.0408559,0.48653165,-59.23170474
Hydrogen_Peroxide--18-Crown-6,0.01790575,2.807965,171.915551,0.04430301,3.898,184.039008,74919,-0.04507314,0.54041469,-72.45794241
Methylamine--Diethyl_Ether,0.02232743,3.104103,161.55997,0.01262754,2.786,82.710427,78477,-0.03984816,0.41689045,-68.43884342
Catechol--Vinyl_Acetate,0.01854542,2.920253,176.346914,0.02080354,3.663,134.118776,83191,-0.04705415,0.53246372,-76.69353123
Fructose--2-Picoline,0.04344488,2.800889,170.822465,0.05726165,6.257,174.680789,74537,-0.04611217,0.43460908,-49.82175231
Catechol--Pyridine,0.0487013,2.810563,168.45473,0.05351409,3.315,140.119551,84732,-0.07380366,0.65351206,-49.02947306
Butan-2-ol--Dimethyl_Ether,0.01574436,2.913355,173.139698,0.02748299,2.83,89.883162,76862,-0.03671547,0.39161214,-74.80334242
Oxalic_Acid--Cyclohexanone,0.05315425,2.677972,178.050661,0.08497,4.765,112.746417,76078,-0.06380033,0.66504412,-74.80450364
Butanoic_Acid--Pyrazine,0.03686742,2.723225,176.572688,0.09003491,2.001,116.569433,71462,-0.03284902,0.48299045,-97.78889137
Hydroxylamine--18-Crown-6,0.01759821,3.062025,152.374263,0.01498807,3.708,188.392322,75388,-0.04538396,0.42284681,-49.6902594
"Citric_Acid--N,N-Dimethylacetamide_(DMAc)",0.03855831,2.623675,166.577567,0.08498613,3.643,161.010499,75603,-0.03860883,0.64697109,-161.37285844
N-Methylformamide--Pyruvic_Acid,0.01596291,2.958244,151.122348,0.02010128,4.039,87.651334,76614,-0.04289185,0.50952191,-65.31679807
Resorcinol--Gamma-Butyrolactone_(GBL),0.0107113,2.857655,176.257718,0.03488047,7.22,129.73915,73773,-0.04416859,0.55812643,-95.83078918
Fructose--Butan-2-one_(MEK),0.02788826,2.820765,171.769176,0.03923006,4.939,152.972486,69779,-0.03314941,0.39352198,-73.70654721
Acetic_Acid--Vinyl_Acetate,0.05875789,2.752332,178.466011,0.05671602,1.726,91.756912,79094,-0.05322054,0.80855008,-117.37070253
Ethylamine--Ethanol,0.01507415,3.126014,167.384526,0.01426471,1.484,70.618072,75615,-0.03427808,0.4095946,-87.50478
Piperidine--Benzophenone,0.00955422,3.091896,163.163736,0.01227216,4.548,223.187101,68196,-0.02725896,0.37806163,-76.5463673
Butan-1-ol--Cyclohexanone,0.0047849,2.912622,163.957702,0.01998263,5.582,127.878625,71575,-0.0258505,0.31153511,-67.49519336
Chloroacetic_Acid--Butan-2-one_(MEK),0.08968511,2.681139,178.471894,0.08328455,3.688,100.201513,74374,-0.07364445,0.66022374,-46.33194703
Fructose--Ethylene_Carbonate,0.02961407,3.135673,129.03143,0.0101417,9.806,146.294178,70787,-0.04409509,0.62488811,-92.00272422
"Acetic_Acid--N,N-Dimethylacetamide_(DMAc)",0.06545796,2.698222,175.77712,0.05790862,4.198,97.057729,76868,-0.04710647,0.48308946,-64.41603743
Hydrazine--Morpholine,0.00954406,3.109673,163.52229,0.01273812,2.246,84.226366,74495,-0.04242607,0.47437997,-68.73442971
Glucose--Diethyl_Carbonate,0.02175264,2.970032,136.735689,0.00950691,4.939,173.002592,75048,-0.05022322,0.8382619,-98.74923123
Propan-2-ol--18-Crown-6,0.01819095,2.897873,178.36541,0.02926936,3.421,214.406617,71564,-0.03394485,0.30337138,-46.02140342
Hydrogen_Peroxide--Dimethyl_Ether,0.05863206,2.797952,165.191247,0.04525734,1.909,47.842833,84341,-0.05141349,0.54009101,-68.3045549
Citric_Acid--Gamma-Butyrolactone_(GBL),0.03377271,2.693931,161.66238,0.05837756,3.701,151.525545,77347,-0.04231188,0.57378607,-72.72768694
Ethylamine--Formaldehyde,0.00817892,3.143296,162.85877,0.01211849,2.098,56.288497,82394,-0.02995872,0.3687105,-77.88151835
Thymine--Acetone,0.04071007,2.807589,176.593114,0.05810565,6.155,120.454179,77030,-0.04434508,0.46835635,-60.72269674
N-Methylformamide--Tetrahydrofuran_(THF),0.02743116,2.941419,170.276138,0.02863154,6.399,90.951196,78207,-0.04250053,0.6508266,-158.46082616
Glucose--Cyclohexanone,0.03356084,2.78184,169.766417,0.04785216,3.324,169.600587,72428,-0.0381663,0.39928132,-57.91978198
Acetamide--18-Crown-6,0.02208713,2.92934,161.657241,0.03052824,4.925,208.608256,73427,-0.04316398,0.51018476,-77.7683275
Ammonia--Acetamide,0.09552701,2.982481,141.101446,0.04933644,2.767,52.916063,72569,-0.04832543,0.53906188,-82.7565202
Pyrrole--Hexamethylphosphoramide_(HMPA),0.01890765,2.914875,176.975921,0.02443447,7.249,187.522263,70263,-0.03063425,0.36274533,-62.11404219
Catechol--Butan-2-one_(MEK),0.02342888,2.789739,168.491092,0.04604438,3.682,129.834534,81543,-0.04012888,0.41946587,-56.01608482
Aspartic_Acid--Isoquinoline,0.02333414,2.648944,174.449078,0.12661168,5.142,176.531365,64573,-0.034264,0.55939191,-110.92881962
"Saccharin--N,N-Dimethylacetamide_(DMAc)",0.04649379,2.718615,170.0905,0.08086298,2.6,177.712127,73696,-0.05092764,0.71672358,-101.69959863
N-Methylacetamide--Urea,0.03154962,2.949867,174.429303,0.02614027,8.868,87.28728,79806,-0.05277594,0.53316392,-56.82883866
Methanol--Methyl_Acetate,0.02493388,2.950937,164.085215,0.01997565,2.578,67.977046,80764,-0.04540679,0.75541123,-128.05928503
Catechol--Morpholine,0.02457637,2.828689,178.712418,0.03773081,3.504,137.924337,75228,-0.03919037,0.42183598,-55.69483875
Guanine--Pyridine,0.05176686,2.756242,177.322607,0.09227243,2.38,157.082226,71363,-0.05478485,0.53518047,-57.37847481
Ethylamine--Methanol,0.009796,3.16879,152.220347,0.0078164,2.181,59.106108,78565,-0.02752985,0.40258264,-127.7112089
Sulfuric_Acid--Tetrahydrofuran_(THF),0.08202713,2.608431,172.287909,0.10669749,4.0,96.567438,77448,-0.0672807,0.8448688,-108.17198703
Butylamine--Propan-1-ol,0.0032438,3.109514,155.218724,0.010365,2.919,105.71653,77734,-0.02975076,0.45996343,-91.09034241
Aniline--Pyruvic_Acid,0.00869898,3.057336,153.486597,0.01467196,3.147,124.998492,72583,-0.0445786,0.5216036,-67.73826738
Glycerol--Valerolactone,0.02744336,2.846559,169.665682,0.03375246,6.003,107.041654,74812,-0.05083916,0.60468662,-90.75740101
Propanoic_Acid--N-Methyl-2-pyrrolidone_(NMP),0.04383039,2.666198,175.641935,0.08341956,3.676,115.216575,75761,-0.03665128,0.45150085,-75.4187029
Lactic_Acid--Vinyl_Acetate,0.0319548,2.719329,176.873966,0.06640375,4.13,108.144202,80938,-0.03405752,0.61434088,-143.54951937
Citric_Acid--Trioxane,0.02296989,2.737613,165.81179,0.0590429,2.353,143.353487,75219,-0.04279975,0.52178456,-67.83547697
Propanoic_Acid--Acetaldehyde,0.02721603,2.741083,167.342962,0.0577249,1.796,76.289465,80967,-0.03602328,0.38794332,-62.37053339
Pyrrolidine--Propan-1-ol,0.00983502,3.112714,172.873382,0.01469497,2.326,100.746149,78302,-0.03500417,0.39110145,-64.15426409
Thymine--Ethyl_Acetate,0.02604994,2.906683,170.308766,0.03549289,4.713,137.087939,71755,-0.04172961,0.62511097,-116.5376269
Resorcinol--Acetic_Acid,0.016386,2.895709,177.16788,0.02239688,4.766,111.428367,74749,-0.03882839,0.40208124,-51.51807289
Ascorbic_Acid--Trioxane,0.01745108,2.852253,163.857037,0.02961424,5.837,138.964994,74582,-0.05318069,0.81760683,-106.6792917
Oxalic_Acid--Acetamide,0.10702739,2.588802,179.583101,0.13998352,4.27,80.549455,77212,-0.06594026,0.69996196,-65.87268667
Salicylic_Acid--Trioxane,0.04115148,2.808063,178.934134,0.04726907,1.207,135.102197,77755,-0.04736018,0.53405677,-75.77940255
Glycerol--Dimethyl_Ether,0.03458869,2.862422,174.373513,0.0363213,3.016,87.613175,78582,-0.04396755,0.96527624,-158.40132143
Sulfuric_Acid--Isoquinoline,0.01963441,2.537212,163.06298,0.17207754,5.406,148.35028,66078,-0.06885468,0.89313156,-99.37206576
Cysteine--Acetone,0.04571705,2.674407,172.827198,0.08545518,2.2,116.365719,77496,-0.04523543,0.48551766,-56.98023224
Trifluoroethanol--Ethanol,0.03000771,2.778827,168.941412,0.04542113,3.833,69.84944,81250,-0.04282088,0.46915843,-72.89409237
Hydroxylamine--Quinoline,0.02761909,2.993218,172.819463,0.03513747,2.434,121.79505,77010,-0.05295061,0.57217282,-57.63846467
Acetic_Acid--Pyruvic_Acid,0.04872595,2.784494,177.488574,0.05069495,1.041,82.702482,77804,-0.05860429,0.60246586,-86.04620451
Aniline--Pyridine,0.02507653,2.964898,170.367142,0.03573962,4.412,140.163801,76132,-0.04386812,0.43488454,-54.410569
Alanine--Ethyl_Acetate,0.0266833,2.814244,173.777965,0.04358749,3.196,113.306852,78657,-0.04454892,0.50616803,-74.3928786
Aspartic_Acid--Trioxane,0.03166802,2.739017,168.195298,0.06072542,0.751,118.137736,78528,-0.04170904,0.4473762,-67.60609066
Pyrrole--Formaldehyde,0.01376707,3.114605,179.997953,0.01169087,5.027,73.282803,89334,-0.05142962,0.4773936,-46.71801376
Benzoic_Acid--N-Methyl-2-pyrrolidone_(NMP),0.02138274,2.678135,176.800961,0.08135577,3.688,154.618967,72966,-0.04711334,0.67669457,-88.3358899
Formic_Acid--Diethyl_Ether,0.05535854,2.715669,177.042796,0.07290035,2.482,79.935476,76400,-0.04326863,0.43780653,-60.22328432
Urea--Gamma-Butyrolactone_(GBL),0.04377273,2.883234,156.009181,0.0265714,2.593,89.360805,77974,-0.06056508,0.69961762,-78.20285036
Trifluoroethanol--Isoquinoline,0.03139556,2.718349,175.585365,0.08731565,5.204,139.929329,67748,-0.04512237,0.51546175,-64.20394924
Phenol--Pyruvic_Acid,0.00624047,2.955485,169.884198,0.01798742,3.612,120.532398,72498,-0.0354578,0.50468057,-101.68440249
Propylamine--Pyruvic_Acid,0.00234584,3.167282,164.879594,0.01138148,1.158,97.361285,76181,-0.0355609,0.45519143,-89.30377097
Trifluoroethanol--Methanol,0.04221351,2.767578,172.688071,0.05270332,4.006,58.2714,83510,-0.04941997,0.44989301,-53.63532981
Butan-1-ol--Acetic_Acid,0.01547198,2.864076,161.59213,0.0298196,2.56,91.120729,72672,-0.03447524,0.6186823,-146.17169391
Ethylene_Glycol--Propylene_Carbonate,0.0111187,2.9079,155.294025,0.02030193,8.452,95.827951,81523,-0.04877061,0.73768384,-110.43416031
Salicylic_Acid--Butan-2-one_(MEK),0.01662899,2.733369,179.077254,0.06492131,2.124,143.349584,73300,-0.03551819,0.58920843,-124.27613336
Hydrazine--Carbon_Dioxide,0.06458739,3.019096,119.145085,0.0306924,2.588,42.158561,91939,-0.06919451,0.70361826,-72.02679633
Aspartic_Acid--Acetamide,0.05565671,2.609638,177.814121,0.1218816,4.429,112.405665,72560,-0.04548328,0.48309858,-73.37252915
Benzoic_Acid--Pyruvic_Acid,0.02728128,2.75703,173.58377,0.05462295,0.771,133.78219,73053,-0.04914176,0.65729135,-100.40160261
Thymine--Ethanol,0.04475462,2.76685,146.652733,0.04517056,3.664,112.28006,78397,-0.04207193,0.42603031,-52.9363721
Ammonia--Ethanol,0.02307942,3.098385,160.501994,0.01448731,1.03,46.988251,80178,-0.04210416,0.46630424,-81.81327017
Serine--Ethanol,0.04447212,2.683332,157.27862,0.07224466,1.588,93.271995,82177,-0.03258756,0.3769714,-84.25077806
Glycine--Cyclohexanone,0.0369769,2.726031,178.221701,0.06673285,4.465,114.935088,75014,-0.04642767,0.58467729,-88.18071476
Indole--Trioxane,0.01212174,3.015781,175.125377,0.01949177,4.355,139.31989,75116,-0.04719428,0.53020785,-64.21048015
Glycine--Ethyl_Acetate,0.02121988,2.806937,177.073648,0.04342141,1.521,101.646173,76283,-0.04152521,0.4581082,-70.45810733
Glycine--Acetone,0.04503098,2.712962,176.458405,0.07079156,4.011,85.059643,75048,-0.04710948,0.60738452,-93.11686674
Piperidine--Oxime,0.05694916,3.374646,144.776125,0.08178115,2.03,107.149927,74484,-0.0448782,0.65186301,-112.99254945
Cyclohexanol--Dimethyl_Ether,0.02493042,3.007457,161.012782,0.01256797,2.825,108.070519,71076,-0.05192558,0.63803356,-88.98073634
Trifluoroethanol--Trioxane,0.01799209,2.830507,170.446474,0.03869821,3.66,81.54662,81835,-0.04391306,0.55863598,-81.83305568
Ethanol--Morpholine,0.01136885,3.00305,160.184539,0.01738076,3.504,94.222736,77317,-0.05047386,0.5567545,-78.41487425
Aspartic_Acid--Methyl_Acetate,0.02498747,2.806082,173.926126,0.04426247,3.175,119.75825,77949,-0.04658857,0.70574326,-113.64990788
Uracil--Urea,0.12400621,2.689465,179.277702,0.10038724,7.218,104.17757,78269,-0.06566281,0.80029047,-83.30435041
Ethylamine--Quinoline,0.00758119,3.097322,173.217876,0.02086169,3.419,140.763486,66542,-0.03550068,0.40687203,-53.47969972
Pyrrolidone--Carbon_Dioxide,0.03119092,3.010519,130.785956,0.02106504,4.753,76.273611,78580,-0.0613407,0.65631167,-74.6182094
Glutamic_Acid--N-Methyl-2-pyrrolidone_(NMP),0.05027315,2.630658,171.17751,0.09803572,4.176,153.784846,77352,-0.04058232,0.44628352,-77.36800241
Ascorbic_Acid--Acetaldehyde,0.02124557,2.864222,167.534005,0.02890271,7.38,124.179641,75068,-0.04823773,0.56960287,-71.52321373
Trifluoroethanol--Quinoline,0.03491154,2.709096,173.521522,0.09100543,4.681,139.891265,68652,-0.05253127,0.87190728,-187.78928319
"Catechol--1,4-Dioxane",0.02277229,2.871684,171.63958,0.02742549,1.3,133.412517,74518,-0.04639751,0.65537834,-98.77700215
Butan-2-ol--Sulfate_Ion,0.02054628,2.930486,171.59378,0.01888995,1.89,97.370385,76821,-0.06839793,2.69137286,-249.4640011
Hydroquinone--Cyclohexanone,0.00726778,2.908385,174.489583,0.02210563,4.709,148.010562,71270,-0.03095697,0.37742894,-64.32966703
Glycerol--18-Crown-6,0.0122887,2.883879,159.659617,0.02848189,4.034,223.791709,73362,-0.04054273,0.5145894,-78.44223937
Hydroquinone--Ethyl_Acetate,0.0131646,2.893285,168.840006,0.02741529,1.625,134.66099,76073,-0.03598141,0.52536674,-87.17941596
Phenol--Methanol,0.02297509,2.837733,174.925311,0.03796795,3.752,93.848044,76697,-0.05130202,0.73822925,-132.26576201
Barbituric_Acid--Urea,0.10936388,2.695613,176.418446,0.10150118,5.611,106.655741,80779,-0.07209628,0.74703045,-72.02676552
Glutamic_Acid--Isoquinoline,0.04176014,2.67221,177.552716,0.11665463,4.495,187.957621,71053,-0.04287362,0.47735911,-62.59939593
Hydrazine--Quinoline,0.01180837,3.044596,170.000957,0.02647611,2.903,126.304355,64954,-0.03698198,0.51171833,-92.69095014
Hydrazine--Benzaldehyde,0.00666796,3.12971,152.263435,0.01054842,2.897,104.233578,67470,-0.03596451,0.37864696,-59.92491398
"Hydroquinone--1,4-Dioxane",0.00883656,2.873899,174.138555,0.02800652,0.91,133.26789,74051,-0.03501197,0.46420409,-94.20557259
Hydroquinone--Quinoline,0.0175331,2.784947,178.001467,0.06484293,3.518,179.895726,66767,-0.03690239,0.48731255,-74.15668232
Catechol--Ethyl_Acetate,0.01140819,2.924581,171.287232,0.02403326,2.572,134.816011,77253,-0.04578448,0.46165583,-57.67174275
Butan-1-ol--Propan-2-ol,0.01750945,2.840529,170.298726,0.03706816,2.69,101.110573,72730,-0.02894116,0.31669599,-66.59408529
Cysteine--Pyridine,0.04791084,2.651677,176.816394,0.12971789,2.672,138.165546,76035,-0.04836025,2.11247735,-247.5775504
Benzyl_Alcohol--Phenol,0.01128017,2.918432,175.290565,0.02321243,3.406,156.491537,71397,-0.04133651,0.49693816,-82.66958747
Glucose--Dimethyl_Sulfoxide_(DMSO),0.04090072,2.723619,173.389583,0.05955937,2.793,151.381907,74410,-0.04534771,0.42059001,-49.00511988
Piperidine--Hexamethylphosphoramide_(HMPA),0.02041603,3.044294,162.604784,0.01335228,5.138,212.553093,70022,-0.03020163,0.38319104,-68.16384886
Thymine--Propan-2-ol,0.02738436,2.820525,176.805869,0.05598025,5.554,123.667151,77440,-0.04029446,0.4721956,-73.02084252
Hydroquinone--Pyruvic_Acid,0.00728532,2.912346,179.382791,0.02287997,2.572,124.904361,80755,-0.03938063,0.54267169,-86.1509304
Pyrrolidone--Acetone,0.0347966,2.865311,165.790644,0.03831186,1.1,98.567955,71190,-0.0436592,0.47726652,-62.06182962
Saccharin--Propan-2-ol,0.03246106,2.763795,171.097397,0.0687531,2.57,159.833587,68492,-0.06517673,0.72249498,-78.23358648
Sulfuric_Acid--Benzophenone,0.04191695,2.501956,157.747795,0.12340082,3.542,188.852099,70897,-0.05683795,0.54168878,-56.02587148
Methanol--Acetic_Acid,0.07555005,2.738858,134.189625,0.03663413,0.335,56.193363,80383,-0.04883015,0.55739838,-90.45848478
Butylamine--Propan-2-ol,0.00525676,3.126527,171.311615,0.01086568,2.242,105.51927,79713,-0.0311883,0.6781972,-146.67017816
Histidine--Acetone,0.02156742,2.891857,164.938224,0.03641684,4.842,141.204857,79383,-0.04252201,0.43049672,-58.38496167
Trifluoroethanol--Methyl_Acetate,0.0347304,2.850664,178.779508,0.03422602,1.954,83.152238,78232,-0.05972819,0.83731446,-172.80808069
Lactic_Acid--Valerolactone,0.06431657,2.683606,160.028978,0.06209536,3.781,103.870764,78089,-0.05736274,0.49799224,-46.33887289
Butan-1-ol--Sulfate_Ion,0.01374054,2.882969,169.783055,0.02213972,1.942,97.599711,74512,-0.04002353,0.539304,-70.55330618
Thymine--Morpholine,0.02426357,2.807648,165.671785,0.05464443,4.497,140.126423,71263,-0.04204906,0.47014654,-69.91239594
Glucose--Phosphate_Ion,0.17785349,2.46397,170.391769,0.20616693,9.631,140.757631,79036,-0.06969449,0.88089983,-115.85136801
Propanoic_Acid--Trioxane,0.03192967,2.786661,176.020015,0.04950658,3.037,91.049524,75630,-0.03761547,0.50926535,-90.35328718
Glucose--Trioxane,0.02156592,2.886607,159.002269,0.02760772,6.393,143.230265,74458,-0.05002113,0.66403833,-82.3069234
Histidine--Formaldehyde,0.01642254,3.001665,160.512255,0.02117901,4.532,118.616349,79494,-0.04729629,0.49479677,-67.92887413
Pyrrole--Benzophenone,0.0064196,3.001467,179.997914,0.01856498,6.685,198.168446,60359,-0.02302024,0.3530008,-77.38133617
Propylamine--Urea,0.03403704,2.979363,139.327847,0.04987592,2.863,85.645444,76133,-0.03833401,0.37162062,-50.62334749
Ethylamine--Benzaldehyde,0.0,3.219961,159.059529,0.00757982,4.749,118.763216,67775,-0.02603136,0.32501241,-60.00988995
Cytosine--Trioxane,0.02620141,2.892986,161.18197,0.03503551,1.05,116.876295,75997,-0.04555581,0.53448354,-76.76948432
Guanine--Phenol,0.04928706,2.768987,142.808244,0.07814695,6.72,166.343057,69490,-0.04519003,0.51015611,-63.26515487
Acetic_Acid--Morpholine,0.05036068,2.729954,170.423251,0.06577527,1.254,95.555244,76713,-0.0573379,0.78318721,-124.33665154
Imidazole--Acetone,0.01217877,2.987598,179.898266,0.01985938,7.875,91.133667,82195,-0.02961203,0.4412911,-82.02139728
Dimethylamine--Sulfate_Ion,0.01868523,2.989126,160.638506,0.02009786,0.827,78.916878,80125,-0.07219881,0.74306898,-65.50090875
Benzoic_Acid--Acetophenone,0.03993128,2.729054,176.232853,0.0652757,2.76,178.106951,65464,-0.0384297,0.54136221,-92.32979311
Hydrogen_Peroxide--Pyruvic_Acid,0.03982226,2.839799,171.251819,0.03880467,2.621,62.520542,78054,-0.05697422,0.82036361,-148.16329533
Uracil--N-Methyl-2-pyrrolidone_(NMP),0.03097738,2.761,172.555695,0.05993671,8.537,136.582849,73889,-0.04691296,0.54903319,-103.17617566
Glycine--Pyridine,0.06086143,2.676654,177.925487,0.11488283,4.747,106.862406,77721,-0.04834293,0.52916117,-63.91748973
Sulfuric_Acid--Pyrimidine,0.02936792,2.615866,176.033796,0.14226731,4.633,103.888299,72232,-0.07928048,3.4577998,-254.05018362
Butan-2-ol--Ethylene_Carbonate,0.00870053,2.991877,149.472849,0.01174581,5.102,102.762344,75958,-0.04061585,0.48208735,-87.25991365
Oxalic_Acid--Methanol,0.1247939,2.646706,157.527146,0.08801016,3.282,63.135847,80026,-0.07913716,0.68381542,-51.84871046
Diethanolamine--Ethylene_Carbonate,0.0198193,3.035033,167.012069,0.01413595,4.938,116.859297,77379,-0.05429814,0.57282022,-65.57194732
Hydrogen_Peroxide--Urea,0.18624729,2.714653,172.338729,0.06928916,5.162,50.900388,90096,-0.09131691,0.78147732,-59.01437179
Aspartic_Acid--Butan-2-one_(MEK),0.03347718,2.67504,174.226068,0.08238244,3.734,126.339869,73574,-0.03887463,0.56933424,-93.89781391
Hydroquinone--Benzophenone,0.01117711,2.841568,175.118644,0.03072556,5.1,220.320524,66193,-0.02776928,0.34773388,-60.82162053
Salicylic_Acid--Vinyl_Acetate,0.02627655,2.751336,177.488931,0.0567362,1.296,147.502201,75950,-0.03584025,0.52481868,-82.08470639
Histidine--Benzophenone,0.01667033,2.845017,156.583915,0.03255501,7.024,243.493224,68932,-0.03735142,0.5744527,-78.3319211
Ethylamine--Hexamethylphosphoramide_(HMPA),0.01908959,3.118326,160.220546,0.00944717,5.297,170.563417,73919,-0.03540987,0.46234656,-81.15932132
Aniline--Diethyl_Ether,0.01697706,3.009775,169.221711,0.02134232,3.25,133.583145,71807,-0.0358204,0.41810532,-70.39256323
Histidine--Ethyl_Acetate,0.02100607,3.192102,154.307445,0.01033647,2.477,157.783694,77194,-0.04269853,0.63404036,-99.00014419
Pyrrolidone--Propan-1-ol,0.01809225,2.939079,172.038867,0.02747542,3.754,101.979341,73752,-0.03914994,0.45862075,-85.47061457
Lactic_Acid--Acetophenone,0.05457804,2.684809,169.258449,0.07904783,7.86,143.416004,73575,-0.03975321,0.43682869,-57.09209099
Hydroquinone--Urea,0.03317453,2.714109,166.293737,0.06203542,6.075,113.251468,78601,-0.03853738,0.54096621,-115.95071691
Propan-2-ol--Trioxane,0.01200397,2.951955,175.368981,0.02006051,3.241,89.536029,79313,-0.03490189,0.4290436,-75.57175187
Propan-2-ol--N-Methyl-2-pyrrolidone_(NMP),0.01870315,2.82851,170.124747,0.03877247,5.063,113.685564,76232,-0.03114496,0.49543529,-156.28676445
Ethylene_Glycol--N-Methyl-2-pyrrolidone_(NMP),0.0275386,2.779701,172.668212,0.04871451,6.35,106.813443,78762,-0.04498651,0.50873827,-89.80921933
Propanoic_Acid--Gamma-Butyrolactone_(GBL),0.02976059,2.731702,170.80189,0.05563429,3.212,99.158496,80165,-0.03910715,0.49539562,-92.12027454
Benzoic_Acid--Carbon_Dioxide,0.05237975,2.920244,152.925635,0.01826283,2.226,104.749273,87745,-0.1153694,0.93659688,-56.73889238
Acetic_Acid--Formaldehyde,0.09111811,2.793788,171.057873,0.05138113,0.683,53.234592,83521,-0.08354473,0.77511699,-77.2328064
Aniline--Quinoline,0.01322834,2.94559,169.691737,0.03837092,4.64,180.081772,70462,-0.0461098,0.57837919,-74.42897926
Lactic_Acid--Ethyl_Acetate,0.0156344,2.79124,177.130767,0.04704202,1.999,108.883402,78300,-0.04368241,0.40788494,-55.86086476
Butylamine--18-Crown-6,0.00742003,3.130548,157.785715,0.01148726,4.436,230.726045,69501,-0.03035856,0.35332141,-63.56294817
Aniline--Benzaldehyde,0.00883644,3.067435,179.23205,0.0175783,5.436,158.100158,74103,-0.05057868,0.54474795,-57.44587605
"Adenine--1,4-Dioxane",0.00984294,2.90144,179.9005,0.0326905,6.85,136.950476,73594,-0.04739245,0.56320434,-78.25990682
Ethanol--Valerolactone,0.01969219,2.93972,168.18121,0.02263074,6.639,86.097614,75982,-0.05044559,0.53219364,-67.11627739
Ethanol--18-Crown-6,0.01479589,2.892276,178.719936,0.03011799,3.709,202.822547,72474,-0.03546295,0.5091581,-118.97470662
Benzoic_Acid--Acetone,0.0421762,2.734195,176.460951,0.06371502,2.006,127.01179,76760,-0.04614667,0.54746062,-67.72552567
Urea--Acetaldehyde,0.04863629,2.930012,167.640205,0.03243067,1.328,66.436689,82847,-0.05611486,0.6872441,-89.34618035
Butan-1-ol--Dimethyl_Ether,0.01221507,2.900224,170.06182,0.02569139,3.352,90.120587,72695,-0.03089957,0.42908334,-98.89771671
"Propanoic_Acid--N,N-Dimethylformamide_(DMF)",0.0453857,2.670178,170.869633,0.06992371,3.185,97.391669,79522,-0.0379087,0.49854321,-92.01570788
Indole--Ethanol,0.0140766,2.975152,172.545668,0.02370566,4.74,127.534034,68624,-0.05324237,0.51904544,-64.04148905
Barbituric_Acid--Pyrazine,0.05822016,2.70493,179.737987,0.12198493,2.044,128.700742,80912,-0.06928485,0.64256071,-64.24092268
Catechol--Anisole,0.02166236,2.878875,175.076018,0.03053801,2.07,161.11362,68452,-0.03862954,0.48487939,-76.53468443
Glycine--Methyl_Acetate,0.02916863,2.830582,173.654742,0.03999918,2.408,90.092882,77840,-0.04332923,0.49951285,-68.14814063
Ethylene_Glycol--Gamma-Butyrolactone_(GBL),0.01923177,2.906506,167.531655,0.02049979,8.057,90.789907,76690,-0.06441726,0.657847,-71.80864046
Butanoic_Acid--Methanol,0.05785457,2.700518,155.404844,0.06236887,1.457,79.503987,78473,-0.03667891,0.52684541,-91.83421335
Hydroquinone--Sulfate_Ion,0.01691045,2.88818,175.292442,0.02247254,0.577,117.835888,77464,-0.04948016,0.77959566,-104.12675577
Threonine--Cyclohexanone,0.02241818,2.687902,167.759113,0.06668597,3.24,142.929822,77389,-0.03574428,0.58285675,-115.93478019
Imidazole--Pyridine,0.08455048,2.866233,179.821553,0.0565131,7.408,112.99856,84185,-0.0728618,0.63344988,-48.95038102
Aspartic_Acid--Urea,0.08381752,2.60194,178.125627,0.12392747,5.125,109.972575,75003,-0.04946865,0.79896646,-149.59355614
Sulfuric_Acid--Urea,0.09355725,2.50819,161.189584,0.11905302,3.422,81.920701,83965,-0.08178369,0.84281087,-62.03288512
Methylamine--Pyrimidine,0.01158185,3.148339,168.094416,0.01635598,3.803,84.743531,76252,-0.0371077,0.47056092,-74.87539283
Cytosine--Vinyl_Acetate,0.03357447,2.901486,178.14625,0.03178943,2.633,129.292703,87122,-0.047224,0.4821765,-55.49449199
Guanine--Propylene_Carbonate,0.03125202,2.788324,160.413433,0.04293352,4.867,151.876943,63819,-0.04653513,0.68289696,-105.45896405
Guanine--Urea,0.10971366,2.709245,176.328585,0.08424067,1.726,130.412658,70912,-0.06301176,0.74591969,-70.69257454
Pyrrolidone--Gamma-Butyrolactone_(GBL),0.02224472,2.878701,150.94149,0.02456593,1.719,110.135475,71768,-0.05220409,0.50063443,-55.85796743
Hydrazine--Pyridine,0.01174208,3.068496,158.924168,0.01963296,2.498,86.357609,78403,-0.03714634,0.4166544,-61.71771481
Butan-1-ol--Ethyl_Acetate,0.01568123,2.937518,170.080995,0.0220556,1.798,114.524271,74039,-0.03744315,0.47628809,-92.14786225
Ethanol--Benzaldehyde,0.01145956,2.958248,165.081788,0.01873684,5.933,114.349774,75570,-0.04687954,0.38270202,-36.39222205
Ethylamine--Morpholine,0.00391086,3.177196,159.523863,0.00833095,3.817,98.711154,76319,-0.03260558,0.4712608,-84.50935691
Hydroxylamine--Ethyl_Acetate,0.01380582,3.129851,157.773002,0.01104729,2.335,76.613915,80132,-0.04150957,0.45062765,-69.04388121
Barbituric_Acid--Valerolactone,0.0293556,2.794437,165.879052,0.05495295,5.168,123.007892,72646,-0.0516494,0.50898634,-54.50356191
Benzoic_Acid--Ethyl_Acetate,0.02309141,2.832068,173.916945,0.03858064,3.997,143.580704,75730,-0.04067064,0.44384112,-57.9094357
Formamide--Hexamethylphosphoramide_(HMPA),0.05353836,2.856299,173.092433,0.03457261,4.121,160.57954,71073,-0.04932159,1.85108676,-229.9231173
Benzoic_Acid--Diethyl_Ether,0.02477098,2.72872,179.061285,0.06592326,2.127,142.25295,74097,-0.03488783,0.44872484,-79.72483365
Uracil--Diethyl_Ether,0.03798644,2.817233,171.541709,0.05366254,6.398,124.257926,75026,-0.04940403,0.65535154,-105.13010758
Acetamide--Ethanol,0.04930962,2.901364,174.023513,0.0385923,2.499,71.999753,76923,-0.04866317,0.45287914,-54.79519633
Aspartic_Acid--Benzaldehyde,0.01426258,2.702892,174.536449,0.07761309,4.745,154.456125,63653,-0.03601505,0.63392559,-94.46819249
Methanol--Tetrahydrofuran_(THF),0.0246248,2.885627,169.876246,0.02674574,4.042,73.109488,78213,-0.03996434,0.49236331,-82.67928652
Ethylamine--Cyclohexanone,0.00713609,3.117363,155.694612,0.01234809,3.074,108.847853,70462,-0.03372786,0.49200626,-88.23832912
Acetamide--Isoquinoline,0.05348943,2.841845,171.570751,0.06042785,3.113,142.112349,75201,-0.05818655,0.66238407,-93.88083017
"Citric_Acid--1,4-Dioxane",0.03362997,2.71386,168.373134,0.06783576,2.221,155.045094,76983,-0.03658437,0.37024598,-56.99988656
Hydroquinone--Valerolactone,0.00700267,2.912522,177.907421,0.02077069,6.309,129.670797,73090,-0.03248095,0.55026016,-92.10031635
Guanine--Morpholine,0.02509049,2.886901,165.672064,0.03825454,3.944,154.92988,73690,-0.0543852,0.64047576,-78.51089682
Aspartic_Acid--Acetone,0.0386879,2.679301,173.316085,0.08070358,3.394,114.725492,78864,-0.03707293,0.50268474,-87.30347276
Cytosine--Isoquinoline,0.073301,2.796619,174.437992,0.07828548,4.14,175.267207,74998,-0.06665537,0.67479581,-62.46071074
Butanoic_Acid--Cyclohexanone,0.03340033,2.696852,168.664342,0.06590926,2.267,129.130696,73322,-0.03006358,0.34165635,-66.21831362
Dimethylamine--Phenol,0.0076531,3.172429,146.794375,0.00612752,2.004,110.272152,78493,-0.04703518,0.4390792,-49.4978318
Imidazole--Vinyl_Acetate,0.02696009,2.938413,169.966829,0.02782477,6.313,106.964487,78416,-0.0530875,0.56697254,-82.11036684
Pyrrole--Benzaldehyde,0.01208214,3.013255,179.134852,0.02105991,6.844,135.73329,82285,-0.04649302,0.4848856,-54.61141492
Tryptophan--Pyrazine,0.00940132,2.900873,179.370458,0.04719259,5.242,203.276422,64889,-0.04264983,0.47169773,-67.90239025
Salicylic_Acid--Tetrahydrofuran_(THF),0.02922024,2.76103,176.059341,0.05146045,1.169,141.771449,72210,-0.03998351,0.44454867,-66.00997793
Acetic_Acid--Gamma-Butyrolactone_(GBL),0.05948399,2.711565,161.115492,0.0520382,3.29,87.499348,75671,-0.06520242,0.70799878,-97.19253977
"Histidine--N,N-Dimethylformamide_(DMF)",0.01867457,2.931187,166.097941,0.02572117,7.639,150.999144,75314,-0.04995837,0.72818723,-104.06898785
Aspartic_Acid--Carbon_Dioxide,0.02883665,2.885773,152.288328,0.02105089,1.982,92.529494,81844,-0.05993452,0.92316548,-122.56922131
Butylamine--Formaldehyde,0.00677839,3.126072,176.1943,0.01398895,2.068,79.663897,79179,-0.03419571,0.3621328,-59.02808177
Glutamic_Acid--Cyclohexanone,0.03563703,2.696292,175.124675,0.07339524,4.061,156.076168,75582,-0.05089399,0.82109593,-147.38276731
Piperidine--Phosphate_Ion,0.05779693,2.583317,169.853991,0.10479489,10.804,120.538241,75471,-0.06221996,0.81609836,-78.83876195
Citric_Acid--Propan-1-ol,0.01999533,2.744518,176.098589,0.05386595,3.322,143.323886,73501,-0.03593386,0.57853131,-101.98330725
Formic_Acid--Propan-1-ol,0.09558763,2.661451,156.122875,0.0736272,1.757,68.12169,75756,-0.06195614,0.63839977,-77.76609683
Ethylene_Glycol--Dimethyl_Sulfoxide_(DMSO),0.06244009,2.74738,166.605854,0.04688291,5.62,90.82813,78728,-0.06191884,0.81035531,-107.51795633
Aniline--Dimethyl_Ether,0.01478263,3.05342,175.822811,0.01854113,3.333,110.451217,78120,-0.04101635,0.53565188,-91.69373276
Trifluoroethanol--Morpholine,0.02181243,2.789395,178.291502,0.04424327,4.108,97.791187,77279,-0.04129276,0.43705097,-66.31629058
Pyrrole--Trioxane,0.01293997,3.042681,174.669615,0.01761227,3.759,99.393865,81621,-0.03313867,0.4132989,-69.39564105
Dimethylamine--Pyruvic_Acid,0.01382418,3.170148,130.008524,0.01616548,1.617,86.021553,77243,-0.0481716,0.5982651,-80.08960011
Saccharin--Pyridine,0.04445517,2.686041,179.505148,0.13118035,1.627,178.42314,76118,-0.06038691,0.59076575,-49.50192985
Hydroxylamine--Propylene_Carbonate,0.02121527,2.961019,133.499827,0.0137504,5.142,76.619181,81628,-0.05155201,0.5039883,-59.12450721
Cysteine--Ethanol,0.0333377,2.722325,175.785375,0.06279381,2.338,108.074614,81273,-0.03977994,0.65770065,-117.52951093
Acetamide--Phenol,0.03850128,2.941288,136.436524,0.05635961,4.748,111.277611,75405,-0.04427825,0.58893495,-103.44070786
Lactic_Acid--Pyridine,0.0672146,2.655326,177.851211,0.12933498,5.898,114.090128,78935,-0.04458144,0.50610276,-64.40948216
Formic_Acid--18-Crown-6,0.02739533,2.723774,169.816733,0.06972266,2.934,192.977154,69417,-0.03890323,0.51181415,-74.50720241
Cytosine--Pyruvic_Acid,0.06637115,2.916717,132.785125,0.11311939,2.071,120.261938,78083,-0.05555347,0.62707607,-78.1726634
Alanine--Methanol,0.0379285,2.757753,178.578969,0.05344215,2.374,76.90239,77491,-0.05644456,0.73880325,-86.11521317
Ammonia--Quinoline,0.01656847,3.083904,172.746781,0.02234932,2.764,117.120115,65666,-0.04355239,0.54220711,-71.79143576
Pyrrolidone--Propan-2-ol,0.02270535,2.929344,132.706857,0.04317855,3.446,101.877643,76018,-0.0359387,0.43385818,-73.49390871
Hydrogen_Peroxide--Propan-2-ol,0.06639983,2.767171,168.790009,0.0530135,2.402,58.903572,80946,-0.05503127,0.54011996,-67.62380177
Sulfuric_Acid--Methyl_Acetate,0.07345413,2.721684,165.041517,0.0550274,3.785,91.686281,78594,-0.07839212,0.87126921,-82.50687346
Lactic_Acid--Carbon_Dioxide,0.03563978,2.896567,151.481649,0.02004553,2.61,70.082339,84915,-0.06313762,0.64538603,-65.58188299
Glycine--Isoquinoline,0.0572784,2.666499,177.199181,0.1205691,5.158,146.81348,71405,-0.04316846,0.43085781,-53.93852512
"Serine--1,4-Dioxane",0.02500942,2.73553,171.423618,0.06431318,3.004,116.61609,79433,-0.03570582,0.49802349,-92.9115186
Butanoic_Acid--Acetic_Acid,0.03331209,2.742143,175.006961,0.05884857,1.37,92.48528,73484,-0.03901968,0.61929153,-100.77622795
Butylamine--2-Picoline,0.00882878,3.056672,169.296697,0.02485798,3.038,135.695142,71518,-0.03962768,0.41031805,-58.91068505
Butanoic_Acid--Tetrahydrofuran_(THF),0.03405825,2.730027,175.968019,0.06639114,1.826,109.330542,75209,-0.03005174,0.4571205,-111.60721829
Trifluoroethanol--Pyruvic_Acid,0.02210444,2.813113,153.894512,0.02673722,2.351,84.883939,81552,-0.0591459,0.72834882,-89.07009735
Dimethylamine--Pyrazine,0.02069823,3.127416,166.614911,0.01833138,1.432,96.73956,77045,-0.06399548,0.58623476,-61.3926202
Threonine--Propan-2-ol,0.03195506,2.718842,176.787796,0.06962569,2.328,116.257245,79755,-0.03395434,0.55767658,-100.16181786
Glycerol--Butan-2-one_(MEK),0.03443595,2.816297,173.401348,0.03933205,3.9,107.128751,79699,-0.03874775,0.61766255,-114.2473951
Glutamic_Acid--Trioxane,0.04846048,2.812966,166.272415,0.04308567,2.677,129.599229,75475,-0.06218646,0.73306679,-93.07269222
Methanol--Pyridine,0.04664465,2.851285,172.824142,0.04687378,4.405,84.879509,73916,-0.04614552,0.53882246,-80.28740686
Ascorbic_Acid--Butan-2-one_(MEK),0.02788113,2.760347,168.706894,0.04749245,7.07,147.078749,75813,-0.05112642,0.50239909,-55.6623622
Trifluoroethanol--Acetone,0.0473739,2.733177,170.852193,0.06052383,3.456,78.08925,83435,-0.04884955,0.73032145,-146.21420046
Cyclohexanol--Hexamethylphosphoramide_(HMPA),0.04352784,2.940043,165.597011,0.016414,4.383,207.459924,72427,-0.03910212,0.43994404,-61.37527157
Phenol--Diethyl_Carbonate,0.00622102,2.949617,150.91681,0.01590741,1.442,146.922919,73175,-0.03310111,0.41761566,-72.13470612
Citric_Acid--Formaldehyde,0.03470748,2.77402,171.916131,0.05629279,1.416,117.279717,73622,-0.04441084,0.43563965,-58.27448807
N-Methylformamide--Dimethyl_Sulfoxide_(DMSO),0.03701143,2.84298,165.346581,0.03933737,7.288,92.482721,76779,-0.05131511,0.62600298,-97.06700117
Sulfuric_Acid--Acetophenone,0.07124336,2.518022,155.434244,0.10136553,3.83,137.746106,73913,-0.06360559,0.60536764,-50.15185901
Aspartic_Acid--Formaldehyde,0.043095,2.764723,171.58184,0.05869203,2.495,92.065927,77180,-0.05712176,0.9544878,-159.26214359
Aspartic_Acid--Pyrazine,0.0368557,2.692942,176.689315,0.10562836,2.623,132.027553,72504,-0.03942547,0.4301167,-79.12505933
Salicylic_Acid--Pyrazine,0.04676428,2.738989,178.082609,0.08433821,1.747,148.960913,77814,-0.04617454,0.55695334,-74.19668495
Hydrogen_Peroxide--Acetic_Acid,0.04047724,2.862601,173.369197,0.02566714,2.617,48.989299,87199,-0.06097621,0.73542442,-94.04977369
Adenine--Cyclohexanone,0.01744144,2.905938,176.435212,0.02782579,10.824,151.63339,74038,-0.03741148,0.47919538,-85.69805791
Ethylamine--Pyridine,0.00931448,3.131326,172.880741,0.01771447,3.311,100.825235,69772,-0.03190712,0.46635994,-101.13990852
Benzyl_Alcohol--Trioxane,0.01746918,2.873355,168.390616,0.02964784,2.019,128.988691,76268,-0.03697396,0.36818828,-50.48650447
Propan-2-ol--Butan-2-one_(MEK),0.01104184,2.94954,166.362338,0.01694651,5.42,97.75459,78865,-0.02492867,0.35917742,-107.77440846
Benzoic_Acid--Propylene_Carbonate,0.01842003,2.910645,163.296995,0.02635108,4.7,143.555476,72699,-0.04520229,0.49833243,-68.86941497
Alanine--Urea,0.11613958,2.622248,178.723988,0.11304038,3.897,91.954158,73774,-0.05637967,0.51411634,-56.99832907
Formic_Acid--Acetone,0.06981958,2.687521,172.881689,0.07783987,3.215,64.698045,75390,-0.04619582,0.53162568,-78.7506249
Formic_Acid--Trioxane,0.05769277,2.757045,170.039702,0.0580294,0.744,68.120302,76533,-0.05758961,0.79656394,-141.41587458
Ethylamine--Methyl_Acetate,0.01459459,3.231142,127.711253,0.01001229,3.241,83.915443,75132,-0.03904478,0.39087863,-56.72051495
Ascorbic_Acid--Morpholine,0.03326383,2.796731,164.011076,0.06291711,9.826,155.013114,73817,-0.06085168,1.1293598,-151.84898175
Sulfuric_Acid--Diethyl_Ether,0.09733297,2.620804,175.084994,0.10265882,4.299,101.73017,77521,-0.0646101,0.73929134,-84.05649016
Adenine--Ethylene_Carbonate,0.02100817,2.902126,159.542401,0.0294792,10.538,126.835207,71681,-0.04874596,0.54830755,-57.60617656
Uracil--Carbon_Dioxide,0.02592282,2.979986,142.95708,0.01336065,4.425,86.790674,83545,-0.0789671,0.99824884,-94.87767663
Trifluoroethanol--Tetrahydrofuran_(THF),0.02653577,2.751722,175.355516,0.05519715,4.23,88.165297,78406,-0.0461756,0.41357286,-50.44564533
Guanine--Hexamethylphosphoramide_(HMPA),0.03983107,2.783835,168.703607,0.04392409,1.156,226.777656,62323,-0.04502842,0.61918745,-76.05797953
Urea--Ethylene_Carbonate,0.02899687,3.082639,98.01258,0.00337992,1.869,82.833966,80620,-0.06923119,0.70794954,-71.13906054
Pyrrolidone--Ethyl_Acetate,0.02487426,2.994762,169.627817,0.02383263,5.954,115.182669,71337,-0.04651084,0.4002648,-43.19933043
Propan-1-ol--Cyclohexanone,0.00186312,2.951501,165.47959,0.0176814,5.689,116.087335,76074,-0.03035892,0.46088326,-106.12119028
Chloroacetic_Acid--Trioxane,0.05592223,2.732884,167.931207,0.06280404,0.947,91.959577,79820,-0.07090547,1.0201273,-121.01096952
Acetamide--Tetrahydrofuran_(THF),0.03976889,2.899551,169.484047,0.03709106,2.717,90.388897,77056,-0.04786358,0.49378626,-58.89581355
Ascorbic_Acid--Acetamide,0.03706111,2.790797,164.905374,0.03463788,7.217,133.085871,75656,-0.05000001,0.5786132,-81.12309571
Dimethylamine--Quinoline,0.01724865,3.089117,161.739441,0.02076647,3.36,141.224769,72057,-0.05626765,0.63088312,-82.52560266
Pyrrole--Valerolactone,0.00413701,3.028108,173.958047,0.01624585,7.958,107.502243,75105,-0.03006478,0.39035212,-71.18965725
Cysteine--Pyruvic_Acid,0.01980469,2.765881,178.81328,0.05559247,0.735,123.178119,74359,-0.03876885,0.47381014,-75.8468633
Formamide--Benzaldehyde,0.05604024,2.914857,175.87981,0.03261382,2.417,108.8408,83247,-0.07772833,0.77118717,-84.65793337
Tryptophan--Acetamide,0.01436006,2.941332,178.924074,0.02313617,9.517,183.5256,69199,-0.03907175,0.37352277,-49.63020145
Butan-1-ol--Ethylene_Carbonate,0.00352566,2.993225,151.434976,0.01240772,5.285,102.976623,74206,-0.03149344,0.37144845,-64.92238055
Salicylic_Acid--Oxime,0.04482036,2.802578,151.727898,0.04653246,3.19,118.251627,72927,-0.04570777,0.48228614,-62.283553
Adenine--Acetone,0.00920525,2.904944,179.18218,0.02784465,10.263,121.757145,77444,-0.03421543,0.40473659,-69.89760381
Trifluoroethanol--Valerolactone,0.02543656,2.761194,162.043525,0.04692848,4.986,89.661785,81336,-0.05117753,0.47133928,-51.57275902
Methanol--2-Picoline,0.03540167,2.823686,170.005259,0.0525382,4.086,96.345639,70845,-0.03843355,0.42014597,-59.28896778
Thymine--Oxime,0.04698508,2.845018,140.968935,0.03921543,4.454,107.087878,81116,-0.05360063,0.64849784,-72.26026787
Hydroxylamine--Benzaldehyde,0.01179813,3.048661,152.87618,0.01595285,3.283,99.786946,79713,-0.04006792,0.4425184,-61.26422204
Butanoic_Acid--Acetone,0.03861974,2.713044,173.938277,0.06769039,2.179,99.26654,75029,-0.03413602,0.48380507,-101.53323609
Urea--Phenol,0.06873432,3.006175,135.934532,0.06090584,5.853,108.857258,82792,-0.05342094,0.62948467,-86.98445103
Hydroquinone--Benzaldehyde,0.00529059,2.893644,174.638811,0.0270821,4.891,157.929256,67392,-0.03076068,0.41690558,-71.21164074
Pyrrolidone--Butan-2-one_(MEK),0.04534485,2.857788,168.434831,0.04108984,1.103,110.206595,68033,-0.04383859,0.42555618,-57.3085688
Methanol--Oxime,0.02868643,2.952494,165.949476,0.01968628,2.038,49.429034,89023,-0.04246254,0.46374284,-66.25354314
Serine--Methanol,0.04607244,2.683037,155.778063,0.07072065,2.45,81.745419,81933,-0.04131817,0.64483365,-130.62624884
Butan-2-ol--Diethyl_Ether,0.01894278,2.90438,166.369664,0.02279573,3.314,113.041603,76741,-0.03699673,0.35714054,-63.41002727
Indole--Propan-1-ol,0.01374735,2.938833,160.745832,0.02506846,4.521,139.216553,72002,-0.0427771,0.52855325,-90.74259541
Glucose--Acetone,0.04024194,2.797544,172.163247,0.0468398,3.405,139.744045,76983,-0.04199491,0.38605414,-44.41629256
Glutamic_Acid--Tetrahydrofuran_(THF),0.02110974,2.714762,171.431001,0.07078342,2.504,136.237661,78735,-0.04886707,0.52249545,-61.77859119
Hydrazine--Acetophenone,0.02027399,3.072274,154.954853,0.01348248,2.767,115.597086,68615,-0.03579105,0.52485964,-103.71324931
Sulfuric_Acid--Morpholine,0.06522075,2.613946,169.901988,0.10224437,4.116,106.168906,78447,-0.06216723,0.86561474,-93.26640092
Ethylamine--Phosphate_Ion,0.21785911,2.594123,157.887476,0.08952043,8.25,79.21797,76533,-0.07770386,0.82921801,-76.9794886
Butylamine--Morpholine,0.00398403,3.107094,170.32128,0.01477103,2.881,122.063901,77254,-0.03535293,0.5568333,-92.67553505
N-Methylacetamide--Dimethyl_Ether,0.02082631,3.014132,174.036953,0.02059894,6.56,84.309768,77118,-0.046946,0.62520286,-112.80632775
Dimethylamine--Trioxane,0.00996431,3.146483,162.308032,0.01133309,1.815,82.844802,78706,-0.05759591,0.53901552,-56.22757332
Acetic_Acid--Pyrazine,0.11194668,2.721626,176.945599,0.09181621,1.933,93.219518,80634,-0.06689152,0.65100458,-66.4782408
Tryptophan--Vinyl_Acetate,0.01176012,2.970172,179.535622,0.02340883,7.192,201.7707,63308,-0.0369355,0.42119084,-58.30929825
Acetic_Acid--Anisole,0.04608971,2.801261,167.442239,0.04178229,3.05,118.801674,76391,-0.05391456,0.7508794,-114.29898039
"Cyclohexanol--N,N-Dimethylacetamide_(DMAc)",0.03457408,2.83974,161.520421,0.03387774,5.388,137.028629,74725,-0.0365707,0.48836608,-84.36936865
Alanine--Ethanol,0.06251097,2.684176,155.91833,0.06932002,0.573,88.494636,81070,-0.04419708,0.50163624,-68.77944121
Formic_Acid--Pyrazine,0.19350038,2.698472,175.78438,0.10517198,2.545,82.00056,83808,-0.09457625,0.77150888,-52.00953265
Propanoic_Acid--Acetophenone,0.02707219,2.725589,177.133907,0.066619,3.245,138.705034,71012,-0.0386933,0.39709763,-59.10248453
Fructose--Diethyl_Carbonate,0.04161421,2.945525,171.41188,0.02199144,4.971,174.546519,75470,-0.05020152,0.59403089,-94.94567631
N-Methylformamide--Acetophenone,0.01772754,2.928165,175.799492,0.03314754,8.883,131.942966,67089,-0.03866453,0.35883108,-45.16121442
Formamide--Pyrimidine,0.1050201,2.869063,169.746652,0.0540172,5.786,86.397234,86529,-0.082841,0.74553874,-57.6304883
Hydroquinone--Tetrahydrofuran_(THF),0.01472108,2.820455,171.86819,0.03994931,3.09,128.166434,73567,-0.03405365,0.40687743,-66.74963673
Benzyl_Alcohol--Pyrimidine,0.02365945,2.869939,173.270083,0.04211708,3.636,142.96791,77188,-0.05490843,0.58851696,-62.32616112
Hydroxylamine--Trioxane,0.00986458,3.09772,155.450508,0.01061239,1.243,63.497814,80054,-0.04591727,0.47652924,-62.41568996
Indole--Acetamide,0.0128601,2.957295,177.971205,0.02164389,7.9,133.452998,80000,-0.05067347,0.54015778,-75.21633367
Glycerol--Pyridine,0.04100597,2.800833,174.169517,0.05802737,3.206,117.379704,79625,-0.0406107,0.51262421,-77.43839799
Propan-2-ol--Propan-1-ol,0.02310442,2.854666,173.874642,0.03428271,2.636,89.425626,80087,-0.03040254,0.36396451,-79.10491459
Methanol--Diethyl_Ether,0.03824071,2.855175,175.594994,0.03544103,2.809,78.252126,79350,-0.0330843,0.43340399,-90.21359301
Alanine--Morpholine,0.0385302,2.74247,176.331611,0.05995242,2.422,116.423599,74370,-0.04819335,0.51827619,-78.72452508
Sulfuric_Acid--Methanol,0.09622432,2.655787,179.295894,0.08354859,5.104,66.775338,81924,-0.06659328,0.77902118,-71.92826907
Resorcinol--Cyclohexanone,0.00741793,2.901434,174.351526,0.02291324,6.504,148.089147,69359,-0.03740899,0.43701736,-62.6676723
Propan-1-ol--Ethanol,0.02978268,2.87756,178.468419,0.03255674,3.137,77.827681,74226,-0.03449472,0.50769179,-146.04554154
Ethylamine--Acetic_Acid,0.06508083,2.963073,118.766311,0.11815538,2.065,72.001904,77948,-0.03235396,0.52096098,-138.18418708
N-Methylformamide--Phosphate_Ion,0.03474591,2.543054,167.597166,0.14235051,4.202,81.550835,81430,-0.07751681,0.77958616,-63.17587505
Methanol--Urea,0.08159836,2.75218,153.542862,0.04480522,4.249,58.127359,80897,-0.05469648,0.6696635,-87.86928829
Ethylamine--Pyrazine,0.00649628,3.165122,173.400611,0.01480842,1.59,96.283403,72247,-0.03304018,0.42259226,-76.7008739
Urea--Pyrimidine,0.06744369,2.895569,170.546356,0.04685489,5.261,95.156655,80509,-0.07182838,0.6554075,-55.81806842
Butan-1-ol--18-Crown-6,0.01184701,2.862797,164.868157,0.03090531,3.424,226.267867,66783,-0.02911476,0.40164461,-77.98131931
Barbituric_Acid--N-Methyl-2-pyrrolidone_(NMP),0.072096,2.732006,174.299835,0.08211371,6.182,139.026644,73344,-0.05992769,0.56159319,-57.81902188
Pyrrolidine--Sulfate_Ion,0.38981771,2.867421,156.195558,0.11522879,1.731,96.510507,73111,-0.07348601,0.66811175,-51.30727157
Lactic_Acid--Anisole,0.04138283,2.747757,165.7037,0.05736932,2.854,135.174878,72061,-0.0464894,0.5547665,-81.14785405
Formic_Acid--Tetrahydrofuran_(THF),0.07459151,2.707061,174.706085,0.07547795,2.57,74.746569,74232,-0.05241032,0.48876055,-51.35056696
Ethylene_Glycol--Quinoline,0.03395501,2.801871,168.218549,0.05706477,5.603,141.031674,73847,-0.04546774,0.47951541,-58.71364948
Cysteine--Dimethyl_Ether,0.03528928,2.744049,176.642468,0.05498591,1.218,108.540037,80105,-0.0396218,0.45050873,-55.7219769
Formic_Acid--Gamma-Butyrolactone_(GBL),0.06606094,2.7113,171.401513,0.06446166,4.093,76.256866,73427,-0.04995974,0.5792747,-80.3675079
Propylamine--Gamma-Butyrolactone_(GBL),0.01089034,3.23904,136.600077,0.00817309,3.494,102.09489,73748,-0.04301452,0.70285888,-125.65138517
Hydroxylamine--Acetic_Acid,0.08860071,2.952565,153.381232,0.0574291,1.427,53.278034,76345,-0.05440909,0.72236436,-109.8024361
Imidazole--Phosphate_Ion,0.00732763,2.541158,174.458345,0.14088033,7.065,91.994731,79745,-0.08569719,1.36725655,-183.42374578
Trifluoroethanol--18-Crown-6,0.01744264,2.779052,177.126434,0.04975515,5.272,206.421665,71435,-0.04149351,0.42778972,-58.90323615
Ethylene_Glycol--Anisole,0.02159657,2.889717,165.203736,0.02594045,4.353,122.113806,75824,-0.04720985,0.40435407,-41.33771731
Guanine--Benzophenone,0.01534107,2.823867,169.527492,0.04247059,1.478,237.51597,52984,-0.03416952,0.50174678,-67.80599877
Propanoic_Acid--Pyrimidine,0.03652529,2.720414,170.704437,0.08589665,3.553,104.977457,79915,-0.03544706,0.53902669,-108.97642561
Propanoic_Acid--Carbon_Dioxide,0.02420148,2.920405,151.317495,0.0177606,1.918,65.348853,81346,-0.05620951,0.64793479,-78.4629032
Catechol--Valerolactone,0.01713326,2.921268,177.100142,0.02041807,6.096,129.814803,76732,-0.04422738,0.49217924,-66.04628461
Thymine--Pyridine,0.06155637,2.750403,174.524332,0.09765765,7.229,142.324477,77303,-0.05458803,0.8093128,-107.49923774
Ethanol--Benzophenone,0.00977819,2.919568,169.099597,0.01981145,5.625,176.779142,70235,-0.03094439,0.43146202,-67.46777003
Pyrrolidine--Pyrazine,0.0112277,3.105252,159.798889,0.01813883,1.593,114.718535,71850,-0.04830177,0.48562358,-61.24913106
Dimethylamine--Acetamide,0.0710206,3.032886,132.805402,0.05975066,3.153,76.844186,76140,-0.04710627,0.51984192,-71.22203069
Ammonia--Propan-1-ol,0.01326706,3.102671,165.638678,0.01486864,1.391,58.691608,76800,-0.03303283,0.58392142,-123.90707566
Ascorbic_Acid--Acetic_Acid,0.03021321,2.84673,162.431234,0.05767752,5.634,128.773419,77281,-0.05229672,0.64505791,-74.67874141
"Aniline--N,N-Dimethylacetamide_(DMAc)",0.03061849,2.968838,166.142103,0.0237827,4.063,139.397815,73019,-0.0412724,0.51302966,-79.55280567
Saccharin--Cyclohexanone,0.01148489,2.771388,173.672472,0.06811262,4.412,186.511386,72030,-0.05598477,0.67209542,-76.15639736
Catechol--Pyruvic_Acid,0.02102586,2.86925,157.29149,0.02790969,2.157,125.026291,75470,-0.04876363,0.5318703,-61.89758702
Butanoic_Acid--Diethyl_Carbonate,0.01430701,2.852692,162.797244,0.03293943,2.055,132.539641,73958,-0.03385546,0.41390397,-73.49496858
Citric_Acid--Urea,0.03541931,2.610928,177.942057,0.118433,4.09,135.171182,68466,-0.04545665,0.87400652,-128.046667
Pyrrolidine--Acetic_Acid,0.08402059,2.972643,114.9785,0.11949476,2.136,90.326448,72652,-0.04467455,0.51272074,-89.74345099
Propan-1-ol--Vinyl_Acetate,0.01370445,2.926724,162.161472,0.02020635,4.247,102.03029,76256,-0.03125989,0.45742677,-88.50600801
Salicylic_Acid--Isoquinoline,0.03036075,2.691398,177.222955,0.10583817,1.623,193.436125,61506,-0.03907313,0.61855761,-137.80847106
Hydrogen_Peroxide--Acetamide,0.05828567,2.761567,174.451704,0.05544798,4.956,53.289389,81881,-0.05509403,0.58551164,-80.27959002
Methanol--Propan-1-ol,0.02285055,2.848999,171.138805,0.03607827,3.0,66.357741,80147,-0.03708583,0.41214787,-65.73831161
Trifluoroethanol--N-Methyl-2-pyrrolidone_(NMP),0.04814874,2.678173,166.715976,0.07089538,4.558,105.673972,76109,-0.05145956,0.78499549,-92.89367464
Serine--Dimethyl_Ether,0.03515175,2.731006,170.741525,0.06799431,2.011,93.591514,81431,-0.03755936,0.50493941,-96.89129299
"Urea--N,N-Dimethylformamide_(DMF)",0.04988108,2.862635,170.957659,0.04390384,0.75,87.47341,77034,-0.04894394,0.56780697,-78.32465912
Butanoic_Acid--Dimethyl_Ether,0.0255311,2.773512,177.866469,0.04976686,2.358,91.422283,75761,-0.03090126,0.36018301,-71.55473101
Oxalic_Acid--Acetone,0.08844621,2.654388,174.391799,0.09442555,4.611,82.871941,77447,-0.06171531,0.63920117,-69.03691547
Hydrazine--Trioxane,0.01691041,3.168684,152.716072,0.00973647,2.464,67.939852,75818,-0.04660061,0.50384952,-71.97895366
Ammonia--N-Methyl-2-pyrrolidone_(NMP),0.01866891,3.098243,160.061924,0.0127915,3.087,82.916226,78383,-0.04132435,0.42400989,-64.98825712
Methylamine--Formaldehyde,0.01700102,3.127093,170.332471,0.0137674,2.127,44.723658,83530,-0.04736809,0.59420211,-111.28640187
Hydroquinone--Acetic_Acid,0.01969612,2.821353,167.845193,0.03862583,3.198,111.293485,80647,-0.04160895,0.48776659,-70.21714532
Oxalic_Acid--Pyruvic_Acid,0.06654726,2.72678,176.163843,0.06734002,3.713,89.722635,79321,-0.07219613,1.00248037,-115.37240131
Hydroquinone--N-Methyl-2-pyrrolidone_(NMP),0.02116502,2.762593,170.266959,0.05154118,6.153,145.665009,72546,-0.0310799,0.49949139,-147.96098477
Trifluoroethanol--2-Picoline,0.04568139,2.715831,171.959665,0.0897801,5.184,111.401985,74638,-0.04744615,0.71299147,-112.56592353
Histidine--Cyclohexanone,0.014137,2.982577,167.218947,0.02174414,7.129,171.131956,74527,-0.04245761,0.48395636,-66.89684917
Hydrazine--Butan-2-one_(MEK),0.03352152,3.068273,160.45372,0.01739467,2.224,76.113675,73004,-0.04264344,0.41148728,-54.17935249
Serine--Pyrimidine,0.04167403,2.717224,175.855571,0.09346073,2.267,118.821897,72603,-0.0337919,0.40008038,-68.27375802
"Butan-2-ol--N,N-Dimethylacetamide_(DMAc)",0.03956096,2.81572,171.195792,0.03555309,5.253,118.829943,75599,-0.04502809,0.48195372,-67.51830903
Resorcinol--Acetone,0.0140218,2.885728,176.414177,0.02400812,5.966,118.207224,74235,-0.0356207,0.43593204,-87.36701775
Piperidine--Pyrimidine,0.00453405,3.104599,174.296017,0.02021023,2.475,138.286259,72914,-0.03016197,0.42810668,-80.09130551
Ethanol--Quinoline,0.02635939,2.86134,173.447172,0.04547395,4.45,136.347062,68166,-0.0451532,0.43133259,-47.65214146
Propanoic_Acid--Cyclohexanone,0.03562329,2.704142,163.958874,0.05065794,1.814,117.485262,78074,-0.03811798,0.45106344,-76.7786766
Glutamic_Acid--Hexamethylphosphoramide_(HMPA),0.03408378,2.675614,176.492472,0.05863387,5.386,217.80208,72862,-0.04119593,0.53196672,-82.1827956
"Glycine--N,N-Dimethylformamide_(DMF)",0.05632167,2.663007,170.213314,0.07277585,4.344,94.849573,77254,-0.05619851,0.76019886,-114.30290973
Hydrogen_Peroxide--Hexamethylphosphoramide_(HMPA),0.04520245,2.742007,172.254616,0.04405753,4.532,147.272684,74145,-0.0438394,0.64171599,-155.03281962
Benzoic_Acid--Vinyl_Acetate,0.03112636,2.782093,177.166407,0.0403628,1.578,142.873012,79435,-0.04808075,0.5022449,-69.40344313
Lactic_Acid--Acetaldehyde,0.07068029,2.721473,172.421714,0.07049553,4.232,80.94825,79062,-0.05531322,0.57034142,-66.12274434
Butan-1-ol--Hexamethylphosphoramide_(HMPA),0.01502107,2.832934,165.126177,0.02500336,6.163,189.561298,67764,-0.03180501,0.62878401,-128.07992495
Acetamide--Pyridine,0.06477135,2.85015,171.604396,0.05876086,3.611,102.16238,77381,-0.06007929,0.56385281,-54.51365516
Aspartic_Acid--Cyclohexanone,0.02274154,2.702849,176.62968,0.07421824,3.915,144.600765,71984,-0.03492063,0.45075423,-79.17750824
Thymine--Acetamide,0.10184921,2.708522,179.01553,0.09340524,5.104,118.106225,77674,-0.0516935,0.82928158,-94.7273778
N-Methylformamide--18-Crown-6,0.02314323,2.971452,163.072627,0.02568415,3.146,209.227038,73532,-0.03885211,0.91591536,-175.72618068
Uracil--Dimethyl_Sulfoxide_(DMSO),0.05819886,2.714801,179.303452,0.07856237,7.541,120.589257,73747,-0.04950892,0.54838971,-66.44867179
Guanine--Formaldehyde,0.05616841,2.885976,171.546711,0.04104909,3.747,112.570445,74469,-0.07062891,0.83368012,-110.65312816
Formamide--Methanol,0.05231619,2.940864,171.554273,0.02606758,4.006,49.199388,80880,-0.05631517,0.60168362,-75.66438825
Dimethylamine--Dimethyl_Ether,0.01210788,3.12117,159.55561,0.01178874,2.66,71.580622,76614,-0.05257291,0.58825244,-79.45040769
Propanoic_Acid--Ethylene_Carbonate,0.01757393,2.927805,163.930143,0.02493058,4.294,92.646149,76837,-0.04837535,0.77249425,-168.58682157
Benzyl_Alcohol--Acetic_Acid,0.05145901,2.751681,131.591649,0.06874134,1.104,118.73005,70848,-0.04491605,0.4312247,-49.87574073
Butylamine--Hexamethylphosphoramide_(HMPA),0.02194333,3.062884,155.765237,0.01074202,5.202,193.927127,70192,-0.0342096,0.56025157,-109.43364168
Propan-1-ol--Acetone,0.0200906,2.857551,166.057948,0.03360585,3.718,86.148311,76892,-0.0288885,0.420715,-97.87000508
Adenine--Sulfate_Ion,0.01137636,2.92225,177.395074,0.02551425,6.562,121.511765,81244,-0.06880179,0.97289731,-119.75805582
Sulfuric_Acid--18-Crown-6,0.03792113,2.655876,175.201863,0.07817185,5.339,214.896779,73613,-0.05229249,0.71013913,-78.52642794
Fructose--Carbon_Dioxide,0.04120169,3.276928,169.42309,0.00527555,5.585,118.998168,80996,-0.04911528,0.9333772,-156.24063042
Indole--Quinoline,0.04346936,2.903837,165.549969,0.04548351,5.7,197.674674,75641,-0.08194331,0.65650715,-41.26598883
Pyrrolidone--Quinoline,0.03992569,2.815488,169.059009,0.06591296,4.173,160.415188,71177,-0.06138151,0.69794379,-72.22261385
Saccharin--Acetone,0.03013444,2.778839,177.676015,0.06688057,4.29,156.650834,70908,-0.05955894,1.81560103,-227.70090805
Alanine--Cyclohexanone,0.03822679,2.688766,166.349155,0.06132527,3.367,126.605373,74686,-0.05218014,0.58657043,-88.68231815
"Aniline--1,4-Dioxane",0.00461468,3.088019,179.128728,0.0150926,2.69,133.49769,75732,-0.0368256,0.40661962,-56.66555972
Pyrrolidine--Acetone,0.00868321,3.096343,146.463963,0.01098845,2.309,97.335984,74514,-0.03369114,0.37488921,-68.75947497
Piperidine--Butan-2-one_(MEK),0.01116653,3.083168,143.706034,0.0133877,2.36,132.560723,77652,-0.0296995,0.35807245,-62.8571428
Fructose--Benzaldehyde,0.01691858,2.806912,173.769785,0.04071842,5.898,181.166888,67433,-0.03718676,0.51930702,-83.27179941
Methylamine--Propan-1-ol,0.00708359,3.118851,166.605097,0.0140274,1.761,70.752551,80678,-0.028139,0.52799569,-153.49287232
Cyclohexanol--Propylene_Carbonate,0.01642852,3.475514,156.216299,0.006253,4.148,132.420212,72725,-0.0508015,0.58551714,-69.36715001
Phenol--Acetophenone,0.02280104,2.78605,170.511715,0.04720493,5.776,164.773575,63144,-0.03628064,0.59426581,-87.10126506
N-Methylformamide--Pyrazine,0.03426003,2.909866,179.071089,0.04754244,5.491,98.235494,69136,-0.0540222,0.60467731,-72.162729
Salicylic_Acid--Diethyl_Carbonate,0.01057241,2.867675,163.476919,0.03133842,3.403,164.938801,70098,-0.03991372,0.52034225,-79.90898299
"Ethylamine--N,N-Dimethylacetamide_(DMAc)",0.03074492,3.040012,160.339267,0.0183184,4.351,100.046124,71822,-0.03475872,0.42077553,-64.77947983
Propan-2-ol--Gamma-Butyrolactone_(GBL),0.0064921,2.973374,168.475443,0.01603335,6.756,97.668347,76197,-0.02892629,0.67728392,-179.47373152
Propan-2-ol--Acetamide,0.02563696,2.831932,172.392015,0.03852523,4.95,83.651475,76424,-0.03319884,0.40541965,-72.40666454
Hydrogen_Peroxide--Ethyl_Acetate,0.03123612,2.871489,173.354442,0.03108444,1.869,72.314367,77557,-0.0459866,0.60233995,-106.69157085
Butylamine--Pyridine,0.00905873,3.09434,167.910665,0.02077348,3.282,124.219288,73990,-0.03529673,0.61326982,-135.42957847
Urea--Dimethyl_Ether,0.02729809,2.964436,171.876365,0.02406795,3.423,70.00321,76439,-0.05071657,0.60791403,-110.81877574
Propan-1-ol--Tetrahydrofuran_(THF),0.00038194,2.869003,175.254332,0.03246036,3.151,96.235946,74163,-0.03131381,0.38387507,-72.50861269
Imidazole--Propylene_Carbonate,0.01328932,2.962506,160.336662,0.02286918,8.048,107.697118,74098,-0.0429925,0.43500581,-52.69234702
Threonine--Acetone,0.03033973,2.712517,175.513507,0.07142957,2.74,113.05842,74658,-0.03137904,0.35563436,-81.25323885
Propan-1-ol--Urea,0.03592658,2.759265,158.808577,0.04648502,3.956,81.315348,76840,-0.0331997,0.46952382,-92.29678098
Hydroxylamine--Pyrazine,0.02260351,2.997831,154.197983,0.0261778,0.608,77.369714,79275,-0.04064043,0.53349387,-88.41922095
Saccharin--Methyl_Acetate,0.02452351,2.85681,155.053923,0.03494172,5.433,161.658392,68178,-0.06326411,0.71516357,-68.51200438
Imidazole--Acetaldehyde,0.01602222,3.014263,179.355179,0.01897417,7.816,79.833323,83882,-0.04563681,0.70066602,-141.47649002
Methylamine--Methanol,0.01891563,3.111448,160.974815,0.01374318,1.055,47.541083,82013,-0.04137871,0.53295487,-99.83816493
Butan-2-ol--Acetophenone,0.020719,2.952937,164.110989,0.01715297,5.632,148.888364,70144,-0.0430581,0.51371586,-66.21441984
N-Methylacetamide--Formaldehyde,0.00810807,3.13558,178.374091,0.01098754,7.176,69.493508,82774,-0.04331845,0.54581895,-94.48164009
Hydrogen_Peroxide--Benzophenone,0.02314964,2.762954,170.005641,0.05298275,4.029,157.983617,70938,-0.03206214,0.3329021,-53.62139169
Benzyl_Alcohol--Ethanol,0.021355,2.843947,173.673222,0.03707923,3.426,117.254379,77015,-0.04578935,0.52348701,-75.78534272
Butan-1-ol--Pyridine,0.02091958,2.846553,174.528014,0.04750817,4.329,119.851247,69464,-0.03062063,0.39586529,-106.49858809
Pyrrolidine--Gamma-Butyrolactone_(GBL),0.01070251,3.128126,147.133235,0.00911762,3.562,108.829594,71496,-0.04320523,0.48367519,-73.22805333
Propan-1-ol--Butan-2-one_(MEK),0.01592486,2.888435,166.885163,0.02310082,4.963,97.85233,75061,-0.02829418,0.38166853,-73.37427197
Methylamine--Butan-2-one_(MEK),0.02025867,3.096437,152.297659,0.01181981,2.085,78.971783,75431,-0.03231274,0.38846434,-83.03456704
Propan-2-ol--Pyrazine,0.02202113,2.901568,174.136546,0.03715499,2.197,103.445497,77911,-0.03153662,0.39432759,-75.21778116
Hydrazine--Formaldehyde,0.32667931,2.618943,123.225604,0.28336116,4.203,41.955948,77602,-0.07344206,0.63598432,-54.64091613
Trifluoroethanol--Formaldehyde,0.03588911,2.83753,169.928517,0.03833018,2.791,55.471525,82608,-0.06136457,0.66897457,-71.30825795
Hydroxylamine--Hexamethylphosphoramide_(HMPA),0.03103427,3.00107,166.359902,0.01774615,4.105,151.589211,73024,-0.04253361,0.58848908,-79.19782016
Urea--18-Crown-6,0.01868815,2.932225,162.403822,0.03023405,5.596,206.121433,71235,-0.04236516,0.72687186,-124.43607311
Phenol--Acetone,0.01807947,2.889048,177.104037,0.02364197,5.566,113.734,77081,-0.03327326,0.45053084,-100.48386174
Benzoic_Acid--Dimethyl_Ether,0.04199229,2.746363,172.102309,0.06343927,0.247,119.091464,72099,-0.04792062,0.57140487,-74.49891818
Alanine--Tetrahydrofuran_(THF),0.0476259,2.718514,174.128648,0.07053605,1.564,106.785826,75729,-0.04965941,0.5104838,-68.69206054
"Threonine--N,N-Dimethylformamide_(DMF)",0.02472651,2.715269,176.840402,0.05697023,3.748,122.879986,72101,-0.03532692,0.44470715,-71.99816041
Hydroxylamine--Urea,0.07817704,2.945076,162.802194,0.03078622,4.136,55.137519,79233,-0.0631924,0.57321188,-57.49620977
Ethanol--N-Methyl-2-pyrrolidone_(NMP),0.02697895,2.825318,174.378351,0.03319242,4.958,102.125185,75482,-0.04834173,0.72433936,-114.04749219
Indole--Ethylene_Carbonate,0.01589998,2.970349,104.567136,0.00206491,3.388,140.826864,70488,-0.06307487,0.74378289,-88.6233107
N-Methylacetamide--Pyridine,0.03611084,2.910487,174.743704,0.04736178,7.64,114.00058,73254,-0.04191451,0.47703471,-63.95359252
Fructose--Ethyl_Acetate,0.02830835,2.955209,146.2343,0.01462829,6.289,157.878858,76378,-0.04713469,0.87853974,-193.09839996
Ethylene_Glycol--Propan-2-ol,0.04017628,2.817379,176.562536,0.04240127,4.277,82.386125,78765,-0.05345874,0.61790831,-85.22382642
"Propan-1-ol--1,4-Dioxane",0.01807865,2.874226,172.669957,0.03086313,2.168,101.262068,78303,-0.03098576,0.3942375,-70.55327137
Acetamide--Quinoline,0.05123295,2.839139,171.480757,0.06165874,3.957,142.089681,71393,-0.06444292,0.53798283,-41.37815838
Cytosine--Carbon_Dioxide,0.03751842,3.018772,138.847656,0.02199784,1.69,91.196566,84213,-0.09688623,0.74896223,-43.02157648
Oxalic_Acid--Acetic_Acid,0.15914425,2.619361,173.148475,0.11243006,2.385,76.275525,78967,-0.07413586,0.94328213,-100.83068063
Resorcinol--Pyrazine,0.03509469,2.830409,172.3865,0.05070729,3.02,135.535387,75270,-0.04608805,0.59245179,-91.46587564
Dimethylamine--Acetone,0.01277322,3.168982,140.637103,0.00973767,2.138,79.317746,72987,-0.048468,0.84976428,-157.43841258
Glucose--Phenol,0.00945038,2.841667,156.356895,0.03151084,5.975,170.662723,69450,-0.03725476,0.51369325,-108.7320119
Cyclohexanol--Acetaldehyde,0.01336059,3.083292,171.487155,0.01011695,4.814,104.653218,72736,-0.04367245,0.47729365,-66.02436385
"Pyrrolidone--N,N-Dimethylformamide_(DMF)",0.03397038,2.843636,166.254624,0.04541106,1.905,108.288036,73044,-0.04610836,0.59014984,-114.36894094
Adenine--Urea,0.02796129,2.835073,179.356761,0.0355724,12.333,116.925374,75689,-0.0422807,0.38970384,-43.21678953
Acetic_Acid--Acetaldehyde,0.07777099,2.772858,178.203398,0.05524833,1.734,64.60748,78112,-0.07939219,0.70131581,-57.56582362
Aspartic_Acid--Pyrimidine,0.04641572,2.696932,177.187024,0.102267,4.508,132.041963,74708,-0.03771216,0.51139108,-101.14158687
"Imidazole--1,4-Dioxane",0.01345993,2.973374,179.954863,0.02428166,4.604,106.300615,76211,-0.04011234,0.43991318,-63.73344231
Threonine--Gamma-Butyrolactone_(GBL),0.0289648,2.704913,160.978952,0.05526185,3.106,124.652301,75742,-0.04177207,0.44821001,-63.51626869
Cytosine--Tetrahydrofuran_(THF),0.01933814,2.859792,174.561788,0.04486483,2.33,123.563757,73181,-0.04491459,0.42379003,-53.79965014
Oxalic_Acid--Propan-1-ol,0.08085757,2.635938,158.27343,0.09239983,1.53,86.322174,79320,-0.0523652,0.60075161,-80.70487364
Acetic_Acid--18-Crown-6,0.0236285,2.748978,175.153476,0.0581942,2.767,204.223064,72563,-0.04154368,0.61503978,-125.52239403
Alanine--Methyl_Acetate,0.02709473,2.823065,175.076673,0.04061569,3.441,101.757146,78116,-0.04598255,0.63879691,-89.59605165
Dimethylamine--Tetrahydrofuran_(THF),0.00743054,3.088902,161.306835,0.01419675,3.027,89.524138,78346,-0.04351755,0.46368486,-69.88716706
Hydroquinone--Dimethyl_Sulfoxide_(DMSO),0.02694734,2.760784,175.245676,0.04712192,5.887,129.746213,75001,-0.03813816,0.4467051,-63.25032363
Thymine--Pyrimidine,0.06413774,2.788184,172.69319,0.08004404,4.785,137.813321,77657,-0.05055615,0.5844183,-70.63610587
"Hydrazine--1,4-Dioxane",0.00998147,3.124968,149.678858,0.00998163,2.361,79.592496,75892,-0.04098704,0.40267683,-57.7110981
Imidazole--Methyl_Acetate,0.01601231,3.027084,172.400986,0.01955784,2.766,96.166307,77865,-0.04690273,0.57854456,-87.34123213
Formamide--Oxime,0.12654241,2.917443,135.539438,0.05004739,4.384,55.600982,86854,-0.07413347,0.83120206,-100.69959721
Methylamine--Gamma-Butyrolactone_(GBL),0.01588373,3.357367,127.448949,0.01212036,3.832,78.848428,76239,-0.04585746,0.58579416,-89.4435935
Propan-1-ol--Trioxane,0.00178726,2.948883,172.728671,0.01978055,2.455,89.626347,75709,-0.03774192,0.63135959,-140.23952788
Cysteine--Trioxane,0.02582938,2.766853,177.275138,0.05773493,0.782,119.80346,78292,-0.04258836,0.53183819,-67.06940506
Formamide--Gamma-Butyrolactone_(GBL),0.04659961,2.867537,155.370873,0.02913742,1.215,80.597942,76297,-0.06306534,0.94608065,-155.2078049
Glutamic_Acid--Valerolactone,0.05099214,2.747419,155.290696,0.03845972,5.259,137.766154,78695,-0.04947983,0.4528677,-47.23198869
Urea--Diethyl_Ether,0.04235349,2.944879,170.631258,0.03214361,2.639,93.056178,77856,-0.04198122,0.50454939,-80.73780004
Indole--Pyridine,0.06972351,2.895122,178.892373,0.04979266,5.772,157.738053,75716,-0.08701488,0.8635966,-93.1915391
Guanine--Trioxane,0.03392315,2.848631,165.299608,0.04283617,4.95,138.702639,68998,-0.06020477,0.52567013,-50.87130954
Cytosine--Benzaldehyde,0.02660375,2.893051,174.159933,0.03621589,3.215,153.242708,79510,-0.05512968,0.6711903,-81.36386486
Piperidine--Dimethyl_Sulfoxide_(DMSO),0.0090716,3.052733,175.035071,0.01818285,4.793,132.592534,78947,-0.02909589,0.37701209,-64.33524361
Salicylic_Acid--Formaldehyde,0.04889579,2.807523,172.757139,0.04881046,2.191,108.967504,78605,-0.05432938,0.62924713,-68.89811022
Guanine--Tetrahydrofuran_(THF),0.01944057,2.806215,170.814517,0.0547325,3.087,145.355331,68392,-0.04508612,0.45924181,-58.65944553
Methanol--Sulfate_Ion,0.02513624,2.888648,169.660342,0.02170697,2.115,62.653354,81354,-0.07712258,2.54733159,-259.4925977
Pyrrolidone--2-Picoline,0.04901778,2.818217,174.411571,0.06984981,3.891,131.967796,71465,-0.04228991,0.78240591,-110.35660841
Barbituric_Acid--Cyclohexanone,0.02291966,2.822234,178.169951,0.04298104,4.977,141.367769,78265,-0.04418186,0.66029678,-96.59001875
Butan-2-ol--Cyclohexanone,0.00810511,2.959538,166.916075,0.01687062,5.496,127.659425,76126,-0.03649735,0.49933535,-84.84885161
Pyrrole--Butan-2-one_(MEK),0.01612924,3.013873,179.863071,0.01781089,6.463,107.574582,80447,-0.02927306,0.48476268,-99.96382463
Butanoic_Acid--Acetaldehyde,0.03943054,2.719391,158.290287,0.04744533,1.362,87.960821,78175,-0.03945661,0.59774604,-117.03742541
Butan-1-ol--Oxime,0.01239786,2.913214,151.188415,0.01399623,1.892,84.42527,77537,-0.02785062,0.33530458,-65.77382612
"Methylamine--N,N-Dimethylacetamide_(DMAc)",0.03111624,3.084732,170.003552,0.01550247,3.563,88.468208,79618,-0.03902974,0.55815297,-109.49042569
Catechol--N-Methyl-2-pyrrolidone_(NMP),0.02422981,2.751735,170.931248,0.0545575,5.245,145.793846,77467,-0.03889441,0.53214307,-110.38337957
Dimethylamine--Urea,0.07598404,2.995782,134.694625,0.05658454,3.103,74.35502,73867,-0.04981065,0.58752421,-86.26016824
Hydrazine--Valerolactone,0.01714141,3.107834,152.609273,0.01134459,3.574,75.984005,79610,-0.04309177,0.62662716,-94.91089236
Fructose--Valerolactone,0.03755082,2.814213,165.004974,0.03619978,6.153,152.833767,71477,-0.03785965,0.45399376,-67.05098024
Glutamic_Acid--Oxime,0.04366489,2.803374,178.072909,0.04353091,0.93,112.674958,82817,-0.05267881,0.53643573,-72.02791597
Butylamine--Pyruvic_Acid,0.00836689,3.041175,169.780136,0.01920893,0.659,109.059405,80226,-0.03463944,0.52288036,-128.77663713
Benzyl_Alcohol--Vinyl_Acetate,0.02528942,2.843116,162.837527,0.03248817,3.296,141.368714,77888,-0.03636543,0.68722497,-131.33179558
Threonine--Oxime,0.02616539,2.808898,171.714055,0.04145189,2.174,99.537,80463,-0.03721162,0.44043495,-72.81194418
Oxalic_Acid--Isoquinoline,0.01595968,2.611013,177.247507,0.16837868,5.614,144.551548,70756,-0.05212858,0.62731589,-83.11239407
Hydroxylamine--Ethylene_Carbonate,0.01066191,3.137502,140.97294,0.00695025,6.174,65.110023,84387,-0.07009896,0.8759236,-116.64897683
Salicylic_Acid--Gamma-Butyrolactone_(GBL),0.02355285,2.735772,167.319513,0.04782651,4.248,143.212072,74182,-0.04654435,0.56952264,-73.06651102
Hydroxylamine--Valerolactone,0.02767222,2.882238,136.016501,0.01869896,4.12,71.609544,81390,-0.05093536,0.54427123,-71.75054729
Salicylic_Acid--Methyl_Acetate,0.01728461,2.85035,172.863874,0.03578773,4.7,136.681359,70255,-0.04270137,0.54597999,-78.50446256
Guanine--Dimethyl_Sulfoxide_(DMSO),0.03790146,2.733454,176.295085,0.06765206,0.692,146.860043,70034,-0.05489499,0.55056059,-54.43205391
Aniline--Benzophenone,0.01218977,2.878369,108.883426,0.00589414,2.761,220.540921,71864,-0.03400999,0.45263326,-65.66993439
Hydrazine--Acetone,0.02149463,3.074381,161.816995,0.01720275,2.278,64.471309,71580,-0.0422454,0.92386293,-136.95846325
Propanoic_Acid--Benzophenone,0.02346523,2.717508,172.003246,0.05186212,2.869,189.87343,70355,-0.03470483,0.35159355,-53.19813856
Butan-1-ol--Carbon_Dioxide,0.00249796,3.163226,173.319351,0.00707723,1.883,75.654387,80507,-0.03521517,0.52281521,-103.33868065
Glycine--Acetic_Acid,0.1388506,2.654979,173.457341,0.09227738,1.668,78.38886,76202,-0.05991934,0.61417394,-78.63083409
Glutamic_Acid--Formaldehyde,0.04943384,2.78529,171.657214,0.05349574,2.805,103.516981,84012,-0.05230211,0.51275144,-57.91541164
Methylamine--Acetone,0.01329685,3.087988,175.793923,0.01528467,3.011,67.399085,80145,-0.04137972,0.45462507,-72.45795679
Ethanol--Methyl_Acetate,0.01286145,2.959123,173.32656,0.02063177,2.333,79.511187,76822,-0.04402819,0.4383315,-58.01838995
Aniline--Urea,0.03740031,2.903908,152.244483,0.0280406,4.327,113.347226,73026,-0.04781138,0.48113513,-63.62398199
Serine--Acetaldehyde,0.02249486,2.740636,172.69274,0.06482745,2.478,90.15962,72384,-0.03472239,0.46323793,-94.80599305
"Butanoic_Acid--N,N-Dimethylformamide_(DMF)",0.0452149,2.675778,170.193141,0.0674889,3.224,109.06364,75538,-0.04101768,0.65766382,-113.16759224
Citric_Acid--Acetamide,0.02788034,2.684652,175.277076,0.07840293,4.9,137.531524,70758,-0.03991442,0.4778873,-64.00850174
Benzoic_Acid--Cyclohexanone,0.03153853,2.698955,170.372022,0.06707463,2.362,156.877013,74623,-0.04225498,0.46202709,-67.83493073
Acetic_Acid--Cyclohexanone,0.03477374,2.736781,176.89517,0.06250943,2.723,105.804143,76529,-0.0467605,0.59289179,-85.1832957
Barbituric_Acid--Carbon_Dioxide,0.0132956,3.061558,179.883252,0.01582966,0.854,89.262937,85518,-0.07666961,0.99432978,-121.53030714
Phenol--Cyclohexanone,0.00503997,2.905563,174.542371,0.02241573,6.036,143.622185,72056,-0.02797202,0.31110581,-51.31978815
Glycerol--Propan-1-ol,0.02269562,2.841925,166.04652,0.03639528,2.619,98.834038,75846,-0.03425641,0.35547071,-58.60955703
N-Methylformamide--Acetic_Acid,0.01802202,3.007886,179.363747,0.0181558,6.874,74.086109,75038,-0.03983667,0.48961374,-83.93923349
Imidazole--Urea,0.0146209,2.913261,179.70469,0.02578575,9.832,86.289417,83570,-0.03301175,0.44259069,-77.63085741
Pyrrole--Propan-2-ol,0.012195,2.989421,178.336936,0.0221186,4.866,99.124203,78853,-0.02794211,0.42342743,-99.37017781
Ascorbic_Acid--Propan-1-ol,0.04043259,2.764254,174.141545,0.05152551,8.533,138.80624,72871,-0.05217631,0.50461782,-61.92670867
Threonine--Benzaldehyde,0.01917904,2.721949,174.004394,0.07177528,3.638,152.792496,64484,-0.03317173,0.48788485,-74.76941757
"Acetamide--N,N-Dimethylacetamide_(DMAc)",0.05666028,2.837554,165.262946,0.0389943,1.381,101.385938,75082,-0.0488738,0.5681565,-75.29949174
N-Methylacetamide--Carbon_Dioxide,0.00439078,3.271506,177.373515,0.00594855,4.773,69.862298,87375,-0.04503084,0.71571699,-113.0329389
Benzyl_Alcohol--Isoquinoline,0.01605423,2.831907,168.2767,0.04913312,5.156,187.459713,68223,-0.03809916,0.41468249,-59.10175903
Acetic_Acid--Tetrahydrofuran_(THF),0.05265128,2.726667,174.571707,0.06770839,1.058,85.988977,75310,-0.05153677,0.53763169,-64.63089783
Oxalic_Acid--Urea,0.12936639,2.57732,179.34921,0.14647342,4.973,78.127554,78880,-0.09799296,0.77146787,-49.81204731
Serine--Cyclohexanone,0.02204813,2.688386,171.556417,0.07415733,3.56,131.393792,79203,-0.03473579,0.35343375,-54.11516216
Sulfuric_Acid--Ethyl_Acetate,0.05327431,2.718751,173.186976,0.05932739,3.528,103.219773,83634,-0.06032104,0.90667868,-133.01252011
Benzyl_Alcohol--Sulfate_Ion,0.01040323,2.879921,168.826528,0.02241579,2.094,125.27864,76463,-0.05686407,0.58612042,-61.62055387
Glycerol--Diethyl_Ether,0.02564438,2.851195,166.912698,0.03228913,2.041,110.765502,76069,-0.03545316,0.40665235,-72.1496964
Piperidine--Ethyl_Acetate,0.00196491,3.16525,167.262449,0.01086496,1.941,137.515585,75223,-0.03226635,0.30853211,-47.14599234
Threonine--Anisole,0.01966901,2.78595,167.280243,0.04547425,3.402,155.945161,69204,-0.03287796,0.40861646,-70.33888037
Histidine--Vinyl_Acetate,0.01784966,2.959873,152.403721,0.01815406,5.689,157.12102,75633,-0.04168355,0.45642049,-64.11521822
Phenol--Sulfate_Ion,0.01509994,2.88414,176.164842,0.0228217,1.951,113.406873,76736,-0.04660682,0.76515972,-120.60106153
Methanol--Trioxane,0.01938048,2.929978,170.689777,0.02161698,2.503,66.450612,81441,-0.05059395,0.75400323,-153.9796458
Saccharin--Acetamide,0.07087228,2.682925,175.035832,0.10594368,5.879,154.311473,69137,-0.06265847,0.7539208,-90.18234234
Ascorbic_Acid--Benzaldehyde,0.0172349,2.794937,166.356401,0.03762413,8.821,175.23942,67515,-0.05040569,0.73473057,-124.76462735
Glucose--Butan-2-one_(MEK),0.01786247,2.783402,167.576035,0.04659868,3.057,151.40016,74102,-0.04237461,0.43796509,-64.73964766
Imidazole--Pyruvic_Acid,0.01291553,3.024519,172.592016,0.01720293,6.021,97.930942,83069,-0.04022624,0.49522525,-80.69127024
Butanoic_Acid--Propan-2-ol,0.03410992,2.685018,157.22713,0.06997663,1.557,102.518442,74908,-0.03548501,0.42727525,-100.62261936
Ethanol--Pyrimidine,0.0397188,2.920874,173.644569,0.0336773,4.367,91.873806,76149,-0.06129145,0.57969387,-56.20153522
"Indole--N,N-Dimethylformamide_(DMF)",0.01789608,2.950584,179.466512,0.02556924,8.26,145.653103,77253,-0.03609544,0.45871933,-77.12317459
Trifluoroethanol--Dimethyl_Ether,0.03612383,2.779996,171.233912,0.0493533,3.926,70.22704,77477,-0.05565628,0.89607588,-140.73904149
Pyrrolidine--Pyruvic_Acid,0.01425424,2.980386,153.159748,0.02320211,1.068,104.090924,75254,-0.04660299,0.46288065,-54.38179014
Ethylamine--Tetrahydrofuran_(THF),0.00584015,3.151965,169.315507,0.01240461,2.153,89.069376,75485,-0.02846318,0.35312887,-74.10660522
Glucose--Morpholine,0.02001873,2.831885,166.606169,0.03805232,4.219,159.39718,72336,-0.03274041,0.33145368,-56.41201099
Catechol--Propan-2-ol,0.02127583,2.797991,172.887863,0.04585169,2.355,121.379066,74995,-0.04358208,0.70213019,-127.94887795
Benzoic_Acid--Propan-2-ol,0.04341215,2.724252,176.851844,0.06735892,0.908,130.206962,74907,-0.0511241,0.55599992,-61.83046669
Glycerol--Methyl_Acetate,0.01482371,3.029843,164.005434,0.01575439,1.991,100.49593,76790,-0.0437774,0.61559875,-111.44830312
Lactic_Acid--Ethylene_Carbonate,0.02487029,2.896701,161.118784,0.02762327,5.099,97.372867,79802,-0.0413531,0.45312188,-59.82973779
Threonine--Ethanol,0.04384518,2.679725,156.48377,0.07142028,0.513,104.824042,79751,-0.03199136,0.35058844,-71.93359919
Saccharin--Pyruvic_Acid,0.02069621,2.848519,173.412332,0.04812752,3.792,163.460539,70251,-0.05062105,0.6273588,-76.39291945
Glutamic_Acid--Gamma-Butyrolactone_(GBL),0.05659459,2.721688,172.628398,0.06626061,4.891,137.710946,79394,-0.05293018,0.55608014,-63.09213058
Thymine--Diethyl_Ether,0.03678664,2.830107,172.248345,0.05113678,6.075,135.75524,71931,-0.04503538,0.49910085,-68.24200459
Benzoic_Acid--Morpholine,0.03139564,2.754817,175.676361,0.05406691,2.447,146.720894,75066,-0.04945588,0.46557503,-49.58662407
Acetamide--Propan-2-ol,0.03731647,2.902165,178.11958,0.03804632,2.865,83.498674,75718,-0.05230168,0.55016124,-65.41496014
Uracil--Cyclohexanone,0.03132634,2.796067,175.974266,0.06147407,7.028,138.826125,73291,-0.04617565,0.47400422,-57.29859853
Propan-2-ol--Formaldehyde,0.01829084,2.970817,172.688222,0.0215509,2.613,63.417413,79708,-0.03487805,0.35913501,-53.873148
Histidine--Acetamide,0.0340968,3.020887,166.61909,0.0336862,8.768,138.868313,74227,-0.0456088,0.69543788,-116.1772614
Hydrogen_Peroxide--Tetrahydrofuran_(THF),0.03595863,2.783796,170.218797,0.0483532,2.367,65.790102,77587,-0.04771659,0.56543906,-90.09181077
Diethanolamine--Pyrazine,0.02989718,2.875597,170.108662,0.04123127,3.402,129.176176,72703,-0.05105384,0.56353245,-68.69507367
Uracil--Pyrimidine,0.06393322,2.784583,174.726194,0.08252107,7.876,126.354837,71083,-0.0559045,0.64296467,-71.03583283
Phenol--Pyrazine,0.02183229,2.841981,178.722878,0.05042746,2.487,131.060448,72675,-0.03317036,0.37151479,-54.44260461
Propylamine--Methanol,0.01284265,3.140348,164.774265,0.01309563,1.34,70.76682,77967,-0.0366812,0.44045954,-89.13479923
Barbituric_Acid--Gamma-Butyrolactone_(GBL),0.0506918,2.767531,154.814061,0.04967181,5.091,123.032322,72789,-0.06416523,0.71633518,-67.30232132
Butan-1-ol--Morpholine,0.01206542,2.873032,167.269609,0.02754327,4.492,117.696243,69914,-0.03075446,0.47983918,-126.30848672
Acetamide--Propylene_Carbonate,0.01217228,3.444367,122.504587,0.00266727,1.922,96.783463,78227,-0.05098945,0.65277979,-79.14838675
Oxalic_Acid--Trioxane,0.05713231,2.726077,176.74306,0.06806611,4.377,86.339529,78812,-0.06306462,0.55543378,-56.76443835
Cysteine--Ethylene_Carbonate,0.0071523,2.847907,142.679276,0.02141607,5.718,121.45019,76603,-0.04154369,0.58059601,-115.48751643
Hydroquinone--Methanol,0.01718832,2.834224,171.933213,0.03860071,2.85,98.250831,73702,-0.04568739,0.56845041,-111.18298887
Benzoic_Acid--Acetaldehyde,0.05374252,2.75003,173.595348,0.06173027,1.557,115.650199,78275,-0.06121208,0.68219743,-78.81488895
Ethylene_Glycol--Methyl_Acetate,0.03200148,2.929745,171.855148,0.02358619,2.59,84.209717,78924,-0.0467713,0.69600648,-112.62242137
Diethanolamine--Phosphate_Ion,0.15319078,2.665625,144.004263,0.11580358,9.138,112.057946,80809,-0.06596026,0.62524886,-62.38484038
Uracil--Propan-1-ol,0.03886442,2.753985,147.72617,0.04989579,3.953,112.472697,74771,-0.04271038,0.4709067,-79.61272947
Acetic_Acid--Trioxane,0.05922404,2.790632,176.952431,0.05119694,1.084,79.344035,76598,-0.06496611,0.56910733,-59.01148505
Saccharin--Ethylene_Carbonate,0.03298332,2.814564,139.2643,0.02631223,6.508,161.757162,77644,-0.07271066,0.866005,-86.8399222
Pyrrole--Methanol,0.01781714,3.018608,177.32413,0.01977096,4.631,76.097912,80833,-0.05109317,0.60047485,-92.18672685
Glycerol--Phenol,0.03952996,2.867142,155.353513,0.05004405,3.795,126.38463,70801,-0.03510832,0.37040915,-60.80912854
Formamide--Dimethyl_Sulfoxide_(DMSO),0.09138798,2.794642,177.088187,0.054133,2.728,80.671595,70763,-0.07243299,0.88378225,-89.35617638
Histidine--Propylene_Carbonate,0.01801491,2.952237,146.469524,0.01759624,5.073,157.804297,77478,-0.04511116,0.51407762,-90.92915515
Butylamine--Ethanol,0.00686909,3.117467,166.175179,0.01319173,2.146,94.01931,77327,-0.03223988,0.33505983,-58.51303561
"Acetic_Acid--N,N-Dimethylformamide_(DMF)",0.08376557,2.675153,169.889666,0.06805828,3.232,85.707965,77883,-0.06026244,0.6467151,-83.64538757
Glycerol--Morpholine,0.01818143,2.85045,177.318443,0.03757159,4.002,115.157987,75758,-0.03946314,0.66036785,-165.46395725
Propan-1-ol--Dimethyl_Ether,0.01989178,2.933561,169.848895,0.02060464,3.251,78.325226,75526,-0.03473767,0.59218285,-141.37371904
Propanoic_Acid--Diethyl_Ether,0.03095718,2.72923,178.639149,0.06671667,2.358,102.846141,73493,-0.03426547,0.35895447,-61.19183122
Pyrrolidone--Acetophenone,0.04051661,2.883065,176.078503,0.04076295,3.029,149.689446,70397,-0.04124525,0.4642834,-65.92780418
N-Methylacetamide--Anisole,0.02830449,3.016861,164.885308,0.019206,5.911,135.000607,69542,-0.04145427,0.43899855,-68.95727646
Methylamine--Hexamethylphosphoramide_(HMPA),0.03002615,3.113793,161.58031,0.00995234,4.937,158.990724,74252,-0.03815465,0.44110861,-59.68834928
Uracil--Acetophenone,0.03757447,2.792237,175.869135,0.06257487,7.836,160.048924,73451,-0.04624854,0.55906451,-80.46148739
Aniline--Ethyl_Acetate,0.00617622,3.13453,174.481654,0.01244782,1.213,134.859091,78918,-0.03615904,0.44649047,-70.81554038
Acetic_Acid--Acetic_Acid,0.19668603,2.661285,173.502345,0.08876984,0.035,69.23646,73269,-0.08442794,0.66596857,-52.15433709
Chloroacetic_Acid--Urea,0.09516981,2.594326,179.002881,0.1298604,5.035,83.768722,77183,-0.08309926,0.83728824,-63.27556745
Pyrrolidine--Urea,0.04869061,2.982323,139.334085,0.05129565,2.903,92.366212,74723,-0.04180544,0.42310517,-54.28252433
Sulfuric_Acid--Acetaldehyde,0.20778353,2.543426,152.113279,0.08521601,3.188,75.365722,82511,-0.08638595,1.20640835,-131.94017303
Alanine--Pyrazine,0.05862347,2.69988,167.488554,0.09320201,2.132,114.093209,78184,-0.04644692,0.48133823,-59.23473551
Glucose--Acetaldehyde,0.03509013,2.820202,168.342842,0.04325857,2.499,128.426932,77150,-0.04408969,0.46524749,-64.79241966
Hydrogen_Peroxide--N-Methyl-2-pyrrolidone_(NMP),0.07325409,2.734054,170.621475,0.06122315,4.932,83.295748,76257,-0.05655318,0.60958845,-73.393381
Methylamine--Pyrazine,0.01160895,3.143414,171.118708,0.01666187,1.552,84.727308,77539,-0.04243176,0.52969737,-76.26476933
"Cysteine--N,N-Dimethylacetamide_(DMAc)",0.064861,2.611655,168.873172,0.10051078,3.776,137.45576,80020,-0.04253473,0.57279953,-95.50680863
Cyclohexanol--2-Picoline,0.0198245,2.916351,157.987347,0.03004511,3.475,149.282051,68851,-0.04541533,0.43263348,-48.4876644
Formic_Acid--Anisole,0.04955972,2.765333,175.557678,0.05351931,2.327,107.571302,70481,-0.04136534,0.50283924,-80.2891147
Oxalic_Acid--Carbon_Dioxide,0.05243642,2.8776,152.116413,0.02214966,0.329,60.773366,95564,-0.11151391,1.07533145,-95.25158634
Oxalic_Acid--Vinyl_Acetate,0.05757782,2.679834,174.198153,0.07978586,3.067,98.75035,80617,-0.05531458,0.56481207,-60.35367088
Cytosine--Dimethyl_Sulfoxide_(DMSO),0.06668047,2.776229,178.086018,0.06060694,3.984,125.06004,75928,-0.05043079,0.50850262,-51.94971255
Formic_Acid--Benzophenone,0.03490875,2.712634,176.64589,0.06634068,4.87,166.951476,67705,-0.03761053,0.44666846,-66.38592293
Guanine--Quinoline,0.0425284,2.747673,176.99496,0.09669527,2.706,197.005087,69653,-0.05772592,0.58937787,-55.81838389
Butanoic_Acid--Butan-2-one_(MEK),0.03275412,2.719045,175.954318,0.06641723,2.446,110.896937,70789,-0.0304336,0.34268771,-62.05755312
Glycine--Hexamethylphosphoramide_(HMPA),0.06731283,2.667862,177.506011,0.06534223,4.934,176.651187,72899,-0.04671562,1.0622959,-207.55791649
Butan-1-ol--Propan-1-ol,0.0212131,2.872105,172.382644,0.03038617,3.455,101.321226,73198,-0.02719715,0.35464163,-68.45107097
Propan-1-ol--Pyrazine,0.02708642,2.908048,172.139846,0.03513559,2.245,103.513988,73368,-0.03931781,0.48987464,-68.08853279
N-Methylformamide--Isoquinoline,0.03345326,2.859382,173.580351,0.05804842,8.07,142.680773,68664,-0.04647189,0.68707743,-127.16913786
Serine--Butan-2-one_(MEK),0.02662352,2.719816,178.308327,0.06948583,3.569,113.178069,74670,-0.03172894,0.41691952,-83.39748103
Alanine--Diethyl_Ether,0.04647014,2.717169,177.489621,0.07119717,2.038,111.960976,73136,-0.04785741,0.52034887,-67.81807915
Butan-1-ol--Isoquinoline,0.0218806,2.84187,176.683555,0.04802603,4.932,159.812383,57743,-0.03263541,0.65289369,-158.72930595
Urea--Benzophenone,0.02419625,2.81801,153.673375,0.03288347,2.42,180.132493,69021,-0.03483124,0.39766936,-59.01569652
Pyrrole--2-Picoline,0.03718923,2.896066,175.7749,0.04963738,5.201,129.298203,76234,-0.05245934,0.68973602,-124.58205399
Hydroxylamine--Formaldehyde,0.26715294,2.702222,130.366601,0.10509004,1.847,37.467516,85643,-0.06436399,0.670072,-79.29867392
Pyrrolidone--N-Methyl-2-pyrrolidone_(NMP),0.02562644,2.837224,173.952058,0.04766722,1.835,126.200273,69193,-0.04356326,0.54623354,-73.32795193
Urea--Morpholine,0.02056134,2.964737,176.844794,0.0286862,3.677,97.511185,77398,-0.05096067,0.53467493,-75.57747274
Fructose--Vinyl_Acetate,0.02952926,2.850719,175.153624,0.02957176,5.488,157.159569,68603,-0.03749147,0.36663727,-55.89789227
Tryptophan--18-Crown-6,0.01514765,2.964982,167.444526,0.02571089,5.274,314.28049,67315,-0.04114198,0.50678676,-103.04605648
Threonine--N-Methyl-2-pyrrolidone_(NMP),0.01980336,2.703088,179.346463,0.06076737,4.29,140.713751,72138,-0.03248485,0.49178409,-86.95280598
Glucose--Oxime,0.01985393,2.872482,162.656807,0.0309933,4.807,126.188031,81735,-0.0426963,0.83009892,-120.30934829
Glycerol--Propylene_Carbonate,0.01546553,3.046253,166.115219,0.01335967,4.474,112.096059,72684,-0.03728516,0.43878385,-75.548394
Butylamine--Dimethyl_Sulfoxide_(DMSO),0.01737011,3.045087,155.608204,0.01477594,2.966,113.895129,77627,-0.03672223,0.56925448,-131.93919059
Phenol--Carbon_Dioxide,0.00756097,3.12037,177.674978,0.00871287,1.889,91.43924,82795,-0.04117535,0.5257682,-84.18708903
Uracil--Ethanol,0.04060639,2.759736,147.590171,0.04828118,3.975,100.794324,78494,-0.04434445,0.42071009,-51.3409962
Chloroacetic_Acid--Pyrimidine,0.1129056,2.681326,175.78457,0.11149021,3.045,105.829429,75402,-0.07188582,0.64368596,-41.44792609
Lactic_Acid--Urea,0.0796004,2.604363,178.932138,0.12368168,5.569,87.523509,80998,-0.04936852,0.63575012,-83.4645034
Butylamine--Gamma-Butyrolactone_(GBL),0.00709226,3.304886,140.500175,0.01118475,3.863,113.777562,77814,-0.03139958,0.48121254,-89.17188191
Butanoic_Acid--Pyrimidine,0.02269991,2.723477,176.866953,0.08860351,4.115,116.587308,71819,-0.03194721,0.51562754,-90.8807167
Adenine--Carbon_Dioxide,0.01408352,3.140795,179.559743,0.0103519,6.456,99.549753,87040,-0.07787487,0.73646362,-60.44016718
Propylamine--Morpholine,0.01341913,3.143996,165.631583,0.01253368,2.661,110.335084,76246,-0.0350505,0.35138806,-52.66801227
Ethylamine--Phenol,0.00291795,3.142068,158.574072,0.00818623,1.102,109.850216,66014,-0.02845548,0.44622214,-103.54623105
Catechol--Acetone,0.04010243,2.78893,165.845994,0.04518781,3.501,118.194222,77339,-0.05167265,0.51811216,-53.2844556
Cyclohexanol--N-Methyl-2-pyrrolidone_(NMP),0.02166312,2.832659,159.092293,0.03111412,4.765,143.557642,73548,-0.03745334,0.50176818,-84.34526332
Histidine--Methanol,0.05874623,2.817137,155.543207,0.06439524,4.267,121.462536,76972,-0.0464821,0.52546149,-79.87884016
Cyclohexanol--Ethyl_Acetate,0.02073623,3.001854,151.458268,0.01338453,3.27,132.452702,76834,-0.04561244,0.65198282,-95.82543091
Indole--Diethyl_Ether,0.00665298,2.937544,179.801937,0.02773072,4.738,151.147458,76335,-0.04125649,0.44588206,-67.16386246
Butanoic_Acid--Pyridine,0.02809159,2.690276,178.121168,0.10677529,3.296,121.08559,69000,-0.02988164,0.36871884,-73.66125149
Histidine--2-Picoline,0.03037169,2.83696,174.914252,0.0628869,5.959,174.575261,70359,-0.04967425,0.56297512,-73.66601879
Chloroacetic_Acid--Dimethyl_Sulfoxide_(DMSO),0.08937799,2.556388,166.724793,0.13023846,3.922,100.261503,79378,-0.07738525,1.55935289,-195.12075235
Pyrrolidone--Anisole,0.02490659,2.986132,176.667056,0.0245144,5.109,141.537761,74797,-0.03871563,0.4164941,-54.58829139
Acetamide--Oxime,0.03521016,3.012914,176.441234,0.02161889,3.954,66.71834,77673,-0.06018967,0.68732884,-96.31425884
Urea--Formaldehyde,0.07078121,2.976654,165.774855,0.02652392,2.528,55.111208,90680,-0.07504836,0.68187905,-59.49001752
Glycine--Vinyl_Acetate,0.05703829,2.744054,177.814786,0.05888668,3.404,100.906129,79123,-0.04663627,0.5888096,-80.88586832
Benzoic_Acid--Diethyl_Carbonate,0.01162632,2.895864,173.125337,0.02965373,2.362,160.268274,72091,-0.03869355,0.65751213,-153.92455271
Diethanolamine--2-Picoline,0.04889262,2.830325,167.367819,0.04949115,5.261,145.231033,74096,-0.04886352,0.63140957,-83.75130683
Propylamine--Cyclohexanone,0.00628822,3.110469,154.735654,0.01246024,3.037,120.503552,75841,-0.03918775,0.40203226,-57.8566619
Ammonia--Acetaldehyde,0.01235905,3.158637,161.272702,0.01039331,2.027,44.005539,82500,-0.03282806,0.51949582,-123.40857457
Phenol--18-Crown-6,0.01266978,2.854304,177.697904,0.03133346,4.46,242.035736,70124,-0.03500572,0.47475345,-85.49071125
Cysteine--Valerolactone,0.03742033,2.705933,171.770118,0.06419925,4.503,127.941965,77467,-0.03874773,0.44901144,-67.04488435
Hydroxylamine--Acetophenone,0.01870408,3.112177,167.857517,0.01330145,4.545,111.133531,82463,-0.04777855,1.04311082,-178.31164767
Aniline--Sulfate_Ion,0.44687023,2.83022,116.745929,0.15687421,3.227,116.42155,73666,-0.08203359,0.89520293,-69.0970348
Formamide--Ethylene_Carbonate,0.04082535,2.885263,153.368648,0.02481249,2.076,74.137115,80960,-0.05787155,0.55291867,-67.95377649
Butan-2-ol--Ethyl_Acetate,0.01731028,2.966348,178.198895,0.02054884,2.157,114.275095,76363,-0.0397248,0.51222204,-90.89346964
N-Methylacetamide--Ethylene_Carbonate,0.01212872,3.053509,164.419211,0.01583684,9.135,97.189116,71297,-0.03865577,0.54498957,-103.8015829
Ethylene_Glycol--Ethanol,0.02857532,2.870685,172.548726,0.02996857,4.528,70.90799,77847,-0.05323237,0.54357708,-69.97593134
Ethanol--Ethyl_Acetate,0.0215107,2.95493,169.848271,0.02045865,2.562,91.077947,77137,-0.0454422,0.45294775,-64.36518904
Formic_Acid--Methanol,0.17594762,2.674915,155.538804,0.0727534,1.527,44.930799,81373,-0.06951533,0.71659086,-77.76265242
Histidine--Methyl_Acetate,0.02710219,3.186883,152.76788,0.00826873,4.269,146.256177,76858,-0.04366996,0.52362953,-82.285854
Propan-1-ol--Acetic_Acid,0.07268417,2.773274,132.941746,0.07069072,1.457,79.307033,79683,-0.03990647,0.55104427,-100.73432841
Acetamide--Propan-1-ol,0.06989645,2.859283,140.941316,0.04008368,3.463,83.789862,75623,-0.05485942,0.48942905,-50.11809836
Catechol--Benzophenone,0.03300223,2.872028,174.295771,0.02540384,5.09,220.488422,68872,-0.05308594,0.61301912,-70.59674369
Salicylic_Acid--Dimethyl_Sulfoxide_(DMSO),0.09018159,2.583021,167.29128,0.13255705,3.481,143.420684,73935,-0.0481617,0.50437755,-56.26418914
Fructose--Diethyl_Ether,0.03398417,2.826008,168.718608,0.04051247,3.442,156.564616,71340,-0.03454687,0.5542294,-132.53832432
Dimethylamine--Ethanol,0.0150535,3.123329,167.650013,0.01464102,1.784,71.065294,78551,-0.04910888,0.63247878,-104.21136846
Lactic_Acid--Formaldehyde,0.08087445,2.765286,170.978526,0.05861441,2.928,69.624256,80101,-0.05405306,0.48617239,-49.05095567
Sulfuric_Acid--Propan-2-ol,0.10033096,2.577227,160.650567,0.11511419,2.449,89.844662,79116,-0.05932913,0.76509846,-96.26146388
Pyrrolidine--Dimethyl_Sulfoxide_(DMSO),0.01319477,3.076623,176.298079,0.01715722,4.6,109.025734,79013,-0.04167089,0.6019591,-80.41324846
Pyrrole--Gamma-Butyrolactone_(GBL),0.01028534,3.027766,172.041671,0.01623082,7.956,107.499083,78938,-0.03293639,0.40657475,-68.35114707
N-Methylacetamide--Acetaldehyde,0.00798119,3.0625,178.149177,0.01591356,8.028,80.846675,79873,-0.03744855,0.63989586,-121.06998098
Barbituric_Acid--Tetrahydrofuran_(THF),0.07469713,2.758557,175.856142,0.07741713,2.085,121.44757,75192,-0.06513679,0.60499082,-58.71335276
Pyrrole--Phenol,0.00704042,3.047008,177.238456,0.01792842,4.149,126.817383,73032,-0.03886114,0.51745224,-99.91723631
Ethylamine--18-Crown-6,0.01325189,3.16364,167.892655,0.01130986,2.334,207.311973,69922,-0.03968755,0.55534435,-111.43707873
Sulfuric_Acid--Butan-2-one_(MEK),0.07381006,2.580721,169.213797,0.11314631,4.668,98.239551,76933,-0.060174,0.84918268,-127.34530212
Glycerol--Pyruvic_Acid,0.02995386,2.863208,161.143714,0.02447166,2.787,102.210641,79747,-0.05492374,0.62902709,-81.27632433
Glucose--Valerolactone,0.03918489,2.82068,170.857124,0.04234042,2.254,151.271393,72552,-0.04286373,0.50478854,-80.27098475
Alanine--Carbon_Dioxide,0.02388178,2.908196,151.572496,0.01892382,2.132,74.498316,79675,-0.06256719,0.60115795,-60.73909876
Resorcinol--Vinyl_Acetate,0.01383069,2.831346,159.449732,0.0335184,4.137,134.001328,71548,-0.03414191,0.40575873,-69.12702214
Piperidine--Anisole,0.0154145,3.104534,158.32012,0.01139255,1.673,163.842701,71963,-0.0299646,0.36326878,-59.83165859
Pyrrolidone--Pyruvic_Acid,0.05723321,2.981974,124.924635,0.10364108,4.964,105.287969,70033,-0.04710451,0.69186421,-87.05668085
Hydrogen_Peroxide--Pyridine,0.11807856,2.758351,171.446216,0.0713278,3.064,77.548001,85461,-0.08484782,0.64621517,-40.40897757
Alanine--Dimethyl_Sulfoxide_(DMSO),0.11033908,2.571565,166.827024,0.11817145,3.292,108.477645,78067,-0.05841389,1.14824051,-151.74468735
Sulfuric_Acid--Pyrazine,0.0405116,2.611868,176.801008,0.14700601,4.734,103.880261,73615,-0.06002589,0.67763926,-62.84705234
Ethanol--Propan-2-ol,0.03682952,2.851621,173.732818,0.03665475,2.7,77.673659,77034,-0.05015039,0.50013006,-71.16256427
Chloroacetic_Acid--Cyclohexanone,0.06346387,2.69412,178.005777,0.07687325,4.323,118.402244,76552,-0.05909511,0.67850223,-75.56308649
"Uracil--N,N-Dimethylformamide_(DMF)",0.0421813,2.785409,175.827411,0.05417154,7.952,118.756139,75804,-0.0522113,0.59797913,-84.1859733
Cytosine--2-Picoline,0.03625029,2.776729,175.021854,0.08782887,3.234,146.790218,66201,-0.04080037,0.6282017,-87.25366104
Methanol--Acetophenone,0.03130602,2.830061,168.694898,0.03871047,4.17,114.065967,74476,-0.03805712,0.48326783,-81.14596464
Cyclohexanol--Methyl_Acetate,0.0096364,3.839577,92.138823,0.00918901,3.587,120.961154,71203,-0.04363583,0.57732309,-97.39505877
Cyclohexanol--Cyclohexanone,0.00947757,3.085378,174.124895,0.01034173,5.598,145.868101,75648,-0.03408884,0.41974683,-82.88491641
Histidine--Propan-2-ol,0.04994407,2.803941,156.703952,0.0548465,4.372,144.469945,78142,-0.04260562,0.49770298,-62.05820798
Histidine--Acetic_Acid,0.06589769,2.855806,151.719122,0.1032521,3.631,134.432288,77462,-0.04545974,0.61860936,-93.3841901
Alanine--Propylene_Carbonate,0.01776488,2.904112,164.155853,0.02793082,5.833,113.291255,75965,-0.05157819,0.83536338,-121.73829847
Fructose--Urea,0.05941576,2.731187,176.394632,0.05898833,6.014,136.464861,73535,-0.04411171,0.59414555,-87.90342439
"Methanol--N,N-Dimethylformamide_(DMF)",0.03625741,2.829822,175.732491,0.0386816,5.761,72.76763,73114,-0.03584471,0.65587688,-134.58992277
"Phenol--1,4-Dioxane",0.00919784,2.867009,177.370237,0.02984166,2.167,128.863856,73943,-0.03461868,0.4818268,-94.04853106
Tryptophan--Anisole,0.01438472,2.965227,154.895429,0.01945384,5.049,228.800138,66938,-0.03966472,0.52480298,-69.39567487
Glycine--Formaldehyde,0.0567396,2.784794,170.816486,0.05374074,2.284,62.385836,80505,-0.05411207,0.48976317,-50.77696222
Guanine--Acetaldehyde,0.0365014,2.839278,173.23928,0.04967882,2.517,123.880708,67317,-0.05117705,0.63331765,-92.07761166
Dimethylamine--Acetic_Acid,0.02263251,3.137414,146.304413,0.01027901,0.973,72.474074,78691,-0.04972915,0.58660102,-87.30266138
Propylamine--Carbon_Dioxide,0.0004669,3.411549,161.486283,0.00291421,1.591,68.286743,80380,-0.04026996,0.53532202,-99.37927204
Glycine--Pyrimidine,0.07524227,2.71401,176.161453,0.09453756,2.899,102.366605,77058,-0.05212268,0.54146535,-61.38554935
Pyrrolidine--Trioxane,0.00908513,3.145097,161.298596,0.01016309,1.808,100.845673,74635,-0.04173615,0.48604327,-68.25032607
Ethylamine--Dimethyl_Sulfoxide_(DMSO),0.03234865,2.966778,157.151141,0.02156619,2.754,90.520055,75002,-0.03942088,0.52722299,-69.41772786
Hydroquinone--Phenol,0.0086766,2.872408,161.735354,0.02345651,2.213,149.033618,72093,-0.03464418,0.43924162,-72.82132694
Alanine--Quinoline,0.04417018,2.655916,178.487173,0.12723347,4.261,158.452097,70835,-0.04070303,0.45373392,-58.94514218
Propanoic_Acid--Methyl_Acetate,0.03231098,2.83666,176.256959,0.03798381,2.979,92.593478,78390,-0.04655286,0.5595798,-74.62509345
Sulfuric_Acid--Hexamethylphosphoramide_(HMPA),0.04977717,2.539508,168.821664,0.09858742,7.333,178.057344,76024,-0.04718427,0.56539726,-68.74131801
Urea--Oxime,0.09328849,3.000567,136.222868,0.05905178,5.21,64.44268,92383,-0.05891219,0.65992274,-77.33244557
Cyclohexanol--Ethylene_Carbonate,0.01532919,2.983931,160.441269,0.01517314,5.687,120.983923,73014,-0.04449577,0.47649916,-62.8483027
Thymine--Hexamethylphosphoramide_(HMPA),0.03170791,2.773474,170.351625,0.05028928,7.884,211.969873,66785,-0.03708014,0.40167305,-59.76540868
Pyrrole--Pyrimidine,0.03846249,2.958171,178.72429,0.03761077,4.721,113.293472,80924,-0.06709961,0.71383465,-76.08082869
"Aniline--N,N-Dimethylformamide_(DMF)",0.01361215,2.983848,176.594457,0.02229335,6.108,128.091357,78894,-0.03917489,0.49680441,-69.10144117
Benzyl_Alcohol--Ethyl_Acetate,0.01752607,2.906452,167.603733,0.025298,2.468,142.147628,75830,-0.04137277,0.48439619,-88.84314194
Propanoic_Acid--Tetrahydrofuran_(THF),0.0442251,2.730439,175.230875,0.06665499,1.622,97.674271,77919,-0.03998809,0.47489291,-79.08912343
Pyrrolidine--Ethanol,0.0076141,3.123134,158.990818,0.01224131,3.097,89.055678,75985,-0.03781249,0.38529664,-58.6838101
Cyclohexanol--Urea,0.04681299,2.787545,152.549431,0.03667745,3.942,111.055292,75837,-0.04839786,0.59319412,-86.95520349
Butylamine--Benzaldehyde,0.0028789,3.169078,162.079851,0.01031877,4.438,142.138596,73888,-0.03124641,0.40482717,-72.2755287
Propan-1-ol--2-Picoline,0.02273803,2.842781,173.99242,0.04954108,3.897,119.506139,70653,-0.02952043,0.28731355,-44.8870485
Glycerol--Hexamethylphosphoramide_(HMPA),0.06455022,2.824287,177.711498,0.02909301,6.47,186.82856,70977,-0.0497275,0.47179069,-50.75966006
N-Methylacetamide--Acetophenone,0.0235395,2.945406,163.212782,0.02798516,7.569,143.200806,71981,-0.04145968,0.4109494,-50.68450738
Oxalic_Acid--Dimethyl_Ether,0.07581805,2.697001,175.979037,0.07964705,2.825,74.997309,81855,-0.05644918,0.61857487,-92.39533696
Threonine--Carbon_Dioxide,0.02206748,2.917191,151.338583,0.01835966,2.364,90.846533,86560,-0.05256892,0.68335472,-106.64543887
Formic_Acid--Butan-2-one_(MEK),0.08480822,2.715416,178.253037,0.07087672,3.937,76.323305,78086,-0.05830947,0.76649732,-150.53637089
Methanol--Benzaldehyde,0.01742764,2.879349,170.231626,0.03124218,5.035,102.776861,66540,-0.0325098,0.33959041,-49.39827334
Histidine--Diethyl_Carbonate,0.01605445,3.102637,125.96233,0.00369579,4.173,174.490923,75013,-0.04386866,0.5052623,-76.84171451
Hydroxylamine--Benzophenone,0.02019124,2.99728,160.757299,0.01998909,3.234,162.242606,71210,-0.04280204,0.71137444,-135.99197778
Propan-2-ol--Dimethyl_Sulfoxide_(DMSO),0.015088,2.873199,169.067709,0.02361432,6.088,97.764424,79423,-0.03223773,0.48368826,-84.11498996
Trifluoroethanol--Dimethyl_Sulfoxide_(DMSO),0.08627845,2.6304,171.794877,0.08605793,3.992,89.700997,78179,-0.06268568,0.98845771,-113.63883801
Acetamide--Cyclohexanone,0.02397074,2.878352,163.797967,0.03208954,1.098,110.159657,73574,-0.04410535,0.53759287,-74.10715692
Hydroxylamine--Methanol,0.03303434,3.130825,122.238397,0.01898024,1.401,40.284827,82456,-0.04358033,0.46402557,-66.12956302
"Formamide--N,N-Dimethylformamide_(DMF)",0.05747414,2.823829,169.664153,0.05207625,2.86,78.730476,76929,-0.04631242,0.58549247,-93.82594978
Formic_Acid--Pyrimidine,0.19593121,2.701938,175.418455,0.102401,2.357,82.00436,84231,-0.10166288,0.82105792,-50.90426259
Methylamine--Propylene_Carbonate,0.00824898,3.277391,107.177632,0.01226822,5.264,83.815512,79208,-0.04378513,0.50720249,-73.26174485
Ascorbic_Acid--2-Picoline,0.05323179,2.699539,175.804621,0.09625646,8.823,168.783426,72346,-0.05072992,0.61062783,-79.58972949
Guanine--18-Crown-6,0.01693944,2.834394,167.663706,0.04841606,6.494,263.599135,61800,-0.04177823,0.67791536,-139.22164414
"Pyrrole--1,4-Dioxane",0.01224042,3.003234,179.998147,0.02119094,2.78,111.097881,77424,-0.03529922,0.37216003,-57.94099933
Saccharin--Acetophenone,0.0229228,2.768749,167.898784,0.06342035,1.823,207.744544,76108,-0.04676147,0.51306378,-58.52985503
Piperidine--Urea,0.06311524,2.993169,134.316618,0.06612175,3.171,115.835618,75786,-0.04070764,0.51957254,-79.11554084
Threonine--Hexamethylphosphoramide_(HMPA),0.02977806,2.677778,177.777715,0.06221046,4.202,204.600861,70859,-0.03439642,0.3598123,-53.1971944
Fructose--Propan-2-ol,0.03715622,2.794564,168.914221,0.04709557,5.604,144.51372,71590,-0.0358579,0.41969487,-105.17163481
Thymine--Formaldehyde,0.04274662,2.877861,166.999921,0.04222671,4.014,97.792206,81030,-0.06270279,0.64697326,-66.9425543
"N-Methylacetamide--1,4-Dioxane",0.01310953,3.006742,179.165725,0.02137496,5.037,107.308821,76549,-0.04601226,0.60972848,-105.39258577
Formamide--Dimethyl_Ether,0.04735057,2.933533,170.369476,0.02766592,3.923,61.225746,77571,-0.05485147,0.55939233,-65.95464614
Resorcinol--2-Picoline,0.02273457,2.768028,176.877599,0.07014968,4.816,151.491111,66533,-0.04202156,0.41830613,-54.61390907
"Glycine--1,4-Dioxane",0.03359968,2.753533,177.372212,0.05793846,2.184,100.195465,76095,-0.04300239,0.5013899,-73.13465042
"Tryptophan--N,N-Dimethylformamide_(DMF)",0.01784634,2.922719,179.101984,0.02860731,10.155,195.72071,66301,-0.03828784,0.43677718,-64.86821679
Ammonia--2-Picoline,0.02808802,3.062538,170.563555,0.02415275,2.512,88.654377,74454,-0.04609023,0.46700148,-56.67853272
Hydroxylamine--Acetaldehyde,0.08858707,2.79547,133.60258,0.04099168,2.396,48.776829,81187,-0.06385233,0.64106748,-69.98084492
Tryptophan--Morpholine,0.01122029,2.936103,174.662254,0.02854253,7.171,205.651068,66968,-0.04154091,0.55233482,-88.74215223
Hydroquinone--Acetamide,0.01092746,2.87492,173.946436,0.02488616,5.528,115.720082,76501,-0.03180171,0.33607879,-54.40811672
Serine--Acetophenone,0.02236217,2.717195,176.310966,0.06944813,4.221,152.607129,64976,-0.02907891,0.31293501,-62.28523645
Pyrrolidone--Vinyl_Acetate,0.02391392,2.942343,172.848156,0.02555012,3.096,114.437701,80468,-0.04279454,0.49048485,-70.54588447
Methanol--Dimethyl_Ether,0.03228462,2.902814,172.235728,0.02461366,3.535,55.16387,80662,-0.05060651,0.84129256,-186.14583268
Glutamic_Acid--Benzaldehyde,0.03573736,2.723849,174.72278,0.06960462,4.852,165.937312,76056,-0.04194426,0.49660953,-66.16032204
Butan-1-ol--Anisole,0.016042,2.919283,167.390333,0.02307439,3.182,140.846165,65419,-0.02745495,0.32569612,-56.09467519
Formic_Acid--Dimethyl_Sulfoxide_(DMSO),0.10955101,2.5682,166.316494,0.12277347,3.483,76.434965,77550,-0.06034679,0.62188685,-54.67599667
Propanoic_Acid--Benzaldehyde,0.02511252,2.731046,174.226072,0.06766813,3.087,127.33702,66522,-0.03637504,0.65419108,-121.1895042
Cysteine--2-Picoline,0.01589923,2.633835,178.865269,0.14477703,2.928,149.593274,72740,-0.0374034,0.50984853,-72.08326318
Piperidine--Valerolactone,0.00382247,3.128157,162.027196,0.01075966,5.739,132.488124,77573,-0.02664085,0.41409662,-94.09034747
Salicylic_Acid--Diethyl_Ether,0.02481112,2.737532,179.022761,0.06334031,1.327,146.912482,65974,-0.03694953,0.39581751,-58.91393469
Hydrazine--Propan-2-ol,0.01948124,3.065468,165.604246,0.01871718,0.711,67.665212,79186,-0.03945785,0.45106142,-76.92184395
Propylamine--Dimethyl_Sulfoxide_(DMSO),0.02612288,2.965153,157.485099,0.02212191,2.766,102.177238,75448,-0.0435537,0.56696535,-87.39464277
Diethanolamine--Acetaldehyde,0.0320344,2.945469,170.24834,0.02401917,4.998,100.573445,78595,-0.04937584,0.48733214,-57.45960048
Histidine--Valerolactone,0.01584107,3.056565,152.412006,0.01268764,9.47,152.781527,70145,-0.04704084,0.64957619,-97.35994391
Oxalic_Acid--Morpholine,0.05751698,2.694649,176.155441,0.07471087,4.865,102.574992,79083,-0.0532121,0.50665002,-56.74081305
Barbituric_Acid--Dimethyl_Sulfoxide_(DMSO),0.11059219,2.645613,160.733381,0.09903453,5.062,123.153433,73447,-0.06927156,0.65844126,-52.52138981
Formamide--Ethyl_Acetate,0.04093366,2.978408,171.745866,0.02630352,5.537,85.619213,75932,-0.05956985,0.71749863,-105.36776731
Butanoic_Acid--18-Crown-6,0.01541326,2.774176,167.665403,0.0519246,5.47,227.554224,67028,-0.03409313,0.50624537,-92.0929867
Dimethylamine--Gamma-Butyrolactone_(GBL),0.00378125,3.222649,164.7571,0.006961,5.993,90.955611,78509,-0.0480446,0.5028215,-61.87904699
Cysteine--Methanol,0.06144825,2.666615,156.523839,0.07695219,1.355,96.601628,83934,-0.04862248,0.79217727,-153.17866771
Ethylene_Glycol--Phenol,0.00243644,2.887681,154.876487,0.01865759,3.05,110.137834,76109,-0.05295975,0.58518264,-78.0146933
Ammonia--18-Crown-6,0.01658541,3.139578,171.729689,0.01303712,3.481,183.688542,75431,-0.03781957,0.48282382,-66.67737982
Phenol--Trioxane,0.01232255,2.907304,174.91598,0.02368773,3.027,117.171955,74945,-0.03905475,0.49148226,-76.23224455
N-Methylacetamide--Hexamethylphosphoramide_(HMPA),0.04292668,2.925318,177.01631,0.02434891,9.3,183.679551,72435,-0.04234985,0.5041493,-80.3021923
Diethanolamine--Formaldehyde,0.02600332,2.990973,167.343963,0.0188606,4.94,89.193548,77921,-0.04979357,0.49752575,-77.22563813
Lactic_Acid--Hexamethylphosphoramide_(HMPA),0.0550634,2.653461,178.04288,0.0708915,6.371,183.832523,71259,-0.04112373,0.48983595,-86.30269688
Glycine--Acetamide,0.10501074,2.63116,179.245598,0.10976508,4.123,82.720492,69962,-0.05048969,0.52642836,-59.79739599
Ethylamine--Propylene_Carbonate,0.00892343,3.220409,122.307081,0.00189996,4.921,95.410279,76769,-0.04797944,0.56214344,-75.71227404
N-Methylformamide--Phenol,0.01198028,3.014003,169.640776,0.02039964,6.074,111.731104,74061,-0.04466749,0.51933367,-62.89765222
Serine--Urea,0.04780238,2.62045,178.506069,0.11403349,3.648,96.729937,77886,-0.03561243,0.43428642,-73.56568562
Glutamic_Acid--Ethanol,0.03806952,2.741155,173.75476,0.06058166,3.244,117.88372,81988,-0.04649637,0.73383226,-112.8781914
N-Methylacetamide--Pyrimidine,0.02837646,2.930704,176.690167,0.04207903,6.715,109.500633,75110,-0.04605614,0.58328008,-77.19348851
Citric_Acid--18-Crown-6,0.01300628,2.72116,162.726682,0.06262023,5.109,268.255619,58181,-0.03496851,0.46943585,-96.61753999
Glucose--Urea,0.03151921,2.739319,167.791942,0.05599669,3.535,134.924793,76275,-0.04061784,0.65163363,-130.59351358
Hydroxylamine--Dimethyl_Ether,0.01507072,3.062647,167.094275,0.01862025,1.582,52.194025,80327,-0.04174272,0.49724979,-83.94590508
Glycerol--Propan-2-ol,0.02454564,2.844066,165.573747,0.03317988,2.52,98.684317,78733,-0.03548948,0.50488554,-109.14651973
Aniline--Acetone,0.01809626,3.008489,157.444414,0.01974328,3.418,118.267314,73970,-0.0402727,0.49466761,-78.67568234
"Indole--1,4-Dioxane",0.01027808,2.993617,179.748427,0.02212632,2.998,151.022129,70375,-0.04826405,0.63547987,-74.81743548
Butan-2-ol--Methanol,0.02943179,2.884262,175.095542,0.03170507,2.49,77.885003,77382,-0.03686357,0.40631077,-67.31647728
Butanoic_Acid--2-Picoline,0.05626487,2.673074,175.982179,0.11594907,2.913,132.571797,68442,-0.0371025,0.45826289,-65.2015118
"Oxalic_Acid--N,N-Dimethylacetamide_(DMAc)",0.05566361,2.623963,175.986855,0.10742174,6.322,103.922955,77379,-0.05601764,0.5989849,-68.09308327
Propan-2-ol--Acetaldehyde,0.01320834,2.925721,176.820634,0.02616228,3.837,74.768899,78181,-0.02618452,0.44492853,-126.60255588
Glycine--Propan-2-ol,0.06448939,2.675578,157.626022,0.07444863,2.001,88.312816,81210,-0.04553132,0.56793845,-86.5093135
Acetic_Acid--Benzophenone,0.01736595,2.738859,173.914854,0.05150067,3.137,178.182744,66077,-0.04320997,0.48011685,-57.47002704
Formamide--Acetaldehyde,0.05062766,2.890754,166.054701,0.03835055,1.7,57.67716,80374,-0.05231566,0.57115091,-72.51438811
Imidazole--Propan-2-ol,0.01976886,2.936632,173.196154,0.02683215,6.532,94.314404,81546,-0.0321373,0.41711767,-103.33477799
Propanoic_Acid--Acetone,0.04541924,2.721531,175.891489,0.06728758,2.35,87.606789,78038,-0.03856442,0.53209007,-90.4752368
Cytosine--Methyl_Acetate,0.02091997,2.97571,169.785513,0.02654561,2.989,118.515066,74408,-0.04406384,0.49483225,-65.20316582
Propylamine--Butan-2-one_(MEK),0.01124342,3.065041,152.030775,0.01388857,2.374,102.279535,78682,-0.03023056,0.32259172,-55.96748225
Phenol--Gamma-Butyrolactone_(GBL),0.00508781,2.901472,177.702702,0.02158532,7.483,125.286532,70424,-0.03015262,0.4667036,-89.92553085
Butylamine--Acetophenone,0.01202028,3.078623,158.843741,0.01533557,2.729,153.394986,68685,-0.02835337,0.30962606,-61.7926602
Resorcinol--Phenol,0.01295145,2.88848,179.218767,0.02876439,3.825,149.072095,67496,-0.03834641,0.42475282,-65.94984733
Benzoic_Acid--Pyrimidine,0.10871119,2.728471,178.301663,0.08733677,3.692,144.329729,79635,-0.11178685,0.9407968,-57.53832337
Ethylene_Glycol--Vinyl_Acetate,0.01665458,2.884665,166.635358,0.02462309,5.547,95.083902,82098,-0.04344729,0.81678332,-175.53980053
Indole--Phenol,0.00975321,3.021637,165.911186,0.01840278,4.18,166.720693,69458,-0.04489497,0.50589587,-58.77440881
Imidazole--Methanol,0.02922985,2.968638,174.094789,0.02387937,6.305,71.301453,87493,-0.05035933,0.5908585,-79.64119576
"Formamide--1,4-Dioxane",0.03970916,2.913558,169.561711,0.03327463,4.225,84.194635,78343,-0.0480291,0.49127559,-58.86134535
Guanine--Vinyl_Acetate,0.01952828,2.876699,177.404516,0.03253284,2.369,151.119257,74280,-0.04507724,0.43958304,-49.37977015
Piperidine--Isoquinoline,0.00719647,3.077372,175.630573,0.02290944,3.809,182.793672,63989,-0.02770251,0.30353833,-53.67497245
Ascorbic_Acid--Benzophenone,0.01369212,2.723626,171.71636,0.06041265,9.508,237.623539,68523,-0.03698512,0.42443539,-77.36356107
Histidine--Pyruvic_Acid,0.02277422,3.001125,145.300306,0.0140054,5.22,148.063947,71753,-0.03783522,0.41094767,-63.89610458
N-Methylformamide--Oxime,0.01903711,3.022407,160.66112,0.01788712,4.854,67.320959,79090,-0.03989958,0.58480667,-157.22493911
Histidine--Trioxane,0.02122201,3.033502,172.281352,0.02041973,5.739,144.738826,71479,-0.05571864,0.58152706,-66.11123648
Cyclohexanol--Gamma-Butyrolactone_(GBL),0.00941739,3.103788,174.065234,0.00919057,6.931,127.531349,73246,-0.03857573,0.50262954,-74.7134547
Serine--Oxime,0.03763239,2.764391,151.379415,0.03988782,2.936,88.104714,77861,-0.0352944,0.40864745,-83.46380127
Hydrazine--Acetamide,0.08639728,2.968592,157.467626,0.05681314,3.366,62.082913,74156,-0.04816785,0.53340586,-79.98442081
Methylamine--18-Crown-6,0.01624531,3.141167,158.643644,0.01135804,4.889,195.75661,74560,-0.04075519,0.47340373,-82.66381251
Propanoic_Acid--Dimethyl_Sulfoxide_(DMSO),0.09023054,2.62138,179.780128,0.09771356,2.597,99.220026,78178,-0.04548748,0.5389614,-70.2748972
Salicylic_Acid--Propylene_Carbonate,0.03828803,2.740046,159.804158,0.04254921,6.075,148.273743,73863,-0.0579209,0.52835689,-53.51475817
Barbituric_Acid--Methyl_Acetate,0.02156455,2.878487,173.072096,0.04114133,2.399,116.466559,72587,-0.05336958,0.5889146,-61.60225867
Chloroacetic_Acid--Ethyl_Acetate,0.03081495,2.791717,178.805339,0.04805548,2.273,105.144991,76662,-0.05586349,0.60981105,-58.79063919
Serine--Ethylene_Carbonate,0.03510976,2.738395,159.187283,0.04443747,3.92,106.647025,83348,-0.04783999,0.5213637,-60.56109579
Thymine--Isoquinoline,0.0548236,2.734779,175.256252,0.10383937,7.531,182.271979,72636,-0.04836114,0.46348738,-47.82373484
Indole--Phosphate_Ion,0.1788572,2.711961,139.49313,0.04855326,11.574,136.004586,79046,-0.09073085,1.6854225,-196.53526362
Barbituric_Acid--Acetone,0.05150006,2.784375,176.519536,0.06720863,4.261,111.44593,72673,-0.05878569,0.65004576,-75.54058154
Piperidine--Pyrazine,0.00512095,3.104535,173.074771,0.02041623,1.307,138.288864,72848,-0.03135746,0.32453069,-50.9339752
Hydrazine--Propylene_Carbonate,0.01509388,3.116862,129.90285,0.00464017,4.002,81.012476,80596,-0.04846802,0.62849226,-108.89410162
Saccharin--Trioxane,0.02596623,2.845428,176.523553,0.04150663,3.697,160.137194,77226,-0.06404966,0.88904761,-160.74848947
Glycerol--Isoquinoline,0.0265205,2.806398,176.25626,0.05823639,2.882,157.330334,68095,-0.03820725,0.37967784,-56.53335518
N-Methylformamide--Hexamethylphosphoramide_(HMPA),0.03707609,2.878986,175.660452,0.02915505,9.407,172.411963,72436,-0.04347782,0.6843272,-150.66544991
N-Methylacetamide--Diethyl_Carbonate,0.01731539,3.301743,132.81119,0.00837361,4.028,125.286454,78177,-0.03606745,0.39924786,-70.43930891
Hydroxylamine--Phenol,0.00903205,3.104012,167.317675,0.01415413,1.5,90.941326,72552,-0.03578378,0.39260963,-62.6069568
Guanine--2-Picoline,0.04539324,2.742653,173.797841,0.09807255,2.512,168.571903,66536,-0.04411588,0.54798194,-59.5178356
"N-Methylacetamide--N,N-Dimethylformamide_(DMF)",0.02632806,2.958423,179.006813,0.02721454,9.655,101.922434,77544,-0.04061733,0.4956954,-80.12886599
Methanol--Phosphate_Ion,0.21528232,2.510885,161.223573,0.14119272,5.998,63.942511,85822,-0.09648088,1.09625865,-109.8994034
"Ethylamine--1,4-Dioxane",0.0087242,3.171081,170.339104,0.00946777,1.577,94.118753,73666,-0.03525835,0.44479552,-98.99273259
"Cyclohexanol--1,4-Dioxane",0.01688869,2.897315,155.710179,0.02214567,2.04,131.008757,74659,-0.04866489,0.78334602,-136.0085678
Glucose--Propan-1-ol,0.04383047,2.770537,170.155426,0.05426872,6.156,143.123593,77467,-0.03883033,0.41730636,-63.50218771
Pyrrolidine--Hexamethylphosphoramide_(HMPA),0.03173158,3.159367,153.614911,0.00773708,5.515,189.042997,71685,-0.04444788,0.4683407,-62.30800522
Sulfuric_Acid--Acetic_Acid,0.13619904,2.573745,168.116425,0.11328722,4.149,80.084936,84099,-0.06365275,1.10474448,-188.35072056
Hydroquinone--Morpholine,0.0133697,2.850665,169.756507,0.03132363,3.577,137.819764,74354,-0.03519912,0.4874577,-109.56500997
Phenol--Morpholine,0.01216328,2.825671,172.078847,0.03852897,4.601,133.381077,73174,-0.03327476,0.37051271,-60.76499477
Formic_Acid--Hexamethylphosphoramide_(HMPA),0.06982689,2.665999,178.527888,0.06619097,4.978,156.244475,68716,-0.05048566,0.56034409,-66.08804753
Resorcinol--Formaldehyde,0.02503481,2.900033,171.42202,0.02919304,3.483,95.518161,79237,-0.05390605,0.57558531,-82.12257758
Pyrrolidine--Morpholine,0.01094613,3.133915,158.999471,0.01082749,3.914,117.15173,74703,-0.04340831,0.45869277,-64.77582497
Hydrazine--Anisole,0.01644089,3.163814,150.86677,0.0078476,1.582,107.394991,70800,-0.03649844,0.48728794,-79.86913385
Aniline--Acetic_Acid,0.06304222,2.91988,127.794001,0.07857473,1.245,111.342593,71992,-0.0485746,0.49418678,-60.05944061
Aspartic_Acid--N-Methyl-2-pyrrolidone_(NMP),0.04423859,2.638894,176.237433,0.09297103,5.203,142.326033,71636,-0.03462289,0.35839881,-60.19374718
N-Methylformamide--Gamma-Butyrolactone_(GBL),0.01171596,2.998681,178.284616,0.01857165,9.636,92.411344,70509,-0.03927215,0.60289921,-109.43163894
Hydrogen_Peroxide--Vinyl_Acetate,0.02961081,2.802123,168.951091,0.04361922,2.583,71.555061,76175,-0.045279,0.51619516,-71.55559821
Acetamide--Methanol,0.03812201,2.964001,172.062347,0.02321862,3.648,60.454211,78525,-0.06727697,0.81473377,-131.16238315
Adenine--Dimethyl_Sulfoxide_(DMSO),0.03742648,2.776147,176.810874,0.05509592,11.535,133.382395,79235,-0.04574325,0.51966148,-60.03204546
Threonine--Dimethyl_Ether,0.02972799,2.735412,171.191946,0.06742177,1.607,105.144022,82030,-0.03711007,0.49661231,-112.55000573
"Propylamine--N,N-Dimethylacetamide_(DMAc)",0.01938996,3.052344,170.078992,0.0175914,4.36,111.694871,72829,-0.02918007,0.4172238,-105.21897591
Butan-2-ol--Propan-1-ol,0.02133023,2.899408,162.923992,0.02331965,3.465,101.135195,78783,-0.03242481,0.35456335,-66.59700074
Propan-2-ol--Propylene_Carbonate,0.00495458,3.026397,169.885918,0.01403527,5.395,102.594817,77753,-0.03455796,0.46361984,-81.39491872
Propan-1-ol--Dimethyl_Sulfoxide_(DMSO),0.02757726,2.820251,172.897666,0.03663776,5.538,97.831048,76070,-0.03442292,0.4393162,-74.63520325
Citric_Acid--Oxime,0.03074295,2.752694,152.295075,0.04204446,2.494,126.573432,73803,-0.03999091,0.57990142,-89.13507071
Barbituric_Acid--Dimethyl_Ether,0.0577038,2.788022,177.21907,0.05642932,2.53,103.581638,78325,-0.07455107,0.85024441,-77.92047649
Formic_Acid--Ethylene_Carbonate,0.02855308,2.909531,158.435194,0.02544266,4.356,69.768663,75275,-0.06890239,0.67824892,-61.68372539
Adenine--Butan-2-one_(MEK),0.026624,2.895632,179.080926,0.02938883,10.611,133.379864,78572,-0.04992441,0.62099183,-70.2176866
Alanine--Diethyl_Carbonate,0.01571508,2.841819,167.674105,0.03563911,2.502,129.970017,78806,-0.03576653,0.40954392,-69.18666415
"Butan-1-ol--N,N-Dimethylacetamide_(DMAc)",0.02554616,2.787942,168.390537,0.04510928,5.456,119.044448,69949,-0.02995397,0.38086926,-66.78313846
Threonine--Tetrahydrofuran_(THF),0.03522154,2.713495,173.688706,0.07274955,1.663,123.108875,76521,-0.03893831,0.54187557,-84.31896242
"Sulfuric_Acid--N,N-Dimethylacetamide_(DMAc)",0.0538977,2.497003,162.172517,0.13272608,4.728,107.586594,79231,-0.06401286,0.70072006,-81.2621172
"Ascorbic_Acid--N,N-Dimethylacetamide_(DMAc)",0.03317805,2.75376,171.743864,0.04170343,10.711,156.489729,71522,-0.04901918,0.70907414,-124.38293754
Ammonia--Pyruvic_Acid,0.02386956,3.157666,142.759712,0.01268523,1.346,62.042253,78403,-0.05268945,0.5404409,-64.9074555
Hydroquinone--Carbon_Dioxide,0.00867751,3.125546,177.422763,0.00851735,0.519,95.865095,85892,-0.04354051,0.46876589,-59.9108092
Propan-2-ol--Morpholine,0.01008455,2.917703,163.294183,0.02042205,4.031,105.815398,77068,-0.02967706,0.46841941,-154.10428363
Sulfuric_Acid--Acetamide,0.10220035,2.535397,175.869542,0.160768,5.689,84.31897,73624,-0.06595276,0.73178476,-69.56935472
Ascorbic_Acid--Phenol,0.02138617,2.794161,165.327777,0.04040318,5.064,166.414186,67061,-0.04491432,0.50517197,-63.14201241
Barbituric_Acid--Propan-2-ol,0.06013053,2.732111,152.433676,0.0659666,2.706,114.683275,77129,-0.05467786,0.7375351,-111.64130587
Butylamine--Phenol,0.00429753,3.190409,166.127893,0.00949588,2.285,133.235282,73947,-0.03537321,0.46439086,-71.3034806
N-Methylacetamide--Sulfate_Ion,0.39193923,2.899514,157.302374,0.09690249,3.112,91.648378,75298,-0.07030213,0.93815898,-83.5797067
Tryptophan--Butan-2-one_(MEK),0.00912682,2.976045,179.353121,0.02076619,8.555,197.561182,63829,-0.03858316,0.45683694,-70.7647831
Acetamide--Formaldehyde,0.05762471,2.964892,164.61608,0.02765603,2.019,57.594919,80899,-0.0680874,0.67639488,-77.26626001
Cyclohexanol--Phosphate_Ion,0.28093205,2.626423,159.7775,0.1680444,8.436,115.750383,72050,-0.08155205,0.83617141,-77.88099407
Adenine--Pyridine,0.08960071,2.793642,179.594162,0.07770383,10.0,143.60317,78995,-0.07050583,0.64012362,-49.94469015
"Hydroquinone--N,N-Dimethylformamide_(DMF)",0.01617513,2.793627,174.194161,0.04534344,6.39,127.855337,70118,-0.03519447,0.75853191,-153.40974873
Pyrrolidone--Phosphate_Ion,0.19863189,2.577245,152.369084,0.08537759,9.218,99.250388,74869,-0.08581734,0.97963823,-79.97462
Aniline--Morpholine,0.00785338,3.034601,174.216688,0.01935558,3.837,138.019745,76393,-0.03197381,0.38883417,-65.89694719
Tryptophan--Ethyl_Acetate,0.01508787,3.015974,165.344836,0.01914247,2.681,202.493033,65894,-0.04330807,0.59935862,-87.98087258
Citric_Acid--Pyridine,0.03357195,2.670453,178.637721,0.11846399,4.162,161.737043,70308,-0.03464659,0.45497554,-101.5198808
Propylamine--Tetrahydrofuran_(THF),0.01355882,3.136838,168.33992,0.0131052,2.19,100.727124,75884,-0.03549333,0.46276063,-86.6658999
Butan-2-ol--2-Picoline,0.02699517,2.849609,175.286912,0.04783784,3.919,131.093661,74933,-0.0397272,0.48881846,-75.47988644
Formic_Acid--Benzaldehyde,0.07016744,2.708202,173.33127,0.07654314,4.276,104.429709,80379,-0.06267201,0.59616254,-59.46397267
Imidazole--Gamma-Butyrolactone_(GBL),0.01027554,2.973135,172.15544,0.02051217,9.634,102.684832,77717,-0.03825534,0.43863078,-67.91659557
Aspartic_Acid--Dimethyl_Sulfoxide_(DMSO),0.0518854,2.556723,167.401129,0.12789022,4.392,126.473661,78856,-0.04338836,0.56697843,-92.26013302
Lactic_Acid--Acetic_Acid,0.09859557,2.643008,173.549221,0.09824682,2.479,85.620253,77434,-0.04144374,0.4029158,-52.05609267
"Tryptophan--1,4-Dioxane",0.01141596,2.96545,179.714812,0.02444416,4.735,201.094847,65275,-0.04655231,0.51963384,-64.90203809
Imidazole--Hexamethylphosphoramide_(HMPA),0.03655731,2.866776,176.762892,0.02977565,9.061,182.691721,72947,-0.03320979,0.43155846,-67.01651001
"Pyrrolidone--1,4-Dioxane",0.01901181,2.936479,165.333567,0.02733312,4.405,113.761715,72253,-0.04779047,0.60931908,-77.38400035
Imidazole--Acetamide,0.0116117,2.936433,178.164959,0.02380726,9.278,88.725391,80847,-0.03236954,0.44796084,-99.86476265
Cytosine--Oxime,0.04690485,2.866919,138.074957,0.05728849,1.779,100.060798,77896,-0.06987399,0.64616609,-52.80119209
Propan-1-ol--Quinoline,0.02159836,2.850037,170.200483,0.04688938,4.187,147.979742,68056,-0.03571154,0.38278811,-58.29760111
Methylamine--Benzophenone,0.01446692,3.034368,157.317728,0.01620285,2.545,169.586154,69681,-0.03421352,0.39112371,-66.55905212
Piperidine--Phenol,0.00145794,3.115929,154.518053,0.00858254,1.097,151.81608,68573,-0.02711768,0.46300366,-139.17251563
Glycerol--Gamma-Butyrolactone_(GBL),0.04423911,2.856026,166.644284,0.02789382,4.968,106.923955,77926,-0.05022186,0.85306393,-132.84282872
Aniline--Phosphate_Ion,0.23985187,2.692083,141.614141,0.05891531,8.547,118.515874,74668,-0.09179239,0.81677874,-61.34865227
Resorcinol--Acetamide,0.03820925,2.711302,159.708526,0.05982753,3.765,115.751408,70097,-0.04614525,0.82689949,-127.31385773
Propylamine--N-Methyl-2-pyrrolidone_(NMP),0.0155174,3.141397,152.801912,0.00983813,3.521,118.24637,75300,-0.04046489,0.47327474,-82.40329413
Propan-2-ol--Pyruvic_Acid,0.01337749,2.894695,163.679024,0.02707247,2.18,92.81294,77093,-0.03508976,0.89120011,-171.84960645
Cyclohexanol--Benzophenone,0.02065201,2.909412,162.631685,0.02171947,4.536,218.181971,67435,-0.04001361,0.48386794,-79.88733929
Phenol--Propan-1-ol,0.01393095,2.816388,174.73756,0.04121315,3.965,117.062158,76209,-0.02974304,0.44878503,-110.9658374
Cytosine--Propylene_Carbonate,0.00846774,2.958634,146.563646,0.01708347,8.246,130.095618,68662,-0.04637688,0.47269994,-53.05086875
Oxalic_Acid--Pyrimidine,0.08755315,2.660447,175.654467,0.1264301,3.245,100.170741,77353,-0.0770231,0.80273742,-92.24407218
"Hydroxylamine--N,N-Dimethylformamide_(DMF)",0.00696252,3.094217,167.285444,0.01326314,5.613,69.822335,82220,-0.03076121,0.43706573,-90.02308925
Butan-2-ol--Gamma-Butyrolactone_(GBL),0.01777497,2.863959,166.644623,0.03087781,3.965,109.227062,76284,-0.04046122,0.47477139,-73.91224697
Propan-2-ol--Propan-2-ol,0.02192873,2.860614,174.09982,0.03500784,2.58,89.239877,76813,-0.03186217,0.50199265,-112.56405618
Hydrogen_Peroxide--Pyrazine,0.08624626,2.787769,168.474947,0.06047875,0.781,73.044543,84041,-0.07206793,0.75892366,-72.44738724
Thymine--Butan-2-one_(MEK),0.03446074,2.802367,175.867337,0.05921562,6.356,132.109899,73438,-0.0397167,0.65490071,-151.77616965
Propan-2-ol--Urea,0.04127754,2.762339,159.867185,0.04615901,3.952,81.230691,77977,-0.03422803,0.45769038,-96.88779601
"Dimethylamine--N,N-Dimethylacetamide_(DMAc)",0.03871702,3.037466,154.770642,0.01716817,4.052,100.469051,71497,-0.04422203,0.52400812,-79.97700052
Glutamic_Acid--Morpholine,0.03844534,2.735062,176.455561,0.06167327,3.809,145.922861,79249,-0.04182206,0.56405717,-103.3233179
"Citric_Acid--N,N-Dimethylformamide_(DMF)",0.03359104,2.656399,171.738164,0.08780096,4.495,149.65611,70716,-0.03214092,0.40228858,-72.32369585
Serine--Trioxane,0.02215516,2.756518,167.054338,0.05594556,1.282,104.918416,81804,-0.03768863,0.41282763,-66.5935813
Hydrogen_Peroxide--2-Picoline,0.08954426,2.749858,178.213827,0.07802468,2.752,88.996451,76940,-0.0675453,0.58600754,-48.69030553
Ascorbic_Acid--Methyl_Acetate,0.02197316,2.927491,166.717374,0.02165463,5.149,140.554741,76922,-0.05105199,0.5185329,-65.0421066
Alanine--Acetamide,0.05899108,2.691533,175.088207,0.0753474,4.266,94.333105,74592,-0.05010383,0.67186794,-109.68103374
Saccharin--Anisole,0.02552332,2.791897,163.290321,0.05038384,2.509,199.510749,72906,-0.05836138,0.5714173,-48.29140623
"Ascorbic_Acid--N,N-Dimethylformamide_(DMF)",0.03014466,2.771371,169.943666,0.04390847,9.081,145.188976,73690,-0.04470602,0.55900728,-76.53683196
Butanoic_Acid--Ethylene_Carbonate,0.01148425,2.929182,160.65892,0.02363493,4.444,104.308291,75157,-0.03668222,0.35807081,-52.37162347
Salicylic_Acid--Anisole,0.01739072,2.799419,170.473543,0.04692904,1.925,174.545162,69783,-0.03512911,0.46467052,-98.02436062
Histidine--Diethyl_Ether,0.0251862,2.980364,167.752711,0.02286252,5.66,156.552984,72369,-0.05431977,0.53568806,-66.16323938
Butan-2-ol--Anisole,0.01515806,2.96326,170.959001,0.01916126,2.572,140.628598,71873,-0.04141054,0.57723073,-96.71380709
Benzyl_Alcohol--Methyl_Acetate,0.01326763,2.941297,169.433315,0.0213017,0.999,130.590652,73859,-0.04026138,0.67143238,-156.07656119
"Hydrazine--N,N-Dimethylacetamide_(DMAc)",0.04722612,3.054814,153.267104,0.01406434,3.677,85.560376,79152,-0.04304833,0.49954419,-74.37498505
N-Methylacetamide--Tetrahydrofuran_(THF),0.00903356,2.989209,179.059801,0.02349278,7.088,102.249636,77128,-0.04222967,0.51281625,-84.29603487
Propylamine--Methyl_Acetate,0.00888063,3.238864,128.450312,0.0089351,3.15,95.57357,74404,-0.0369891,0.48049659,-90.3589602
Hydrazine--18-Crown-6,0.01339674,3.189961,149.449137,0.00742849,4.695,192.858712,67659,-0.03648849,0.40167639,-55.03813923
Butan-2-ol--Vinyl_Acetate,0.02869926,2.879245,165.44072,0.02869989,2.587,113.524171,77227,-0.04165402,0.5870641,-108.14460695
"Lactic_Acid--N,N-Dimethylacetamide_(DMAc)",0.0778775,2.614823,168.739853,0.095189,5.212,113.382309,79535,-0.04534258,0.56153136,-92.81856395
Catechol--Trioxane,0.01225929,2.870881,175.197033,0.03213651,1.289,121.670179,72559,-0.04154847,0.51411531,-94.12518709
Barbituric_Acid--Pyrimidine,0.09338312,2.718436,175.694053,0.11477473,3.544,128.716386,78445,-0.08040265,1.07541898,-92.59426032
Lactic_Acid--Dimethyl_Sulfoxide_(DMSO),0.06921099,2.561503,166.971263,0.12663478,4.324,104.027197,78753,-0.05020703,0.69044035,-86.93285058
Lactic_Acid--Methyl_Acetate,0.02761327,2.817613,174.187911,0.04265819,3.295,97.327097,80294,-0.0393153,0.48567564,-75.18793943
Citric_Acid--Carbon_Dioxide,0.0171425,2.897688,152.183853,0.01993177,2.272,117.760841,78478,-0.0475505,0.56109217,-77.34648847
Resorcinol--Acetaldehyde,0.01580679,2.869175,175.181745,0.03307715,5.22,106.865749,80294,-0.04977482,0.72250566,-102.35535207
Chloroacetic_Acid--Formaldehyde,0.09833275,2.753736,170.530648,0.06125028,2.402,65.871677,81269,-0.09789925,0.97777648,-65.67135737
Phenol--Propan-2-ol,0.01970666,2.800796,174.125235,0.04571164,3.789,116.845972,73983,-0.03347086,0.76280205,-151.65640889
Acetic_Acid--Methyl_Acetate,0.03220398,2.84356,172.864312,0.03750812,3.515,80.931293,77155,-0.05935857,0.59626047,-67.33235753
Ammonia--Diethyl_Ether,0.02006957,3.125592,167.007809,0.01187114,3.119,70.645662,75901,-0.03749965,0.56313408,-126.63797849
Cytosine--Gamma-Butyrolactone_(GBL),0.02864134,2.833825,155.69175,0.0344064,3.206,125.010881,73030,-0.05034124,0.72147273,-98.36034689
Pyrrolidine--18-Crown-6,0.0113228,3.134127,169.015698,0.01325499,2.538,225.742142,68933,-0.03620542,0.49614464,-104.1649821
Ammonia--Benzaldehyde,0.00697988,3.145151,170.893822,0.01263605,3.402,95.10386,74511,-0.03366724,0.81278131,-180.15516961
Propylamine--Ethyl_Acetate,0.01440758,3.208389,160.840266,0.00848716,2.343,107.170493,73353,-0.03698632,0.54408822,-125.52889714
Methylamine--Acetamide,0.08645969,3.013133,135.741307,0.05625963,3.002,64.90058,77557,-0.04181511,0.5111591,-86.36034829
Histidine--Benzaldehyde,0.00798031,2.931974,170.050351,0.03158997,6.727,181.027869,69265,-0.03706699,0.42824846,-71.58151574
Serine--Acetic_Acid,0.07288324,2.653192,174.019131,0.09386492,1.397,94.847557,71846,-0.03444973,0.43451077,-72.39605804
Acetic_Acid--Diethyl_Carbonate,0.03660103,2.846689,170.460371,0.03655721,1.972,109.182324,79106,-0.05194436,0.81823232,-125.92312495
Glycerol--Dimethyl_Sulfoxide_(DMSO),0.071131,2.741219,157.230092,0.04303493,5.793,107.050611,79732,-0.04664783,0.5318044,-75.70765239
Diethanolamine--Propan-2-ol,0.03359534,2.86502,171.438233,0.03426483,4.931,115.025463,76107,-0.05180606,0.59750865,-111.77369162
"Phenol--N,N-Dimethylformamide_(DMF)",0.02017472,2.781302,170.770891,0.0472556,7.078,123.467352,70187,-0.02684959,0.30758634,-71.49261307
Threonine--Urea,0.06610143,2.620514,177.011162,0.11459353,3.763,108.280133,77571,-0.03782423,0.49581733,-79.80812251
Resorcinol--Dimethyl_Sulfoxide_(DMSO),0.03347586,2.757985,171.108519,0.04808471,6.627,129.820447,72547,-0.05509488,2.48553735,-235.35222002
Tryptophan--Diethyl_Ether,0.00783545,2.941326,179.490579,0.02760768,6.482,201.224684,68019,-0.04028594,0.44554656,-69.5172209
Propan-1-ol--18-Crown-6,0.01952662,2.904072,169.99506,0.02426711,3.818,214.533195,71317,-0.0365523,0.34182295,-52.13195982
Glycine--Phenol,0.02392693,2.790096,168.915937,0.04374863,3.545,115.979633,73217,-0.0459476,0.52206542,-74.64047695
Butan-1-ol--Ethanol,0.00745509,2.881194,165.029576,0.0241829,3.716,89.651551,73950,-0.02790401,0.36019647,-77.68956479
Citric_Acid--2-Picoline,0.02291694,2.662906,168.430337,0.11772443,4.137,173.205707,71429,-0.03393443,0.3992836,-60.66828041
Hydrogen_Peroxide--Quinoline,0.06408892,2.739214,173.2159,0.07877538,3.086,117.462727,79086,-0.05892095,0.55691022,-53.55933164
Trifluoroethanol--Pyrazine,0.04521183,2.7719,172.447828,0.06812241,3.163,95.448937,76862,-0.05013416,0.62949114,-89.88893814
"Butylamine--N,N-Dimethylformamide_(DMF)",0.01250834,3.006751,151.589777,0.01575583,3.452,112.100311,79149,-0.02907358,0.34578562,-80.91171994
Glycine--Dimethyl_Ether,0.03954598,2.76463,176.86657,0.05031976,3.333,77.225355,76161,-0.04360437,0.43686434,-60.15938723
Piperidine--Carbon_Dioxide,0.00315934,3.419778,172.684684,0.00305686,1.076,98.603201,78913,-0.03656114,0.5441377,-111.47514442
Urea--Anisole,0.02546248,2.993981,171.437836,0.02318094,4.934,120.728095,77986,-0.04870089,0.48018608,-51.94608403
Resorcinol--Pyrimidine,0.02066591,2.839492,171.164256,0.04898252,4.584,135.551343,69749,-0.04662413,0.51599768,-60.28294428
Pyrrolidone--Morpholine,0.02290468,2.892058,157.962855,0.03274541,1.703,118.269049,71487,-0.04504496,0.58620008,-91.24383419
Ethylamine--Oxime,0.00572434,3.119936,152.341304,0.00757683,1.529,65.416317,81020,-0.02830528,0.38349277,-87.78838641
Dimethylamine--Vinyl_Acetate,0.02292539,3.131386,143.855495,0.01179166,1.072,95.117655,78194,-0.03839015,0.51668917,-87.57505032
Acetamide--Carbon_Dioxide,0.04179467,3.039735,137.849268,0.01793243,4.529,58.009028,83123,-0.07462167,0.72624689,-78.29554316
Propan-2-ol--Hexamethylphosphoramide_(HMPA),0.0320466,2.841673,169.470035,0.02589784,5.3,177.660134,72802,-0.03582543,0.42382334,-66.75792622
Piperidine--Acetone,0.01269952,3.080912,143.835955,0.01309645,2.317,120.8785,74085,-0.03515465,0.46684927,-70.9157329
"Formamide--N,N-Dimethylacetamide_(DMAc)",0.08970236,2.8131,177.353859,0.05570878,4.735,90.148017,75838,-0.05614994,0.57983373,-68.98106196
"Pyrrolidine--N,N-Dimethylacetamide_(DMAc)",0.01812641,3.076668,170.851728,0.01680374,5.144,118.518534,74953,-0.03398092,0.36163579,-61.87993622
Oxalic_Acid--Gamma-Butyrolactone_(GBL),0.07677219,2.664916,160.498109,0.06825083,5.106,94.493362,79963,-0.06355119,0.75197708,-97.15432479
Indole--Pyrazine,0.04222763,2.940043,179.286547,0.04097402,3.411,153.210889,79927,-0.08888742,0.75007966,-52.68788516
Hydrogen_Peroxide--Ethanol,0.04837108,2.750081,151.906692,0.04497026,2.157,47.451376,85302,-0.04478673,0.4530331,-60.99663343
Propylamine--Propylene_Carbonate,0.00501405,3.43665,130.38966,0.00170686,4.977,107.071077,76516,-0.03661157,0.42854916,-65.83874904
Ethylamine--Ethyl_Acetate,0.01483765,3.251541,126.305707,0.01371918,3.598,95.479971,75681,-0.0402554,0.57896543,-101.35771159
Adenine--Methyl_Acetate,0.01346364,2.956207,163.81953,0.02413564,4.531,126.84314,72863,-0.0452269,0.52689262,-70.09346962
Lactic_Acid--Gamma-Butyrolactone_(GBL),0.04675882,2.700902,171.370098,0.06686015,4.38,103.85042,76837,-0.0518056,0.64624017,-78.17868013
Aniline--Phenol,0.00960753,3.094699,171.566095,0.01450196,3.435,149.167347,71861,-0.0464324,0.43199888,-49.46440849
Chloroacetic_Acid--Pyridine,0.07814751,2.643962,177.441192,0.13694016,4.95,110.302867,77809,-0.07030129,0.99331892,-131.38206228
Butan-1-ol--Trioxane,0.01627849,2.902231,174.463181,0.02740104,1.671,101.36826,74041,-0.03276786,0.40466662,-81.53029377
Glucose--Acetic_Acid,0.05308608,2.785848,166.579576,0.06377198,4.119,132.994617,75551,-0.03831807,0.41207396,-59.074643
Tryptophan--Propan-2-ol,0.00987632,2.946215,178.769683,0.02751047,6.68,189.113471,65993,-0.04289716,0.49225072,-64.43887618
Saccharin--N-Methyl-2-pyrrolidone_(NMP),0.01275172,2.764093,173.13328,0.049667,3.01,184.301812,79669,-0.04928551,0.580842,-62.6604503
Butan-2-ol--Tetrahydrofuran_(THF),0.01935489,2.919201,172.87605,0.02285883,3.607,107.84742,75713,-0.03790426,0.48421689,-80.06122899
"Aspartic_Acid--1,4-Dioxane",0.03136821,2.734165,174.8969,0.06361993,2.359,129.858321,75987,-0.04643485,0.70905623,-125.90734348
Guanine--Ethanol,0.03408843,2.726657,147.68098,0.06001714,4.976,127.146003,71306,-0.05145498,0.59264649,-74.90266755
Propanoic_Acid--Butan-2-one_(MEK),0.04418543,2.700026,173.09341,0.07041751,2.208,99.232044,78562,-0.03153719,0.43302505,-77.78597324
Piperidine--Propan-2-ol,0.00458419,3.095178,154.628656,0.01121583,3.255,124.132089,79297,-0.02895365,0.48792302,-104.84020013
Phenol--Oxime,0.01808581,2.906845,175.033433,0.02666959,2.202,100.170442,78451,-0.04072709,0.64985964,-110.9125539
Ethylamine--Pyrimidine,0.00836996,3.169348,170.711743,0.01444297,3.817,96.298017,69526,-0.03684339,0.40764603,-54.67829218
Alanine--Trioxane,0.03144496,2.775267,176.511147,0.05198589,3.238,100.181984,74356,-0.05033244,0.49829875,-65.12637839
Glycine--Trioxane,0.03800671,2.779473,177.056096,0.05385372,2.651,88.496014,79341,-0.05439802,0.55477023,-59.66393429
Resorcinol--Benzaldehyde,0.01318109,2.903025,177.139937,0.0252433,6.697,158.017738,70173,-0.04591541,0.46682543,-51.58137287
Ethylamine--Carbon_Dioxide,0.00184824,3.428547,160.582868,0.00265694,1.595,56.631705,84547,-0.03481397,0.5373999,-117.09843065
Adenine--Dimethyl_Ether,0.02963647,2.89499,179.508596,0.03358473,8.381,113.92014,76952,-0.05296631,0.55624763,-74.81507898
Butanoic_Acid--Propan-1-ol,0.03162663,2.696093,155.162299,0.06313064,0.929,102.709103,73278,-0.02679785,0.45808214,-120.54329432
Glutamic_Acid--Acetophenone,0.05280397,2.711913,166.596221,0.06857104,5.429,177.313891,76723,-0.04503348,0.57772644,-96.36350755
Indole--Anisole,0.00991738,2.970917,158.733206,0.02035174,3.607,178.725602,71034,-0.03351484,0.38994277,-61.1152244
Ascorbic_Acid--Acetophenone,0.02017111,2.789685,166.26432,0.03481066,9.261,186.538266,65281,-0.04745478,0.52580339,-85.5722225
Guanine--Gamma-Butyrolactone_(GBL),0.03636169,2.770602,160.204201,0.04985816,4.364,146.821578,69404,-0.04962841,0.72158092,-115.34470667
Ethylene_Glycol--Isoquinoline,0.03137966,2.819014,178.015731,0.05317798,6.124,141.061294,73058,-0.05558914,0.84604649,-125.44712732
N-Methylacetamide--Gamma-Butyrolactone_(GBL),0.01083557,3.013531,172.093294,0.02133676,9.391,103.677592,78116,-0.0439431,0.55491401,-77.71446834
Methanol--Dimethyl_Sulfoxide_(DMSO),0.02706135,2.825871,169.170247,0.02906557,6.254,74.672975,81252,-0.03567046,0.60726778,-118.854791
Pyrrolidone--Cyclohexanone,0.02253557,2.894238,176.404996,0.03920499,2.117,128.487965,68811,-0.04574458,0.53977844,-71.18021024
N-Methylacetamide--Butan-2-one_(MEK),0.0183839,3.014074,179.15961,0.01807699,8.67,103.7676,78576,-0.04023068,0.55096465,-116.38070226
Diethanolamine--Pyruvic_Acid,0.01308567,2.979232,160.508345,0.01495643,3.42,118.604118,80594,-0.04137438,0.45357777,-64.67507709
Adenine--Quinoline,0.04392506,2.773895,178.135396,0.08509658,9.995,183.509497,70298,-0.05259947,0.57312078,-62.03807921
Fructose--Benzophenone,0.02168682,2.807791,159.690507,0.03498076,5.205,243.593576,68605,-0.03704677,0.72546194,-137.08428933
Acetic_Acid--Diethyl_Ether,0.04842233,2.730116,177.843835,0.06640027,2.408,91.154273,75015,-0.0470928,0.7634998,-136.55592477
Propan-1-ol--Diethyl_Ether,0.02099111,2.878982,173.051613,0.03170974,3.141,101.434993,76296,-0.03374325,0.57269661,-125.81164274
Urea--Acetophenone,0.03554215,2.892168,177.690983,0.03969536,1.956,128.878949,73603,-0.05974546,0.75122391,-81.45024556
Cysteine--Butan-2-one_(MEK),0.03742572,2.665394,165.431594,0.0719002,3.514,128.036306,78330,-0.03625727,0.42001635,-64.19668366
Guanine--Carbon_Dioxide,0.02771066,2.944716,145.911536,0.02467164,5.725,113.076582,76375,-0.07080627,0.79277787,-67.52336686
Aspartic_Acid--Ethanol,0.05327405,2.661945,157.027212,0.07803507,3.036,106.49393,79682,-0.04260539,0.6551903,-106.01877577
Ethanol--Hexamethylphosphoramide_(HMPA),0.04312482,2.854916,170.891383,0.02591512,5.282,166.083963,74302,-0.041443,0.56721245,-67.89911142
Hydrazine--Oxime,0.07293497,2.795934,54.657457,0.06619137,3.143,51.026936,80574,-0.04169929,0.63347936,-145.5113427
Propan-1-ol--Benzophenone,0.00670702,2.918536,164.486778,0.01930101,5.742,188.425011,67573,-0.0388957,0.41968325,-62.14940145
Propan-2-ol--Isoquinoline,0.01391184,2.87673,172.636014,0.04139374,4.681,147.935813,63565,-0.0295421,0.44546251,-95.69272064
Barbituric_Acid--Oxime,0.05801817,2.808481,144.80006,0.02809942,0.88,98.040332,85363,-0.07223417,0.72079565,-68.2196993
Methanol--Ethyl_Acetate,0.02005633,2.922798,174.97019,0.02495562,2.607,79.532197,80443,-0.04010343,0.48429005,-99.94124486
Hydroquinone--Ethanol,0.01355236,2.861714,170.207347,0.02892098,2.912,109.811193,76933,-0.03469085,0.37403892,-66.08797748
Histidine--Ethanol,0.00902245,2.952293,148.912545,0.01964732,4.612,132.98267,76563,-0.0419264,0.52542122,-102.26891758
Aniline--Dimethyl_Sulfoxide_(DMSO),0.03117812,2.927438,152.461604,0.02274502,4.566,129.907541,72864,-0.04930879,0.51406409,-56.28366056
"Urea--N,N-Dimethylacetamide_(DMAc)",0.06661033,2.838485,176.166719,0.04932864,2.917,98.892299,74738,-0.0626629,0.61880054,-63.32521623
Cyclohexanol--Formaldehyde,0.0189479,3.116538,170.562663,0.00856398,3.905,93.281935,77125,-0.04303816,0.49145683,-79.9315782
N-Methylacetamide--Acetic_Acid,0.01958561,3.037866,167.186543,0.01628473,6.573,85.350254,81531,-0.05049312,0.52326616,-61.41394302
"Tryptophan--N,N-Dimethylacetamide_(DMAc)",0.02625266,2.880139,175.931681,0.03527604,9.664,207.038372,61613,-0.03992854,0.54691576,-88.44852391
"Ammonia--N,N-Dimethylformamide_(DMF)",0.02183287,3.015698,158.754492,0.01732794,3.319,65.105252,74131,-0.03797638,0.37680339,-51.5899074
Formamide--Trioxane,0.03780108,2.92442,163.089753,0.03128868,2.839,72.46218,78753,-0.05053365,0.5684965,-76.45453235
Phenol--Hexamethylphosphoramide_(HMPA),0.02566277,2.803773,175.389998,0.03188715,6.751,205.278476,67312,-0.03776775,0.59804996,-126.44524053
Methanol--Cyclohexanone,0.00734738,2.913945,172.477776,0.02103365,5.399,92.91213,73329,-0.03450626,0.39727867,-71.59107258
Imidazole--Valerolactone,0.00981444,2.981281,174.03677,0.02062113,9.881,102.691061,76245,-0.03368516,0.5301644,-102.5615269
Cysteine--Methyl_Acetate,0.02275024,2.809958,178.006184,0.04417735,3.666,121.407963,79316,-0.04247436,0.46655671,-67.95468958
Thymine--2-Picoline,0.06990981,2.751045,174.818354,0.10101047,7.402,153.798904,72476,-0.05509583,0.59986424,-70.740547
Imidazole--Ethylene_Carbonate,0.01704142,2.963857,157.584823,0.02140316,9.165,96.215172,79803,-0.05898049,0.70949145,-83.40204829
Formic_Acid--Urea,0.13544557,2.610185,179.462977,0.12135678,4.455,59.93096,73402,-0.06403754,0.85725171,-100.48973563
Acetic_Acid--Isoquinoline,0.08076126,2.683796,177.474294,0.11045378,3.384,137.684717,75195,-0.06167699,0.63596584,-64.44918132
Aniline--Acetamide,0.03924467,2.91976,148.598847,0.02468868,3.554,115.801833,75150,-0.04238862,0.52103246,-67.80195
Phenol--Butan-2-one_(MEK),0.02217168,2.791471,166.176335,0.04466447,5.004,125.33205,71781,-0.03104307,0.37329315,-68.95719718
Lactic_Acid--Butan-2-one_(MEK),0.03793206,2.702317,177.298754,0.07424023,5.077,103.955446,75554,-0.03782958,0.48638664,-76.91379073
Phenol--Pyridine,0.03247585,2.798545,179.493676,0.06077339,4.866,135.582823,71583,-0.03339002,0.4074045,-64.36236958
Saccharin--Phenol,0.02769819,2.81407,124.755712,0.02450938,5.536,187.651913,74909,-0.05841762,0.91123246,-107.81160455
Alanine--Pyridine,0.05187012,2.674778,172.042332,0.11055851,3.515,118.585381,73639,-0.04544063,0.40457186,-48.28562736
Ethylene_Glycol--Hexamethylphosphoramide_(HMPA),0.04193095,2.778769,171.494198,0.03585545,5.887,170.747301,76883,-0.03666977,0.42410019,-61.88943285
Propanoic_Acid--Urea,0.11017166,2.62797,177.961095,0.10790453,3.32,82.824656,74974,-0.04256701,0.63211214,-154.62309449
Glycine--Propan-1-ol,0.02879976,2.739268,172.415384,0.05878119,4.481,88.468544,78277,-0.03615835,0.54233004,-104.14477348
Hydroxylamine--Carbon_Dioxide,0.03202856,3.058208,122.893596,0.01023216,0.753,37.746673,92480,-0.06647512,0.88283815,-131.85195703
Butylamine--Tetrahydrofuran_(THF),0.007794,3.090914,165.883623,0.01502767,2.665,112.452376,77805,-0.03290944,0.36149387,-60.0199199
Glucose--Pyrazine,0.03761912,2.789509,175.245685,0.0630287,4.855,157.061339,77997,-0.04954815,0.7385443,-108.60787313
Hydrazine--N-Methyl-2-pyrrolidone_(NMP),0.01712762,2.985895,147.300345,0.01639424,4.731,92.081255,74659,-0.03511217,0.42273614,-73.53059298
Indole--Oxime,0.01282957,3.030496,162.798617,0.01761892,2.772,122.297829,72255,-0.05518021,0.65500147,-74.35988859
Methylamine--Ethyl_Acetate,0.0066261,3.213109,175.814688,0.00878638,1.953,83.966279,78091,-0.04614641,0.91888333,-199.2115149
Lactic_Acid--Isoquinoline,0.03102196,2.647885,177.799334,0.13430612,6.307,154.043096,75751,-0.04597485,0.62521518,-106.74849838
Sulfuric_Acid--Gamma-Butyrolactone_(GBL),0.11981906,2.5743,161.686489,0.09662954,5.456,98.186825,81143,-0.07482532,0.82778741,-70.65621379
Dimethylamine--Dimethyl_Sulfoxide_(DMSO),0.02376392,3.066754,146.637056,0.01129317,3.097,90.932021,75143,-0.04931686,0.47602855,-43.03470007
Methylamine--Acetic_Acid,0.11096561,2.955877,119.428098,0.11595413,1.957,60.432678,78738,-0.04531224,0.48917107,-65.08366086
Aniline--Vinyl_Acetate,0.01230959,3.06922,179.193924,0.01554909,3.831,134.126128,80863,-0.04542142,0.5237414,-67.30787017
Barbituric_Acid--Pyruvic_Acid,0.03290337,2.856361,173.760748,0.04731608,2.754,118.255229,78042,-0.07420387,0.66187081,-55.85425929
Glycerol--Acetaldehyde,0.02953043,2.885656,172.819421,0.03188723,4.133,84.155434,79820,-0.03748028,0.43564395,-70.73533073
Guanine--Methyl_Acetate,0.02479986,2.937644,169.045813,0.02929154,7.102,140.355972,68254,-0.05146462,0.6432693,-86.39244206
Hydrazine--2-Picoline,0.0188623,3.033675,161.164857,0.02405898,2.921,97.834428,73501,-0.0411066,0.4241409,-58.26412145
Propanoic_Acid--Pyridine,0.05553783,2.688098,178.140979,0.10795164,3.328,109.421768,72441,-0.03952412,0.50079576,-75.57868835
Ascorbic_Acid--Dimethyl_Sulfoxide_(DMSO),0.04278017,2.693133,173.172565,0.0652951,8.937,147.056962,74696,-0.06103201,2.96517929,-263.31201056
"Benzyl_Alcohol--N,N-Dimethylacetamide_(DMAc)",0.01870642,2.816307,168.935819,0.03177195,6.644,146.730968,75256,-0.03444232,0.42577439,-70.5162325
Cysteine--Oxime,0.02968028,2.790077,172.441904,0.04539235,1.274,102.857759,80724,-0.04457707,0.74234189,-152.18287538
Pyrrole--Pyridine,0.05173192,2.918297,179.998825,0.0452859,5.497,117.821627,83680,-0.05864303,0.67508426,-70.08454755
Tryptophan--Tetrahydrofuran_(THF),0.01167448,2.946421,179.848168,0.02711611,6.943,196.030009,66549,-0.04358006,0.51848069,-75.31671635
Resorcinol--Anisole,0.01752517,2.881468,172.766965,0.02897695,3.684,161.054728,64942,-0.03511346,0.41961058,-64.09917261
Oxalic_Acid--Tetrahydrofuran_(THF),0.08123144,2.673318,176.081211,0.08929923,4.523,92.911335,78001,-0.06290021,0.61080607,-62.06950524
Methylamine--Oxime,0.01703948,3.222616,147.912328,0.00578443,1.135,53.774256,82645,-0.03627711,0.5072941,-119.16345005
Chloroacetic_Acid--Gamma-Butyrolactone_(GBL),0.06619382,2.67409,160.822237,0.06310069,4.653,100.118524,79164,-0.06006997,0.72518557,-90.69149211
Salicylic_Acid--Benzophenone,0.01650738,2.722048,171.824262,0.0502934,2.193,233.94145,62669,-0.03474726,0.45803955,-80.49678224
Tryptophan--Acetaldehyde,0.00597427,3.031526,178.442789,0.01749172,8.053,174.628244,67839,-0.04295394,0.74333164,-108.09939378
Piperidine--Propan-1-ol,0.00371768,3.110529,155.66478,0.01206089,2.885,124.31466,77449,-0.0270612,0.33518301,-81.93280435
Saccharin--Formaldehyde,0.03490998,2.859109,162.386253,0.04428521,4.896,133.990905,71809,-0.0819481,0.87938109,-71.81151304
Aspartic_Acid--Hexamethylphosphoramide_(HMPA),0.03824213,2.636852,171.145145,0.07091406,5.549,206.277334,73284,-0.03753278,0.52620888,-84.94311646
Adenine--Isoquinoline,0.04887556,2.777639,178.53348,0.08297361,10.789,183.561851,75317,-0.06658932,0.64995651,-59.87743232
Propanoic_Acid--Propan-1-ol,0.04490046,2.689969,155.368115,0.06564588,0.911,91.053865,76656,-0.03769288,0.56054362,-119.70575335
Salicylic_Acid--Acetophenone,0.03962291,2.732424,175.980457,0.06358566,1.748,182.764169,60742,-0.03957509,0.43331864,-59.53177046
Guanine--Oxime,0.0778591,2.767151,143.380887,0.07528538,6.016,121.958362,74003,-0.064881,0.74724794,-75.49371199
Cyclohexanol--Trioxane,0.01661685,2.967097,165.544419,0.01935857,3.239,119.381975,74108,-0.04813371,0.59875248,-90.05570737
Propan-1-ol--Propylene_Carbonate,0.01042421,3.407625,133.442353,0.00579806,4.14,102.646679,78432,-0.03911269,0.38770695,-51.49410695
Ascorbic_Acid--Quinoline,0.03966527,2.709417,170.583079,0.08967521,8.146,197.277218,69560,-0.05264223,0.55431054,-72.70026112
N-Methylacetamide--Propylene_Carbonate,0.00707721,3.012139,166.217869,0.02055469,9.652,108.674323,74499,-0.04008363,0.44091312,-70.43553792
Aniline--Carbon_Dioxide,0.00940852,3.314346,179.186293,0.00476261,2.464,96.01957,87349,-0.0827409,0.72965427,-55.57718285
Cysteine--Morpholine,0.04477865,2.770199,175.664169,0.06085863,1.891,136.057,80447,-0.06448861,1.3074146,-144.74302218
Propan-2-ol--Tetrahydrofuran_(THF),0.01007299,2.893164,174.499029,0.03056013,2.038,96.139756,76342,-0.03347817,0.37891343,-64.37224635
Glutamic_Acid--Quinoline,0.04778992,2.678426,169.757424,0.11043949,3.584,187.964634,73962,-0.04897056,0.61048075,-84.94454075
Diethanolamine--Acetamide,0.07457822,2.826817,178.69891,0.03587412,3.802,109.397038,77126,-0.05072718,0.48637937,-55.5141742
Thymine--Tetrahydrofuran_(THF),0.02817787,2.816585,173.769002,0.05523656,5.571,130.559408,76948,-0.03958819,0.48593773,-77.93137117
Resorcinol--Morpholine,0.01373932,2.893447,169.985479,0.03121734,4.294,137.848761,67229,-0.04479839,0.71596923,-102.9055581
Glucose--Anisole,0.03530294,2.931796,175.788599,0.02796632,4.317,182.560963,75407,-0.04709288,0.57151835,-69.20847946
Saccharin--Vinyl_Acetate,0.0249213,2.796582,175.793981,0.05813866,3.42,172.497105,75023,-0.0572616,0.64846674,-66.53519247
Ascorbic_Acid--Urea,0.04877256,2.668791,168.420217,0.07865194,10.21,130.655664,76760,-0.05276875,0.54301589,-62.87826462
Acetic_Acid--Valerolactone,0.05913516,2.713983,161.031357,0.05121472,3.313,87.498847,77585,-0.06626916,0.72221592,-90.10007004
Pyrrole--Ethanol,0.0197377,2.988051,173.710876,0.02268525,4.724,87.621019,80929,-0.03721289,0.51791473,-93.58331786
Aniline--Pyrazine,0.02174383,2.997117,159.506144,0.02709459,2.569,135.62213,72141,-0.04777044,0.57777544,-68.49533409
Formic_Acid--Quinoline,0.12800052,2.666279,170.009289,0.12033096,4.501,126.448262,78090,-0.09675797,0.87136318,-66.80107861
Ethylene_Glycol--Butan-2-one_(MEK),0.03547802,2.812065,168.680442,0.04175501,4.986,90.857643,73017,-0.04677519,0.55402078,-87.26248523
Hydrazine--Acetaldehyde,0.03241441,3.183892,155.4112,0.0138971,2.356,53.159416,80446,-0.05240645,0.53655521,-72.76364303
Pyrrolidone--Acetaldehyde,0.03398335,2.920092,161.792891,0.03151778,1.331,87.229402,72120,-0.04809892,0.48555352,-57.03426723
Aniline--Propylene_Carbonate,0.00538517,3.079844,174.622744,0.0156423,6.431,134.861608,73090,-0.03713894,0.36483031,-46.19522198
Histidine--Pyrimidine,0.01898373,3.001104,163.848165,0.02865501,5.484,158.609476,72095,-0.03902145,0.38340583,-56.32529724
Butan-2-ol--Formaldehyde,0.0176848,2.952006,170.802589,0.02267469,2.327,75.058185,77456,-0.04157307,0.47203301,-74.26052591
"Cytosine--N,N-Dimethylacetamide_(DMAc)",0.05150335,2.793776,175.597677,0.06176497,5.354,134.534528,75458,-0.05071441,0.56238126,-69.77461678
Resorcinol--Ethyl_Acetate,0.01312783,2.902715,176.134718,0.02670686,3.036,134.755453,73788,-0.04207583,0.6700235,-156.4319629
Barbituric_Acid--Ethyl_Acetate,0.02051769,2.902459,173.739201,0.03826085,1.918,128.00914,74387,-0.05722591,0.61639757,-65.32293442
Butan-2-ol--Ethanol,0.00955668,2.936811,178.809408,0.02083262,3.489,89.407433,76966,-0.03371846,0.3393975,-54.91948302
Cysteine--Diethyl_Ether,0.03853559,2.697263,175.568603,0.07788428,0.757,131.603307,73807,-0.04163435,0.61252494,-97.0005156
Hydroquinone--Acetaldehyde,0.01033113,2.899785,176.535023,0.02694781,4.272,106.804429,77341,-0.03507349,0.59487763,-147.16625388
Hydroxylamine--Pyridine,0.0261313,3.001103,172.097146,0.03277197,2.651,81.88621,74298,-0.03728766,0.48185424,-84.49448429
"Benzoic_Acid--N,N-Dimethylformamide_(DMF)",0.04871906,2.680682,176.37528,0.0841005,3.766,136.699354,76925,-0.04621863,0.48299039,-57.99131021
Aspartic_Acid--Acetic_Acid,0.0458993,2.710541,174.922805,0.06915443,2.738,107.968947,77196,-0.04744087,0.48392172,-59.42756085
Pyrrole--Propylene_Carbonate,0.01204333,3.018118,158.234591,0.01753169,7.61,112.51245,79533,-0.04242763,0.56115847,-110.0652082
Adenine--Ethanol,0.02935489,2.888562,172.142512,0.03338137,8.715,113.459578,72010,-0.05097027,0.57322391,-70.16275674
"Piperidine--1,4-Dioxane",0.00641878,3.135228,171.358813,0.01202791,1.173,136.111253,76710,-0.0297568,0.39876869,-95.13001976
Methylamine--Acetaldehyde,0.0225466,3.131687,147.100359,0.00969389,1.675,56.03658,76679,-0.04215392,0.43264545,-65.23209157
Piperidine--Trioxane,0.00619668,3.147956,165.162762,0.01152166,1.634,124.399594,77491,-0.03150534,0.42332513,-97.21352139
Sulfuric_Acid--Oxime,0.06896586,2.714825,171.83227,0.06127427,3.853,73.155356,81814,-0.06259741,0.66082497,-68.36926725
Indole--Sulfate_Ion,0.01886436,2.986301,177.546374,0.01998334,2.732,135.49944,75781,-0.06234853,0.57224825,-45.40938509
Methanol--Ethylene_Carbonate,0.00715499,2.987359,115.409815,0.00546282,4.682,67.955948,80899,-0.04371818,0.45272195,-60.63199316
Barbituric_Acid--Acetamide,0.11839608,2.705502,176.398551,0.09861368,5.105,109.095378,78617,-0.0737908,0.6439319,-53.47259832
N-Methylacetamide--Pyruvic_Acid,0.01109453,3.072333,171.81018,0.0141872,6.374,98.935206,78814,-0.04359589,0.45241689,-68.00771697
Hydroquinone--Formaldehyde,0.02200345,2.913542,173.021401,0.02752025,3.226,95.449174,79537,-0.04706161,0.54839026,-76.16978595
Benzoic_Acid--Methyl_Acetate,0.02886306,2.833505,172.296137,0.03851825,3.663,132.010368,73860,-0.04274393,0.57504044,-74.52420604
Propanoic_Acid--Acetamide,0.07183944,2.688206,177.793308,0.07782125,3.708,85.209521,74686,-0.04865172,0.51751553,-63.0035361
Benzyl_Alcohol--Oxime,0.01797977,2.937758,160.433639,0.01947921,2.243,112.0275,77789,-0.04276372,0.62199499,-93.30303403
Propan-1-ol--Benzaldehyde,0.01665653,2.902189,172.680959,0.02844129,5.465,125.959606,70291,-0.03129999,0.49239407,-85.57075816
Chloroacetic_Acid--Propan-2-ol,0.07648979,2.692277,176.63629,0.07823808,3.171,91.726918,79399,-0.06264024,0.69254202,-93.06490384
Alanine--Propan-2-ol,0.04314811,2.723342,176.677629,0.06753427,2.097,99.923293,74318,-0.05253393,0.70112521,-125.12349997
Ammonia--Trioxane,0.01092738,3.146812,158.220564,0.01007728,0.87,58.763255,78779,-0.05104471,0.5952715,-103.63477376
Diethanolamine--Methanol,0.07405453,2.837363,167.661632,0.04214733,4.565,92.070741,76298,-0.05006379,0.54167061,-97.89291138
"Imidazole--N,N-Dimethylformamide_(DMF)",0.01952096,2.920503,179.783168,0.02921165,9.775,100.916991,79555,-0.03613738,0.57256809,-125.08856124
Fructose--Pyrazine,0.03359421,2.841557,166.859139,0.04697738,4.704,158.673501,71179,-0.04139716,0.52963835,-67.84533327
Methylamine--Anisole,0.0158613,3.176359,160.098228,0.00834459,1.048,110.270724,73696,-0.03383765,0.38623265,-59.97949077
Thymine--Acetic_Acid,0.1228884,2.731002,170.412671,0.08715074,3.743,113.784755,76900,-0.05779964,0.57823982,-53.27746296
Hydrazine--Methyl_Acetate,0.0340372,3.204767,157.027831,0.01472013,4.551,69.485886,75078,-0.05274872,0.59670539,-97.11182106
Acetic_Acid--Acetamide,0.17057117,2.639965,179.237465,0.10471345,2.7,73.578506,74808,-0.06972985,0.64270632,-59.28484063
Formamide--Phenol,0.06512839,2.913243,135.767206,0.05212429,4.047,100.01265,82760,-0.05390985,0.61775584,-87.52350431
Pyrrole--Acetone,0.01110225,3.018827,179.99824,0.01723361,6.114,95.945921,80321,-0.02962254,0.40329291,-90.2830853
Cysteine--Dimethyl_Sulfoxide_(DMSO),0.06009025,2.560078,167.252598,0.1278062,3.227,128.120547,80239,-0.05112486,3.00705522,-272.59816668
Piperidine--N-Methyl-2-pyrrolidone_(NMP),0.00208099,3.083306,167.588617,0.01441291,5.269,148.591423,75309,-0.02770942,0.50779113,-108.29845255
Indole--Valerolactone,0.00686363,2.998433,171.495403,0.01873663,8.376,147.413173,76814,-0.04126127,0.48695451,-75.73544217
"Diethanolamine--N,N-Dimethylformamide_(DMF)",0.04957533,2.844486,166.462722,0.03254549,6.702,121.602413,73706,-0.04282407,0.6854765,-169.12272315
Resorcinol--Propan-2-ol,0.02282964,2.804814,176.714873,0.04467281,3.859,121.320166,73014,-0.04182165,0.49880199,-72.54116541
Pyrrolidine--Acetamide,0.05319149,3.006498,135.925148,0.05580085,2.902,94.851268,72381,-0.04762215,0.97002955,-155.97442286
Aniline--Tetrahydrofuran_(THF),0.0144203,3.014721,179.767008,0.02015727,4.449,128.443275,78896,-0.03453112,0.43919722,-89.90696866
Aspartic_Acid--Morpholine,0.0260455,2.721748,174.87156,0.06346014,3.425,134.448573,74324,-0.03713049,0.68929979,-130.21716241
Formic_Acid--Acetamide,0.1001988,2.659373,174.355417,0.08820672,4.439,62.307483,75905,-0.05367345,0.51745087,-57.77154017
Glutamic_Acid--Ethyl_Acetate,0.02801541,2.806989,175.079524,0.04351684,1.856,142.766797,79514,-0.04976512,0.6067668,-77.88670852
Diethanolamine--Diethyl_Ether,0.01738682,2.863684,167.54535,0.02878653,4.803,127.185286,75320,-0.04063709,0.45612516,-68.52281882
"Saccharin--1,4-Dioxane",0.0168478,2.798309,177.223415,0.05083582,3.241,171.807708,74395,-0.05522673,0.85545797,-117.30498008
Ethylene_Glycol--Tetrahydrofuran_(THF),0.02001033,2.863504,170.846405,0.02940314,5.132,89.332835,76255,-0.05336935,0.93951617,-178.32726622
Salicylic_Acid--Ethanol,0.05344132,2.708629,155.974994,0.06050443,3.014,123.448137,76555,-0.03990288,0.44655289,-61.09290837
Lactic_Acid--Pyrazine,0.0712039,2.688611,176.771573,0.10876673,3.846,109.596996,77493,-0.05203847,0.63568448,-114.33924977
Adenine--Acetophenone,0.0400302,2.849171,179.708918,0.04188192,11.223,172.83984,76587,-0.05409869,0.49737082,-49.64554327
Salicylic_Acid--Propan-2-ol,0.04828819,2.696228,157.495825,0.0666285,2.997,134.926101,71198,-0.0419312,0.5360083,-89.58862512
Butanoic_Acid--Trioxane,0.0247069,2.792258,176.801859,0.04791483,2.974,102.700619,73691,-0.03880211,0.53406483,-76.04279687
Lactic_Acid--Propan-1-ol,0.06397043,2.663636,157.169198,0.07718186,2.277,95.726446,82208,-0.03853012,0.57019807,-117.65521508
Cyclohexanol--Isoquinoline,0.0150166,2.927276,161.016828,0.02888153,4.161,177.760487,67455,-0.03450629,0.43041032,-81.0990883
"Pyrrolidine--N,N-Dimethylformamide_(DMF)",0.02246145,3.063493,161.818329,0.01619249,3.744,107.15143,75273,-0.04477365,0.41116964,-51.87480834
Glycine--2-Picoline,0.05811889,2.654867,179.386828,0.12986168,4.915,118.293579,73888,-0.0554398,0.53611192,-54.0929857
Hydroxylamine--Cyclohexanone,0.01553013,2.956795,141.350267,0.01536591,2.915,89.934216,77729,-0.04118055,0.47664309,-68.54396599
Oxalic_Acid--Formaldehyde,0.11463788,2.74438,169.588661,0.06449602,2.766,60.253917,88236,-0.0999819,0.82399921,-52.7301392
Adenine--Anisole,0.02456907,2.899656,165.757356,0.03145865,7.716,164.6629,71099,-0.04178491,0.75760434,-141.72673966
Glycerol--Quinoline,0.04121358,2.791372,173.637955,0.06007901,3.079,157.314469,74847,-0.04400545,0.57681596,-91.7066022
Resorcinol--Urea,0.03916998,2.704003,162.103116,0.06259663,4.819,113.321914,68337,-0.04436165,0.66994124,-108.30017243
Butylamine--Methyl_Acetate,0.00535791,3.213155,161.297314,0.00697543,2.376,107.326101,77911,-0.03425615,0.55435098,-99.53118721
N-Methylformamide--Cyclohexanone,0.01861544,2.946311,173.135959,0.02974704,6.96,110.741144,71784,-0.04199912,0.49903977,-79.97302962
Dimethylamine--Propylene_Carbonate,0.00530237,3.196098,155.392441,0.00830919,6.506,95.971278,77345,-0.04826151,0.50403806,-61.75301312
Propylamine--Benzaldehyde,0.007744,3.192496,161.938829,0.00965409,4.78,130.39955,77245,-0.03155593,0.49139053,-141.82003381
"Propan-1-ol--N,N-Dimethylformamide_(DMF)",0.01756616,2.846375,177.367482,0.03631801,5.89,95.9389,75202,-0.02868415,0.50378381,-124.61863407
Butanoic_Acid--Propylene_Carbonate,0.01307941,2.931113,158.126772,0.02242152,4.697,115.816383,71105,-0.03710748,0.76283872,-188.05558783
Indole--Hexamethylphosphoramide_(HMPA),0.02010215,2.922333,167.411158,0.02425158,6.316,227.423149,71228,-0.03228715,0.42490664,-85.57293966
Pyrrole--Acetic_Acid,0.01227999,3.050967,175.558095,0.01478482,4.87,89.149913,86407,-0.04485395,0.53233044,-78.07416178
Diethanolamine--Anisole,0.02799793,2.9289,171.272644,0.02512804,4.564,154.744092,76281,-0.03870896,0.49488196,-91.21156033
Glycine--Benzophenone,0.01759752,2.728913,176.451867,0.05721476,5.081,187.315306,69410,-0.03334075,0.43649232,-86.48332776
Hydrogen_Peroxide--Oxime,0.05017489,2.877049,177.389948,0.03004333,0.662,42.235579,93645,-0.06002677,0.79348703,-108.90461427
Benzoic_Acid--Acetamide,0.04764187,2.689402,175.382077,0.07588658,3.36,124.602946,75590,-0.05123125,1.03079884,-171.73267591
"Glycerol--N,N-Dimethylacetamide_(DMAc)",0.05774416,2.770224,173.627344,0.04492307,5.088,116.549176,76804,-0.04567148,0.79853844,-148.73362664
Ascorbic_Acid--Carbon_Dioxide,0.01293347,3.040972,167.321299,0.01187711,6.448,113.372938,82947,-0.05154193,0.58556169,-72.76813827
Salicylic_Acid--Cyclohexanone,0.02865673,2.747978,176.797549,0.05996712,1.831,161.548138,71513,-0.03459851,0.32893797,-52.77751072
Propan-2-ol--Pyrimidine,0.02150184,2.910237,173.141766,0.03575075,3.828,103.448836,75881,-0.03300483,0.49507326,-95.68980616
Ascorbic_Acid--Tetrahydrofuran_(THF),0.02284338,2.801201,165.89983,0.03884697,8.004,145.553088,75550,-0.04677874,0.54643985,-75.91608677
Hydrazine--Dimethyl_Ether,0.01720186,3.146175,152.682362,0.00862487,1.925,56.672054,76850,-0.03831145,0.39985214,-64.98798052
Chloroacetic_Acid--Acetic_Acid,0.19911199,2.634632,173.231866,0.10201225,2.001,81.891035,74608,-0.10974479,0.91207163,-56.72749228
Butan-2-ol--Pyrimidine,0.02207091,2.920834,176.866287,0.03340771,2.679,115.078942,72271,-0.04299889,0.52167359,-71.78297228
Sulfuric_Acid--Pyruvic_Acid,0.07914933,2.649868,168.389115,0.07437936,3.174,93.483728,83034,-0.07470413,0.8738203,-84.20985584
Ammonia--Acetic_Acid,0.15598195,2.944357,121.717609,0.10950047,1.988,48.529306,78384,-0.0462712,0.45831812,-55.33541136
Pyrrole--Ethylene_Carbonate,0.01768901,3.026214,161.793956,0.01787772,7.375,101.014606,77068,-0.06167462,0.68005853,-86.67594494
Catechol--Pyrimidine,0.04706826,2.846554,170.576981,0.04597652,3.586,135.615445,78181,-0.07172315,0.60283585,-49.15623964
Salicylic_Acid--Propan-1-ol,0.04981289,2.703292,156.113839,0.06203487,2.942,135.130089,72880,-0.03968758,0.56989622,-129.31593919
"Cytosine--N,N-Dimethylformamide_(DMF)",0.04243668,2.806822,171.860569,0.05852701,4.462,123.118887,78774,-0.04544683,0.52863738,-94.58859506
Piperidine--Vinyl_Acetate,0.01022347,3.115812,140.026475,0.01379014,1.252,136.650497,71983,-0.03276423,0.52030803,-98.27500314
Aniline--18-Crown-6,0.00984073,3.063894,153.909818,0.01403242,1.753,246.620576,64181,-0.03351209,0.41996153,-64.11931646
Ethanol--Acetaldehyde,0.02986016,2.908906,175.054045,0.02799004,3.868,63.197933,77088,-0.05194675,0.49131559,-56.92503303
Ethylene_Glycol--Sulfate_Ion,0.02567574,2.88824,174.745773,0.02253336,2.963,78.912458,79736,-0.10004101,1.28444332,-122.5845524
Propanoic_Acid--18-Crown-6,0.01196237,2.738097,170.096589,0.06296025,3.266,215.863157,70733,-0.03387811,0.40563433,-84.3070536
Butan-1-ol--Formaldehyde,0.01756452,2.933382,164.062919,0.02316125,2.293,75.277225,77828,-0.03125893,0.46804463,-113.50160448
Oxalic_Acid--Methyl_Acetate,0.03464996,2.77845,174.014198,0.05144201,3.453,87.966465,77352,-0.05927974,0.653144,-68.84072725
Phenol--Benzaldehyde,0.00621014,2.856986,178.537985,0.03311787,6.422,153.498749,65153,-0.0289417,0.4674642,-125.56252775
Acetic_Acid--Urea,0.28837294,2.630019,178.894881,0.10774259,3.326,71.13719,79103,-0.09419358,0.83143683,-75.2527676
Threonine--Sulfate_Ion,0.02801908,2.760401,153.312171,0.03357475,2.291,112.839808,82927,-0.06235095,0.85438142,-92.66678506
Diethanolamine--Phenol,0.02047458,2.893926,162.358882,0.02418935,3.902,142.773039,74754,-0.05054755,0.51963304,-58.59952749
Hydroquinone--Methyl_Acetate,0.01196674,2.923354,170.048746,0.02399054,1.651,123.119299,71675,-0.04605478,0.56015871,-111.63571413
"Salicylic_Acid--N,N-Dimethylformamide_(DMF)",0.02443701,2.73963,178.414132,0.05066065,2.91,141.494735,73341,-0.03834234,0.50648627,-122.94524233
Chloroacetic_Acid--N-Methyl-2-pyrrolidone_(NMP),0.05396514,2.663894,178.63776,0.07462226,5.264,116.167064,74363,-0.06486822,0.60322367,-51.06966163
Ethanol--Isoquinoline,0.02175869,2.867027,175.386158,0.04403666,4.978,136.37005,70437,-0.05049134,0.53653628,-54.86278986
Phenol--Pyrimidine,0.02558356,2.84184,178.521581,0.04954555,4.115,131.069308,71944,-0.03481083,0.51279362,-79.96983319
Uracil--Quinoline,0.04931129,2.725621,177.797386,0.10921172,8.353,170.789521,63740,-0.04585938,0.52985895,-79.50669994
Ammonia--Cyclohexanone,0.00279502,3.182024,164.867279,0.00815267,4.736,85.244638,75859,-0.03256155,0.46388468,-101.84924915
Butanoic_Acid--Phenol,0.01824532,2.800574,169.157818,0.0414833,2.941,130.173796,63084,-0.03135873,0.32511896,-48.79719275
Glutamic_Acid--Acetamide,0.04609807,2.674156,176.095957,0.08657677,4.941,123.766099,80923,-0.05244155,0.99029215,-185.50542298
Sulfuric_Acid--Quinoline,0.00930033,2.537721,172.607065,0.21087771,5.521,148.252843,79552,-0.06236831,0.61697882,-57.31442688
Acetic_Acid--Acetone,0.07007174,2.71197,175.115045,0.0694147,2.244,75.916984,73318,-0.06064753,0.57555111,-58.20693221
Glutamic_Acid--Ethylene_Carbonate,0.02422333,2.869674,156.256415,0.02608559,5.945,131.212249,79326,-0.0548966,0.68585879,-84.12918635
Pyrrolidone--Acetic_Acid,0.04144005,2.897225,169.196713,0.03502041,2.729,91.75115,75038,-0.04492334,0.57580315,-94.54635779
Acetamide--Acetamide,0.06305657,2.855242,177.759237,0.04582525,3.204,77.860981,72325,-0.05497493,0.6296391,-87.70498103
Uracil--Propan-2-ol,0.03325407,2.813203,177.41999,0.05769682,6.036,112.176371,74828,-0.04817808,0.64471888,-123.25590651
Imidazole--Acetic_Acid,0.01769726,2.984265,174.312865,0.01917651,6.627,84.354279,82751,-0.04603744,0.59321128,-90.10031576
Ascorbic_Acid--18-Crown-6,0.01703725,2.811605,169.669108,0.03971572,6.108,263.855146,68378,-0.03704235,0.44527557,-73.56110426
Hydroquinone--Acetophenone,0.02140517,2.790431,170.107029,0.04651502,5.052,169.158194,66442,-0.03527026,0.45832012,-69.7659618
Barbituric_Acid--Quinoline,0.05861067,2.707634,173.363172,0.13589068,4.137,173.107359,74266,-0.07019245,0.64842769,-52.90307325
Urea--Hexamethylphosphoramide_(HMPA),0.04436251,2.890668,169.380857,0.02939941,2.418,169.332341,70885,-0.04458644,0.51792221,-68.88244432
Propylamine--2-Picoline,0.01270581,3.115146,170.498824,0.01998157,3.085,123.968779,73780,-0.03456321,0.44790348,-76.93078855
Butylamine--Ethyl_Acetate,0.00683952,3.188141,165.294615,0.00916473,1.896,118.923596,75058,-0.03763819,0.41418269,-78.85261169
Sulfuric_Acid--Cyclohexanone,0.06302983,2.626977,177.659601,0.0978399,5.752,116.42251,75192,-0.0535602,0.55019151,-53.71951761
Trifluoroethanol--Propan-1-ol,0.02462923,2.763639,174.679011,0.05113211,4.244,81.476007,81073,-0.04234338,0.66813482,-129.69841994
Trifluoroethanol--Benzaldehyde,0.02731351,2.746604,170.770569,0.05465586,2.895,117.888904,77256,-0.04693825,0.59065004,-86.95594399
Acetic_Acid--Propylene_Carbonate,0.04785509,2.725384,161.390235,0.04654911,4.268,92.552957,77453,-0.04788726,0.55552229,-84.97103217
Propanoic_Acid--Hexamethylphosphoramide_(HMPA),0.04405126,2.669216,175.16089,0.06163265,3.467,179.191328,69476,-0.03859172,0.42693401,-60.88135582
Benzoic_Acid--Trioxane,0.0281687,2.78718,177.918497,0.04887892,2.721,130.458758,75593,-0.05426223,0.57815177,-74.85395527
Methylamine--Urea,0.02165071,3.054464,178.265049,0.01766913,4.333,62.515,86504,-0.04279614,0.52630315,-90.06630774
"Benzoic_Acid--1,4-Dioxane",0.02377654,2.762375,177.208406,0.0554389,1.935,142.136693,75695,-0.04853876,0.62488486,-89.80786481
Barbituric_Acid--Benzaldehyde,0.04389454,2.782045,169.186651,0.06729519,5.147,151.182431,77981,-0.06190934,0.62367603,-54.11303711
Diethanolamine--Pyridine,0.03088619,2.852319,167.515289,0.04516692,5.133,133.715895,71887,-0.05224404,1.03645982,-126.97761283
Diethanolamine--Acetophenone,0.03459527,2.829868,168.284645,0.03707752,5.557,162.898333,72024,-0.03832918,0.39643516,-50.95231921
Acetamide--Trioxane,0.03059822,2.951784,163.849624,0.02788064,3.174,83.7183,73918,-0.05424026,0.5055162,-54.34354571
Hydrazine--Pyruvic_Acid,0.02716087,2.874595,148.30481,0.03130003,1.924,71.23377,84889,-0.04403815,0.71925743,-116.05203775
Indole--Acetone,0.01121423,3.007486,179.647719,0.01809385,6.345,135.858956,75770,-0.03276096,0.43066955,-84.10363066
Benzyl_Alcohol--Formaldehyde,0.02452453,2.921123,165.133182,0.02482189,2.771,102.913005,74244,-0.04479203,0.66573792,-140.14493658
Acetamide--Hexamethylphosphoramide_(HMPA),0.05110619,2.8454,174.727407,0.03577491,2.18,171.872581,73345,-0.04236787,0.38664243,-43.13415839
Saccharin--Morpholine,0.02476675,2.772796,165.994834,0.06412643,4.539,176.302152,73525,-0.05031885,0.56807953,-55.79587948
Propan-2-ol--Acetone,0.02208961,2.860168,166.647249,0.03332381,3.386,86.070881,76591,-0.03111383,0.47885579,-139.85914378
"Glucose--N,N-Dimethylformamide_(DMF)",0.02563331,2.782636,177.078373,0.04883693,4.034,149.550069,73404,-0.04162703,0.61707083,-100.90900754
Serine--Benzaldehyde,0.01969616,2.720838,174.164084,0.07163881,3.691,141.237756,66197,-0.03462133,0.53838593,-99.45529602
Methylamine--Dimethyl_Ether,0.01097471,3.160181,164.939943,0.01025966,2.558,59.56553,79256,-0.03872263,0.42876563,-74.55831191
Acetamide--Ethylene_Carbonate,0.02639629,3.451166,121.976145,0.00216284,1.669,85.286922,80443,-0.06651466,0.58209797,-53.62719536
Formic_Acid--Valerolactone,0.07171346,2.69946,160.239522,0.05621123,3.788,76.305433,79783,-0.0657673,0.60590161,-55.47938501
Ascorbic_Acid--Ethylene_Carbonate,0.00911635,3.011076,168.191076,0.0159433,14.601,140.709502,72093,-0.05122835,0.55982375,-65.15277187
Citric_Acid--Ethylene_Carbonate,0.02151913,2.906027,162.621801,0.0268868,3.209,145.032852,77918,-0.04099941,0.55343342,-92.85033675
Fructose--Ethanol,0.03308067,2.814802,166.623247,0.04252875,3.691,132.994716,74484,-0.0391025,0.47940516,-94.52896324
Uracil--Tetrahydrofuran_(THF),0.0302735,2.826578,175.69609,0.04985835,6.66,119.090387,75553,-0.04735675,0.56631453,-76.94702743
Aniline--Butan-2-one_(MEK),0.01750969,2.99508,156.148545,0.02023199,3.776,129.92265,71492,-0.03988812,0.42755277,-58.00451709
N-Methylacetamide--Ethanol,0.0169774,2.993831,176.674301,0.02287108,6.991,83.801395,79609,-0.03983656,0.37684969,-50.22215029
Saccharin--Diethyl_Ether,0.01081977,2.773594,156.451324,0.05647854,2.965,171.85667,70487,-0.04824945,0.72509919,-92.9985462
Cyclohexanol--Morpholine,0.02469173,2.969005,159.327672,0.01516666,4.338,135.642984,71640,-0.05375676,0.55229521,-62.21487654
Diethanolamine--Ethanol,0.02326155,2.875913,175.014003,0.02982347,5.107,103.54418,78080,-0.04575144,0.77802452,-155.73823887
Glucose--Gamma-Butyrolactone_(GBL),0.02501633,2.863813,170.464929,0.02899187,3.88,151.285482,73369,-0.03971574,0.40482558,-59.57249656
Diethanolamine--Carbon_Dioxide,0.0253471,3.095893,161.813302,0.00870725,3.311,89.542792,82941,-0.06256655,0.68006782,-80.75945687
Histidine--Oxime,0.05502232,2.866275,155.920243,0.09033383,3.223,127.727026,76466,-0.04140767,0.53836878,-93.53944621
Piperidine--Benzaldehyde,0.00057693,3.180399,161.793158,0.009324,4.743,160.752289,68372,-0.0273186,0.56653837,-89.53233229
Glycine--18-Crown-6,0.02321344,2.739707,175.109872,0.06067,2.638,213.374851,71651,-0.03501679,0.49714758,-102.34147388
"Dimethylamine--N,N-Dimethylformamide_(DMF)",0.01822693,3.085203,176.95231,0.01647416,4.99,89.197245,79703,-0.04215746,0.49889628,-113.59722684
Tryptophan--Quinoline,0.01808833,2.847195,178.440882,0.05985925,7.72,247.719246,59246,-0.04150651,0.49241835,-63.36527704
"Alanine--N,N-Dimethylformamide_(DMF)",0.0432534,2.716595,178.717709,0.05689786,4.001,106.556473,73947,-0.04765659,0.6777546,-126.39299268
Hydrazine--Dimethyl_Sulfoxide_(DMSO),0.07300792,2.924337,162.111127,0.0293113,2.798,76.022763,76269,-0.05556254,0.62085204,-65.12414824
Benzyl_Alcohol--N-Methyl-2-pyrrolidone_(NMP),0.02990739,2.766462,164.694563,0.04448366,5.409,153.171155,77788,-0.03831465,0.66181723,-134.56064436
Propanoic_Acid--Pyrazine,0.05867406,2.722177,176.96509,0.09117513,2.05,104.907418,72598,-0.04304603,0.54924832,-80.04968768
Dimethylamine--Acetaldehyde,0.00597122,3.249387,165.861099,0.0069803,4.092,68.100101,81652,-0.04279076,0.66041504,-145.75268171
Butanoic_Acid--Anisole,0.01985202,2.781772,175.792642,0.04776598,1.404,142.135459,68449,-0.03331343,0.51445683,-99.36231734
Propan-1-ol--Phenol,0.00979201,2.955657,172.989635,0.02036429,3.296,117.044967,67220,-0.03931957,0.49409593,-70.90636866
Phenol--Dimethyl_Ether,0.02571338,2.842253,176.791117,0.03793571,3.523,105.821218,70971,-0.04342854,0.60380465,-117.93998418
Cyclohexanol--Pyrimidine,0.01935535,2.998909,159.895199,0.01964544,4.121,133.252227,70174,-0.04528523,0.58654382,-128.58867168
Diethanolamine--Benzophenone,0.0160598,2.897224,174.615695,0.02312741,7.156,214.142965,70458,-0.03342182,0.37657647,-61.43721187
"Methylamine--N,N-Dimethylformamide_(DMF)",0.01851461,3.016799,153.490885,0.0157975,3.445,77.159079,75383,-0.0340521,0.56728972,-147.43641434
Ethylene_Glycol--Pyruvic_Acid,0.03262951,2.859549,162.112367,0.03146032,3.308,85.979256,79721,-0.07319144,0.8963817,-126.42081897
Hydrazine--Propan-1-ol,0.04244776,3.517492,97.679113,0.04179292,3.604,67.937509,78940,-0.04397304,0.56596503,-88.69921248
Hydroquinone--Pyrimidine,0.0176356,2.85201,177.417844,0.04792578,2.901,135.472528,75652,-0.04013172,0.46354879,-58.5768825
Thymine--Pyrazine,0.0665138,2.786414,173.272093,0.08165022,5.355,137.820126,76307,-0.0581484,0.68468737,-72.23448076
Ammonia--Hexamethylphosphoramide_(HMPA),0.03815982,3.075696,177.460787,0.0127597,3.735,146.877461,74168,-0.04180781,0.55567444,-77.50433799
Cyclohexanol--Valerolactone,0.01643246,3.065625,171.776865,0.010616,6.827,127.520277,71933,-0.03805682,0.41111911,-57.12317037
Alanine--Vinyl_Acetate,0.04273984,2.731961,175.47697,0.06115436,2.473,112.578999,75907,-0.04304989,0.56864276,-78.43217437
Indole--Carbon_Dioxide,0.00983808,3.230393,179.652203,0.0069304,2.69,113.548569,84650,-0.08559193,0.7255593,-50.70857213
Urea--Ethanol,0.06474239,2.891264,141.776525,0.04437244,4.102,69.655211,79526,-0.05524625,0.92160693,-160.32147878
Threonine--Methanol,0.05988044,2.685249,156.159265,0.07013816,0.725,93.297347,80884,-0.04595204,0.73221243,-103.37417957
N-Methylacetamide--Dimethyl_Sulfoxide_(DMSO),0.03092951,2.902395,175.774798,0.03368564,8.702,103.774026,76173,-0.04585566,0.52197976,-71.51437678
Formamide--Acetic_Acid,0.07401169,2.87956,173.921825,0.04025593,2.836,62.214166,77078,-0.06066291,0.66588637,-82.76289719
Benzoic_Acid--Tetrahydrofuran_(THF),0.02609175,2.723711,174.453125,0.06790131,0.433,137.080775,73907,-0.04900091,0.84629556,-99.36535663
"Phenol--N,N-Dimethylacetamide_(DMAc)",0.02805516,2.761045,167.717122,0.05063532,6.827,134.788475,73912,-0.02946148,0.33662724,-56.72881593
Ammonia--Isoquinoline,0.00656215,3.105594,167.691292,0.01936251,4.126,117.166144,75236,-0.04006028,0.66991017,-102.69452405
Glucose--Tetrahydrofuran_(THF),0.00700287,2.803036,173.524231,0.0467022,5.111,149.819511,74336,-0.03581725,0.46405976,-78.19806396
Dimethylamine--Morpholine,0.00737362,3.132033,169.263536,0.01309432,3.479,99.142342,79204,-0.03913287,0.57711592,-112.79038763
Acetic_Acid--Acetophenone,0.02926989,2.744472,176.039699,0.05433341,5.242,127.071339,78798,-0.04265167,0.66154152,-122.51866439
Butan-2-ol--Pyruvic_Acid,0.01636821,2.902893,152.084277,0.02200567,1.786,104.448064,78192,-0.04216838,0.43230638,-58.56316096
Adenine--Formaldehyde,0.01532405,3.014513,179.913127,0.01806806,8.995,99.136019,84666,-0.06466778,0.58906324,-49.19356632
Imidazole--N-Methyl-2-pyrrolidone_(NMP),0.0175447,2.91659,179.058912,0.02635387,9.571,118.748825,78442,-0.04835901,0.49096011,-57.75183619
Cysteine--Pyrazine,0.05049056,2.682334,175.180532,0.11016436,1.075,133.670886,78123,-0.04377644,0.65178695,-89.54275843
Adenine--N-Methyl-2-pyrrolidone_(NMP),0.01867102,2.831271,178.029078,0.03755353,12.153,149.349728,73663,-0.03382382,0.48178547,-96.00063444
Pyrrolidone--Ethylene_Carbonate,0.02332956,3.320289,120.434926,0.00323231,1.28,103.536111,77609,-0.06732454,0.82823326,-105.63292042
Urea--Urea,0.20788876,2.767063,178.00835,0.06792643,0.092,72.971149,84233,-0.08774916,0.80701915,-71.44522445
Ethylamine--Urea,0.053497,2.98822,140.024649,0.05183723,2.846,73.97977,74950,-0.0332396,0.42079835,-82.41280549
Fructose--Acetic_Acid,0.06118026,2.716717,149.717332,0.04891587,5.039,134.587115,74088,-0.04311128,0.50110456,-107.89008014
Citric_Acid--Acetic_Acid,0.0196534,2.720876,176.731426,0.06583296,2.391,133.17155,73175,-0.0393415,0.5868441,-120.15680006
Ammonia--Methanol,0.0230934,3.092089,154.340789,0.01275186,0.623,35.494251,84829,-0.04199632,0.49955346,-90.1635403
Imidazole--Phenol,0.01256258,2.996076,173.615819,0.02187461,5.964,122.021448,74633,-0.04560507,0.5190539,-65.53752338
Fructose--18-Crown-6,0.01165071,2.856939,177.397033,0.03559899,6.25,269.613699,59044,-0.03657285,0.5745878,-73.78401861
Pyrrolidine--Cyclohexanone,0.00547539,3.183629,155.862709,0.00709292,4.962,127.316381,76712,-0.03358271,0.33449517,-51.22026174
Hydrazine--Phenol,0.03888016,3.406047,101.951188,0.05399876,4.085,95.468041,74227,-0.0420926,0.73334511,-123.35896685
"Methanol--N,N-Dimethylacetamide_(DMAc)",0.04241602,2.791618,169.53586,0.04518521,5.346,84.07512,74565,-0.03228583,0.39311642,-78.10341571
Piperidine--Methyl_Acetate,0.00494883,3.15645,156.917382,0.00834835,2.033,125.919593,77861,-0.03037408,0.33587338,-66.72553339
"Glycerol--1,4-Dioxane",0.02263712,2.88313,159.662147,0.0279233,2.044,110.622303,75687,-0.0448612,0.63215941,-88.05231185
Methanol--Gamma-Butyrolactone_(GBL),0.00688808,2.929036,168.359045,0.01833065,6.749,74.572937,76613,-0.03369334,0.42443755,-72.04544469
Pyrrolidone--Diethyl_Ether,0.02211172,2.907328,168.151532,0.03155947,3.726,113.924735,70897,-0.03553217,0.37676305,-52.60223192
Threonine--Phenol,0.02828519,2.745308,150.395363,0.04128484,1.665,144.05644,69117,-0.03400735,0.43954163,-65.77040647
Acetamide--Butan-2-one_(MEK),0.05152035,2.856005,168.876327,0.04081845,0.907,91.916711,72384,-0.05124607,0.61823968,-75.80010647
"Imidazole--N,N-Dimethylacetamide_(DMAc)",0.031568,2.888488,178.588929,0.03116292,9.748,112.242333,79823,-0.04980229,0.4744933,-53.20181035
Alanine--Acetophenone,0.0401845,2.680959,171.305342,0.07682383,2.674,147.840365,69960,-0.04322932,0.48833549,-71.97705431
Lactic_Acid--Acetone,0.05315581,2.70934,177.507354,0.07215315,5.031,92.299396,78616,-0.03737889,0.50172211,-87.82733893
Butan-2-ol--Morpholine,0.01997355,2.892727,160.203304,0.0367759,3.648,117.423489,73845,-0.0445817,0.42921413,-52.77310197
Sulfuric_Acid--Carbon_Dioxide,0.12812525,2.766911,136.900015,0.02085959,3.561,64.567463,89969,-0.11261792,1.07238015,-71.15982422
Imidazole--Carbon_Dioxide,0.01443807,3.202907,179.888742,0.00785986,4.333,68.863185,94045,-0.07375327,0.80706204,-95.50086824
Chloroacetic_Acid--Benzaldehyde,0.04430599,2.686805,173.674749,0.08317885,4.764,128.258849,73950,-0.0582116,0.5959133,-56.73532315
"Formic_Acid--N,N-Dimethylformamide_(DMF)",0.08713573,2.711477,178.004768,0.05813583,4.774,74.522719,76277,-0.0630253,0.5906294,-56.53489956
Uracil--Ethyl_Acetate,0.02396997,2.909928,174.901712,0.03626178,4.346,125.611936,72745,-0.04415805,0.42064053,-50.84754606
Trifluoroethanol--Acetaldehyde,0.04632992,2.785292,169.142112,0.04648404,3.891,66.805856,83408,-0.05333313,0.83625182,-119.36820165
Imidazole--Dimethyl_Sulfoxide_(DMSO),0.04133886,2.849178,176.005466,0.03982169,9.151,102.768785,82642,-0.04852955,0.61159532,-91.33192888
Ethylamine--Anisole,0.01210266,3.200119,156.764063,0.00783181,2.055,121.863574,72090,-0.03491376,0.39479969,-63.49758616
Methanol--Isoquinoline,0.02160096,2.843058,172.004406,0.04809541,5.035,124.843191,63019,-0.04024209,0.44445489,-70.79890146
Citric_Acid--Acetaldehyde,0.02086509,2.728168,173.215149,0.06802038,2.747,128.595817,70799,-0.03788299,0.83717954,-196.7973058
Acetamide--Methyl_Acetate,0.01351716,3.042604,167.227807,0.0175833,5.578,85.334792,74386,-0.04096364,0.42698345,-67.16380688
Ammonia--Acetophenone,0.02304899,3.074854,156.643139,0.01487617,2.382,106.392519,70736,-0.04406007,0.63160914,-104.42551851
Adenine--Diethyl_Ether,0.02609598,2.858408,179.411838,0.03927708,8.64,137.033066,74727,-0.04023649,0.4243847,-53.0820986
Ethylamine--Butan-2-one_(MEK),0.01593334,3.091054,151.814609,0.01264889,2.151,90.584637,73459,-0.03214241,0.47420917,-96.18447259
Propylamine--Quinoline,0.00625032,3.107081,161.288098,0.01817316,3.551,152.424889,67724,-0.03717974,0.44138622,-56.71806874
Methylamine--Pyridine,0.01324418,3.099289,168.990612,0.02047906,3.476,89.270934,75357,-0.03703026,0.52185038,-91.75148143
Phenol--Quinoline,0.02540015,2.781407,177.939692,0.06577593,4.799,175.507618,67023,-0.03778063,0.40342089,-48.90350404
Hydrazine--Benzophenone,0.01116636,3.020409,150.599273,0.01565482,3.337,166.715767,69015,-0.02885956,0.42610695,-84.46585084
Formamide--Formaldehyde,0.11497284,2.937235,163.553736,0.03121095,1.903,46.340178,88509,-0.0950423,0.93943892,-86.66790362
Serine--Pyrazine,0.04840271,2.71375,176.546624,0.0959895,3.226,118.818883,73541,-0.03459489,0.5589264,-114.54833709
Butan-1-ol--Acetamide,0.0356894,2.752364,155.577526,0.046231,3.546,95.519971,70719,-0.03528521,0.50324223,-81.97000151
Salicylic_Acid--Hexamethylphosphoramide_(HMPA),0.02539814,2.70167,177.07497,0.05640832,2.266,223.218221,66936,-0.03771126,0.44668306,-74.56349943
Acetamide--Dimethyl_Ether,0.03319614,2.96471,171.382563,0.02396044,3.603,72.489068,72864,-0.04572412,0.40862723,-47.54046835
Thymine--Ethylene_Carbonate,0.01576977,2.912851,145.360048,0.01957809,11.253,125.635033,77601,-0.05954914,0.58076912,-58.96441155
Ammonia--Propan-2-ol,0.02466928,3.096133,162.79524,0.01506586,1.354,58.48579,78012,-0.0406594,0.50054813,-99.48677144
Propan-2-ol--Benzaldehyde,0.00706734,2.971538,170.891332,0.01840784,5.705,125.932231,67546,-0.02550741,0.3297694,-63.04303863
Ethylene_Glycol--Dimethyl_Ether,0.04349897,2.85866,177.115697,0.03510828,4.179,71.362739,78874,-0.0549538,0.52728818,-69.15110142
Lactic_Acid--Tetrahydrofuran_(THF),0.05387828,2.696119,173.969024,0.07812735,3.462,102.361111,79646,-0.03815536,0.3832105,-59.56305075
Aspartic_Acid--Ethyl_Acetate,0.02073638,2.777698,165.694891,0.04553707,3.164,131.327446,76165,-0.03976723,0.47140338,-71.29721257
Fructose--Propylene_Carbonate,0.02874498,3.091703,168.038782,0.01170484,4.235,157.707943,72952,-0.04497362,0.78662536,-113.70292566
"Trifluoroethanol--N,N-Dimethylacetamide_(DMAc)",0.05356647,2.674958,169.135324,0.07510623,5.071,99.153726,77719,-0.04464633,0.54216999,-74.82260755
Acetic_Acid--2-Picoline,0.06170207,2.666888,179.481654,0.12077811,3.597,109.168054,75855,-0.05113964,0.65869473,-75.46664913
Urea--Methyl_Acetate,0.02076163,3.055857,168.902007,0.01675183,6.151,82.861936,79311,-0.05307239,0.75616681,-94.88337076
Benzoic_Acid--Methanol,0.05144564,2.780785,179.867725,0.04478537,1.932,107.179822,78452,-0.0672624,0.62148566,-58.62194088
Ascorbic_Acid--Ethanol,0.01782782,2.801533,170.45614,0.04024234,7.376,127.198858,74155,-0.04364452,0.51157759,-81.00015362
Glycine--Anisole,0.03899771,2.772512,174.772277,0.05332656,2.42,127.937438,70075,-0.04213151,0.45092536,-70.46875175
N-Methylacetamide--Morpholine,0.0242219,2.972653,172.602075,0.0249627,7.547,111.861352,76709,-0.04999495,0.77109224,-141.27591926
Catechol--Ethanol,0.02552787,2.840681,169.38488,0.03279244,2.717,109.964014,75582,-0.04118208,0.46005417,-59.05795607
Resorcinol--Oxime,0.01471495,2.913363,174.768093,0.02617513,2.877,104.653784,78378,-0.04868389,0.49765662,-56.54681616
Dimethylamine--2-Picoline,0.01540857,3.071198,179.592184,0.02402397,3.08,112.771652,76746,-0.0366492,0.47934496,-87.98480266
Propanoic_Acid--Anisole,0.03172841,2.785477,176.611432,0.04752554,1.394,130.484504,72634,-0.03712039,0.54191745,-93.07738301
Oxalic_Acid--Phenol,0.03599243,2.7397,171.411729,0.0589466,3.966,113.829208,75987,-0.06385478,0.72634528,-83.39767235
Piperidine--Dimethyl_Ether,0.00671953,3.128382,169.053837,0.0121759,2.584,113.123539,78572,-0.03037502,0.61901835,-148.03266119
Hydrazine--Methanol,0.06617919,3.363,105.002133,0.04489324,3.232,44.744372,85034,-0.04556509,0.44002762,-57.20658822
Propylamine--Isoquinoline,0.0154517,3.116233,171.277382,0.01941402,3.707,152.449756,72502,-0.03546307,0.46708834,-81.22053875
Butan-2-ol--Acetone,0.03251686,2.857799,164.974174,0.03283818,3.525,97.714874,74611,-0.04387958,0.50760293,-73.19054293
Butan-2-ol--Carbon_Dioxide,0.00881728,3.201331,173.016064,0.00598205,1.962,75.441267,79559,-0.04598436,0.6814215,-114.36202782
Hydroquinone--Pyrazine,0.02478537,2.838077,177.959403,0.05073564,1.287,135.462145,73852,-0.0359461,0.49487956,-81.4210296
Histidine--Tetrahydrofuran_(THF),0.01305421,3.03669,162.651258,0.01694328,6.206,151.357898,75117,-0.04822695,0.77448974,-89.66896244
Formamide--Cyclohexanone,0.02894533,2.869637,179.223388,0.04423083,2.751,98.922631,72333,-0.04393297,0.4270817,-51.79517392
Alanine--Acetic_Acid,0.0333148,2.751336,178.240355,0.05775209,2.449,89.956808,75828,-0.04831696,0.52968073,-69.50149112
Salicylic_Acid--Ethyl_Acetate,0.01493653,2.851896,173.875938,0.03629317,4.472,148.244545,70075,-0.04091447,0.48123696,-79.76238172
Threonine--2-Picoline,0.02762461,2.653347,179.17083,0.13045018,4.018,146.297323,72116,-0.03517077,0.57705717,-136.19539131
Hydrogen_Peroxide--Isoquinoline,0.02820638,2.755003,172.096158,0.07265549,3.643,117.504267,64745,-0.04509755,0.50889127,-56.6353374
Aniline--Ethylene_Carbonate,0.00583647,3.067637,164.126102,0.01498169,7.137,123.345251,77701,-0.0462599,0.42873281,-46.93482484
Glutamic_Acid--Dimethyl_Sulfoxide_(DMSO),0.08132522,2.568526,168.234086,0.11996824,4.156,137.910047,78668,-0.05970773,0.55400095,-49.05266306
Pyrrole--Cyclohexanone,0.00906601,3.01451,177.581445,0.0176577,6.58,125.835371,76160,-0.03009414,0.41429773,-79.92629616
Serine--Acetamide,0.07000767,2.631233,179.049727,0.11028612,2.628,99.171867,72371,-0.0337724,0.41654996,-81.06202616
Citric_Acid--Methyl_Acetate,0.02130364,2.816971,177.281137,0.04142936,2.943,145.002368,76776,-0.03811254,0.58645608,-90.39268875
Butylamine--Cyclohexanone,0.00777454,3.084059,151.863564,0.01320591,2.344,132.192732,77272,-0.02909723,0.44063126,-91.65222932
Oxalic_Acid--Ethanol,0.12396596,2.641133,157.713699,0.0897689,1.379,74.653632,80099,-0.07842365,0.7168728,-63.27285256
"Ammonia--N,N-Dimethylacetamide_(DMAc)",0.05120682,3.030626,163.68688,0.01963532,3.897,76.392588,75280,-0.04927485,0.53712013,-73.44639214
"N-Methylacetamide--N,N-Dimethylacetamide_(DMAc)",0.02735564,2.920519,175.866318,0.0280211,9.996,113.25527,76047,-0.04533335,0.58449056,-98.66610087
Oxalic_Acid--Hexamethylphosphoramide_(HMPA),0.05669255,2.624915,177.083993,0.07761647,5.91,174.423249,72527,-0.04743809,0.62232222,-76.67648335
Methanol--Pyrazine,0.03951106,2.88204,172.730652,0.04062483,2.379,80.347071,75340,-0.04575353,0.48968168,-63.52020433
Catechol--Acetaldehyde,0.03990529,2.852437,170.748453,0.03521109,3.611,106.921317,79075,-0.05594334,0.5383478,-56.99086937
Propylamine--Acetamide,0.04238175,2.99042,138.724642,0.0517816,2.844,88.13478,74725,-0.03722815,0.3905588,-66.30853186
Aspartic_Acid--Vinyl_Acetate,0.01815246,2.750846,177.289955,0.04676283,3.321,130.606838,75868,-0.03622277,0.43490289,-74.85491933
Adenine--Trioxane,0.01409299,2.92384,172.128344,0.02848081,7.73,125.250716,77644,-0.04197124,0.66846029,-147.00310047
Butanoic_Acid--Diethyl_Ether,0.03301183,2.733973,178.372405,0.06533894,2.252,114.502303,74464,-0.02764964,0.32311317,-68.80384731
Formamide--Morpholine,0.03486771,2.873962,162.020573,0.03892754,1.65,88.702807,72910,-0.04910477,0.47316166,-53.90530166
Resorcinol--Ethanol,0.02806891,2.817732,175.168316,0.04173348,3.962,109.844395,72617,-0.03845013,0.44158951,-72.12476971
Butylamine--Pyrimidine,0.00638529,3.128296,167.933227,0.01767095,2.744,119.687856,76803,-0.03869091,0.50250912,-84.55646951
Catechol--Formaldehyde,0.02271981,2.901793,170.23341,0.02890474,2.216,95.578504,85246,-0.08012923,0.69428369,-56.01239398
Urea--Ethyl_Acetate,0.02951718,3.012992,172.544869,0.02262081,6.357,94.400429,71679,-0.05323759,0.50954259,-64.07652923
Cytosine--Anisole,0.02635725,2.939591,171.375089,0.03050405,2.767,156.388873,75564,-0.04321427,0.56424381,-86.08235763
Barbituric_Acid--Phenol,0.03572714,2.816114,143.732339,0.02955627,1.446,142.448311,81827,-0.05896572,0.68522002,-77.50397338
Oxalic_Acid--Ethyl_Acetate,0.03772828,2.762853,176.980458,0.05479058,2.452,99.50376,79656,-0.04695943,0.53839748,-70.65665218
Hydrazine--Ethanol,0.01530575,3.115043,172.196981,0.014835,1.517,56.162029,80797,-0.04187562,0.47718559,-82.16254908
Cysteine--Ethyl_Acetate,0.02845849,2.790013,168.447056,0.04641049,3.585,132.958781,79032,-0.05005833,0.71016945,-102.84207993
Thymine--Urea,0.10839389,2.699634,179.450173,0.0955055,6.338,115.662718,79774,-0.0584442,0.60964491,-64.43916551
Dimethylamine--Pyrimidine,0.02127607,3.096501,160.580451,0.01874694,3.141,96.74094,78053,-0.06150121,0.60129408,-63.42914589
"Pyrrolidine--1,4-Dioxane",0.0080675,3.137039,155.478236,0.01032899,1.537,112.562657,75390,-0.04368643,0.48842108,-69.11101705
Benzoic_Acid--Pyrazine,0.08246447,2.722197,178.111734,0.09052257,1.78,144.308832,83405,-0.08418932,0.75288837,-62.193479
Threonine--Acetamide,0.03566458,2.69645,176.752917,0.07558866,4.528,110.653195,76400,-0.03522072,0.47841802,-81.06994842
Piperidine--Acetophenone,0.01715852,3.065475,148.792849,0.01318844,2.762,171.988338,67564,-0.02614259,0.25990669,-50.2160965
Aniline--Cyclohexanone,0.00859964,3.029277,173.810773,0.0188757,4.891,148.200612,73214,-0.03514629,0.4541049,-64.28170341
N-Methylacetamide--Quinoline,0.0295003,2.883463,173.20657,0.05223917,7.467,153.928997,69104,-0.04201844,0.41618842,-57.16929926
Thymine--18-Crown-6,0.01777084,2.848918,169.7419,0.04319624,3.136,248.855905,69641,-0.03777752,0.38817211,-53.04893246
Propan-2-ol--Cyclohexanone,0.00928341,2.858941,166.518194,0.03344588,3.786,115.950256,74225,-0.03017989,0.40652096,-103.23672705
Lactic_Acid--Quinoline,0.04351841,2.655036,169.648358,0.12619035,5.956,154.034547,71395,-0.04368102,0.42399026,-47.50973588
Uracil--Gamma-Butyrolactone_(GBL),0.03791458,2.809853,178.45853,0.05513003,6.259,120.505223,73061,-0.05153915,0.65494511,-92.52153003
Acetamide--Phosphate_Ion,0.01670118,2.463224,163.00087,0.19901781,7.284,81.508422,80127,-0.08851911,1.59570662,-167.67317854
Hydroxylamine--2-Picoline,0.03828164,2.966139,166.565406,0.03579509,2.516,93.328889,77551,-0.05678226,0.66313338,-85.92579476
Butanoic_Acid--Methyl_Acetate,0.01988951,2.839227,171.751111,0.03763309,3.579,104.27304,74816,-0.03657244,0.71054418,-127.47959882
Threonine--Isoquinoline,0.03627057,2.664356,173.671746,0.11724637,4.33,174.873708,70178,-0.03589185,0.51241572,-77.56782383
Chloroacetic_Acid--Pyruvic_Acid,0.06746563,2.7127,169.608248,0.06528711,2.011,95.354706,78080,-0.07455099,0.76621302,-68.90040159
Fructose--Pyridine,0.03487405,2.808474,170.045045,0.0555906,4.794,163.214797,68538,-0.03871132,0.48089046,-75.82833188
Salicylic_Acid--Dimethyl_Ether,0.04346343,2.759912,171.979823,0.05981693,1.688,123.741953,71061,-0.04912494,0.79057631,-116.3300212
Phenol--Ethyl_Acetate,0.02234941,2.890576,171.648866,0.02834252,1.422,130.236898,69153,-0.04434254,0.7256118,-119.11679097
Uracil--Benzophenone,0.01361309,2.798627,169.881497,0.05259787,8.098,211.203005,66482,-0.03471768,0.48074382,-87.2603284
Trifluoroethanol--Urea,0.04500539,2.711386,169.816098,0.05355709,5.952,73.298121,81489,-0.05189146,0.51239268,-64.83519514
Citric_Acid--Methanol,0.03496574,2.75491,179.41644,0.05055121,3.155,120.125988,75809,-0.04272107,0.61138028,-98.55840557
Resorcinol--Quinoline,0.02300842,2.78103,178.41192,0.06618217,5.265,179.972507,66739,-0.04015665,0.51740462,-84.54190977
Butan-1-ol--Quinoline,0.01527341,2.854566,175.729455,0.045917,4.184,159.788351,58051,-0.03363883,0.44659762,-61.53394893
Catechol--Tetrahydrofuran_(THF),0.02265753,2.822902,169.209281,0.04096409,1.808,128.258174,71019,-0.04951825,0.48490419,-52.49112491
Hydrazine--Tetrahydrofuran_(THF),0.01716841,3.082601,160.783442,0.01496117,1.213,74.568572,71925,-0.04280289,0.47858751,-70.65220506
Ethylamine--Sulfate_Ion,0.01436262,3.047485,166.220939,0.01622677,1.523,78.535965,77543,-0.0457167,0.5961761,-77.45787999
Uracil--Propylene_Carbonate,0.02946873,2.792542,156.915586,0.04003397,4.835,125.593537,69655,-0.04632734,0.60358065,-68.99504377
Butan-2-ol--Benzophenone,0.01378436,2.914432,163.771028,0.01946177,5.486,199.997653,69818,-0.02955462,0.42210966,-67.63357716
Saccharin--Ethyl_Acetate,0.03137952,2.849154,171.876711,0.04189744,5.897,173.233697,74531,-0.04927075,0.54561572,-59.78442615
Ammonia--Urea,0.10289513,2.965895,143.618899,0.04611861,2.739,50.421647,80109,-0.054191,0.62549523,-89.84965281
Ammonia--Valerolactone,0.01743619,3.201958,148.591146,0.00696914,3.381,66.833476,79385,-0.0496535,0.65809235,-128.91699332
Serine--Diethyl_Ether,0.02509329,2.717607,176.393105,0.07063941,3.762,116.74332,78529,-0.03141551,0.35794034,-71.29630003
Propan-1-ol--Formaldehyde,0.02100189,2.94156,162.462107,0.02197,2.459,63.48664,75399,-0.03510427,0.47508071,-100.19500932
Phenol--Formaldehyde,0.01669987,2.908745,168.831311,0.02750064,3.795,91.038427,75849,-0.04099072,0.46515039,-75.47723603
Alanine--Pyrimidine,0.05612253,2.70548,167.157167,0.089715,3.298,114.096429,76185,-0.0519719,0.53364355,-70.84706389
Salicylic_Acid--2-Picoline,0.04417863,2.676449,179.282858,0.11363442,1.529,164.916401,77706,-0.03996482,0.47944259,-62.30482383
"Glutamic_Acid--N,N-Dimethylacetamide_(DMAc)",0.06711143,2.659947,172.965158,0.07810391,4.711,147.261388,75623,-0.04689997,0.47296121,-72.04236982
Saccharin--Quinoline,0.01366601,2.654757,169.448356,0.14522971,1.36,218.330038,70779,-0.06873201,1.30256084,-201.73875241
Formic_Acid--Morpholine,0.04639005,2.723774,174.351049,0.06775196,3.284,84.376129,77155,-0.04528955,0.45502892,-54.34798173
Ethylamine--Propan-2-ol,0.00884186,3.120264,173.017073,0.01157698,2.607,82.145693,74879,-0.02632181,0.37832538,-93.76802847
Aniline--Hexamethylphosphoramide_(HMPA),0.02625352,3.009702,174.185423,0.01732115,5.06,209.861804,71815,-0.03719336,0.44127045,-61.29608156
Cysteine--Hexamethylphosphoramide_(HMPA),0.03122271,2.655093,179.015665,0.06463086,3.883,207.960578,75896,-0.03344254,0.44209605,-65.19671427
Cysteine--Formaldehyde,0.04668894,2.766187,170.596215,0.05823999,1.608,93.705276,82158,-0.0555885,0.83207872,-94.99720309
Catechol--Isoquinoline,0.05232971,2.802152,169.688672,0.05566493,4.089,180.082079,81483,-0.07748017,0.80846249,-71.28811714
Ethylene_Glycol--Morpholine,0.02477887,2.849018,174.061247,0.03444428,5.617,98.929044,80360,-0.05469791,0.8400811,-124.79704763
Propanoic_Acid--Oxime,0.04184867,2.820415,172.25408,0.03910192,1.593,74.060324,81157,-0.0412119,0.46757369,-73.42478886
Pyrrolidine--N-Methyl-2-pyrrolidone_(NMP),0.00959423,3.023338,156.790244,0.01743495,3.891,125.007034,74446,-0.0383661,0.41757793,-61.25591786
Dimethylamine--Benzaldehyde,0.00267964,3.19389,161.685658,0.00885867,4.847,119.205901,79947,-0.03798195,0.40931084,-60.49125665
Acetamide--Diethyl_Ether,0.02089885,2.940678,171.889314,0.02722615,3.707,95.619888,74531,-0.03632331,0.38050329,-63.34278057
Cytosine--Pyrimidine,0.06752572,2.837378,172.440368,0.06382293,3.843,130.819315,78426,-0.06872015,0.73174096,-91.4362799
"Ethylene_Glycol--N,N-Dimethylacetamide_(DMAc)",0.04381218,2.765014,172.360741,0.05183743,7.071,100.287022,72453,-0.04239342,0.66712695,-97.99544568
Aniline--Acetophenone,0.01733273,2.985379,160.380757,0.02268831,4.024,169.356432,64633,-0.03761957,0.43360234,-80.49163793
Glucose--Pyruvic_Acid,0.02614553,2.860756,166.067195,0.03477346,3.936,146.481308,71599,-0.03826774,0.4030041,-62.17270946
N-Methylformamide--Trioxane,0.01459488,3.008698,168.877282,0.02011127,4.841,84.32298,78044,-0.04612301,0.58608504,-79.70967272
Formic_Acid--Propylene_Carbonate,0.05384107,2.710518,160.32049,0.05097325,4.447,81.33249,77024,-0.05605518,0.65193348,-73.43895217
Uracil--Acetic_Acid,0.12074151,2.726955,170.729461,0.08310934,4.176,102.309026,74346,-0.06584259,0.6177707,-54.20577205
Citric_Acid--Ethanol,0.03302694,2.679264,156.77477,0.07105698,0.586,131.738821,75237,-0.03710528,1.00861178,-193.16553784
Diethanolamine--Methyl_Acetate,0.02231521,3.034354,156.813276,0.01259379,2.179,116.874462,78761,-0.0474966,0.58620008,-86.49656488
"Diethanolamine--1,4-Dioxane",0.02568167,2.896264,170.483768,0.02523755,3.289,127.005695,75258,-0.05215211,0.55148506,-67.70131726
Glutamic_Acid--Propan-2-ol,0.06089469,2.686925,156.533083,0.06934728,2.471,129.449617,80478,-0.04359532,0.43168468,-57.83929512
Tryptophan--Trioxane,0.01133377,2.995764,173.681276,0.02083902,5.647,189.391748,70720,-0.04365051,0.50728425,-66.41645485
Resorcinol--Benzophenone,0.00889283,2.859657,174.229236,0.02660659,6.531,220.429132,68865,-0.03035905,0.5874464,-128.78031466
Cytosine--Ethylene_Carbonate,0.01550999,3.019376,159.044172,0.01887835,4.079,118.470873,76281,-0.04732571,0.42294503,-43.15094373
"Propanoic_Acid--N,N-Dimethylacetamide_(DMAc)",0.05280239,2.646334,168.569615,0.07518013,3.025,108.70491,77835,-0.04337315,0.67813314,-134.2254299
Citric_Acid--Pyrazine,0.03222034,2.70255,177.025015,0.10052073,2.642,157.248419,73005,-0.03343881,0.3287541,-49.46861485
Cytosine--Benzophenone,0.0163751,2.855337,143.492181,0.02790368,2.674,215.734892,73893,-0.03354169,0.43888705,-64.42217477
Ammonia--Morpholine,0.00744494,3.115172,151.299158,0.00940303,4.521,75.088438,76267,-0.04351612,0.50880011,-83.17898026
Alanine--Phenol,0.03850451,2.794159,168.68499,0.0431683,2.913,127.654406,71664,-0.0499157,0.58132477,-102.86174207
Indole--Pyrimidine,0.04517481,2.940596,179.570943,0.04043779,4.474,153.215146,76979,-0.08734679,0.70435334,-46.66916964
Serine--Valerolactone,0.01940611,2.703976,161.563563,0.05443541,2.137,113.096425,75859,-0.04044582,0.46836802,-62.40869052
Formic_Acid--Phenol,0.054361,2.778989,169.486918,0.04704279,3.518,95.617489,78390,-0.07620873,0.85010382,-86.61354831
Butanoic_Acid--Hexamethylphosphoramide_(HMPA),0.018997,2.69258,179.703842,0.05360305,4.137,190.874415,69996,-0.03201529,0.5518907,-90.31961441
Benzyl_Alcohol--Propan-1-ol,0.01753533,2.840064,176.926646,0.0374281,3.621,128.926124,77960,-0.03656341,0.4620263,-113.70096795
Glucose--Dimethyl_Ether,0.03627552,2.817869,171.497437,0.04399477,5.165,131.880543,76358,-0.03835906,0.43413298,-59.3197576
Methanol--Pyruvic_Acid,0.00902365,2.977008,158.811919,0.01387897,3.592,69.816818,87785,-0.04467678,0.48067361,-70.42198669
"Propan-1-ol--N,N-Dimethylacetamide_(DMAc)",0.02884432,2.805013,171.034084,0.04302991,5.867,107.257283,75963,-0.03005952,0.43785695,-95.57648999
Trifluoroethanol--Sulfate_Ion,0.30546778,2.741181,148.358741,0.1409819,2.063,77.915504,82252,-0.09166947,0.90492248,-72.08826854
Sulfuric_Acid--Acetone,0.13608001,2.543124,156.437776,0.09327303,3.631,86.60134,78631,-0.07713302,1.27263211,-150.06168911
Formic_Acid--Acetophenone,0.06496992,2.693694,168.352124,0.07567465,6.745,115.823744,78810,-0.05217275,0.58801058,-70.11401642
Resorcinol--Methyl_Acetate,0.01615909,2.918094,171.147971,0.02482212,2.758,123.195178,73020,-0.04485708,0.81605885,-138.94512003
Chloroacetic_Acid--Oxime,0.05465025,2.7779,172.564305,0.04736349,2.391,75.025812,81538,-0.07449045,0.80757209,-67.45328123
Tryptophan--Sulfate_Ion,0.01803246,2.974928,177.524371,0.02081828,4.488,185.583121,64987,-0.05532676,0.76888743,-114.76382105
Lactic_Acid--2-Picoline,0.05994043,2.633771,179.198773,0.14560434,6.173,125.517668,76809,-0.0380281,0.39138257,-52.64506204
Catechol--Diethyl_Ether,0.02937575,2.816622,176.37448,0.04227629,2.325,133.469084,71107,-0.04561108,0.60583483,-92.81378593
Formic_Acid--Carbon_Dioxide,0.08167398,2.901594,150.804111,0.01942118,1.759,42.48186,96125,-0.11749586,0.94376548,-57.99307139
Pyrrolidine--Pyridine,0.0166396,3.072851,161.575989,0.02147375,3.55,119.263499,73361,-0.04561685,0.57879356,-82.69673809
Aniline--Propan-1-ol,0.01107206,3.008652,158.898909,0.0187321,3.588,121.643834,79809,-0.03258886,0.39678772,-65.91808004
Glycine--Dimethyl_Sulfoxide_(DMSO),0.10963256,2.575903,166.439167,0.11481524,3.954,96.813939,75392,-0.06415969,1.67570969,-221.02243504
Acetamide--Dimethyl_Sulfoxide_(DMSO),0.06354373,2.764348,177.172554,0.06278382,0.378,91.868205,76379,-0.05443406,0.56762861,-56.14411397
Cytosine--Acetic_Acid,0.03641888,2.862114,175.07224,0.04435966,1.604,106.631042,74078,-0.04729585,0.60037344,-113.68111486
Ethylamine--Vinyl_Acetate,0.00285499,3.25437,156.737976,0.00523165,3.914,94.787928,71375,-0.02788703,0.31723891,-59.89332246
Cytosine--Pyridine,0.08813287,2.796057,173.730399,0.07804287,3.413,135.30913,78753,-0.07128945,0.65970377,-51.42267089
Pyrrolidone--18-Crown-6,0.01913151,2.951035,167.701814,0.02922961,7.585,226.962456,74755,-0.0356971,0.49700637,-84.21592185
21_AcNH2-AcNH2_0.90,0.7697474,4.96774082,180.0,0.98375084,0.003,77.936729,73977,-0.08125578,0.91396585,-90.14528281
21_AcNH2-AcNH2_0.95,0.76051524,4.96898975,180.0,0.98374515,0.004,77.936216,73969,-0.08129209,0.9096758,-88.45418466
21_AcNH2-AcNH2_1.00,0.75258397,4.96924409,180.0,0.98375229,0.005,77.936479,73976,-0.08143459,0.91385962,-87.88206101
21_AcNH2-AcNH2_1.05,0.73605461,4.9694404,180.0,0.98376415,0.005,77.936915,73970,-0.08155864,0.91447749,-87.09278606
21_AcNH2-AcNH2_1.10,0.71954373,4.96968313,180.0,0.98376573,0.006,77.936976,73939,-0.08178859,0.9183201,-87.07793694
21_AcNH2-AcNH2_1.25,0.71702424,4.96949412,180.0,0.98375053,0.007,77.936847,72822,-0.08361138,0.76082855,-74.47459446
21_AcNH2-AcNH2_1.50,0.64053572,4.96879067,180.0,0.98374204,0.011,77.936692,73610,-0.08177739,0.66834157,-50.74652769
21_AcNH2-AcNH2_2.00,0.59583545,4.97211654,180.0,0.98266978,0.18,77.934637,74672,-0.07239606,0.99053941,-146.54248542
63_Benzene-AcOH_0.90,0.05854909,3.41336106,180.0,0.00170525,1.888,102.430829,75253,-0.05922211,0.58547547,-65.13592287
63_Benzene-AcOH_0.95,0.04900192,3.44659238,180.0,0.00164493,1.879,102.427939,77128,-0.05771566,0.60849068,-69.36133006
63_Benzene-AcOH_1.00,0.04784808,3.3999944,180.0,0.00283914,1.846,102.431192,78865,-0.05954636,0.63946533,-68.516866
63_Benzene-AcOH_1.05,0.04080204,3.40131209,180.0,0.00265227,1.858,102.427308,77178,-0.0589977,0.61058836,-76.25057913
63_Benzene-AcOH_1.10,0.03930359,3.42473274,180.0,0.0025168,1.868,102.429088,77229,-0.05864338,0.58996799,-64.94861345
63_Benzene-AcOH_1.25,0.02729536,3.37693149,180.0,0.00158033,1.872,102.435487,77656,-0.05831876,0.8093615,-155.57103356
63_Benzene-AcOH_1.50,0.01009262,3.42375657,180.0,0.00255341,1.855,102.433162,77472,-0.05930535,0.72264229,-130.84987463
63_Benzene-AcOH_2.00,0.0,6.61395191,180.0,0.0,1.988,102.453373,80789,-0.03779599,0.41640602,-58.84480972
52_Benzene-AcOH_OH-pi_0.90,0.0950186,4.40067284,180.0,0.00621729,1.828,102.342348,78451,-0.04450866,0.51799789,-63.62071086
52_Benzene-AcOH_OH-pi_0.95,0.09212188,4.38723051,180.0,0.00639958,1.816,102.341213,78321,-0.04470306,0.5332686,-72.46875754
52_Benzene-AcOH_OH-pi_1.00,0.07836555,4.41769163,180.0,0.0100191,1.884,102.330977,79972,-0.04359495,0.55974581,-91.58129244
52_Benzene-AcOH_OH-pi_1.05,0.07316382,4.41070871,180.0,0.00924813,1.888,102.332523,78427,-0.04400909,0.48469349,-60.12178161
52_Benzene-AcOH_OH-pi_1.10,0.0723932,4.42084177,180.0,0.00914409,1.886,102.333931,80212,-0.04282228,0.4587376,-56.03566287
52_Benzene-AcOH_OH-pi_1.25,0.07156189,4.46014674,180.0,0.01045273,1.871,102.333672,79128,-0.0440468,0.62560769,-118.26612478
52_Benzene-AcOH_OH-pi_1.50,0.06217364,4.63462468,180.0,0.01743103,1.963,102.325281,77081,-0.0433328,0.44606332,-59.6747476
52_Benzene-AcOH_OH-pi_2.00,0.0,7.0834672,180.0,4e-08,1.986,102.446065,86193,-0.0301767,0.42452157,-79.33417688
47_Benzene-Benzene_TS_0.90,0.03883544,4.91836049,180.0,0.00074472,0.135,135.7514,69350,-0.04776444,0.49951632,-70.79987432
47_Benzene-Benzene_TS_0.95,0.03856785,4.92985512,180.0,0.00074885,0.133,135.751746,69161,-0.04790207,0.51010419,-74.36189878
47_Benzene-Benzene_TS_1.00,0.03227642,4.93931038,180.0,0.00080983,0.135,135.751187,69394,-0.04728122,0.45358863,-53.96264418
47_Benzene-Benzene_TS_1.05,0.0289355,4.88934899,180.0,0.00096256,0.151,135.750372,69461,-0.04775147,0.47855738,-56.54094334
47_Benzene-Benzene_TS_1.10,0.02795636,4.92321281,180.0,0.00079878,0.142,135.750336,69559,-0.04735632,0.48056722,-65.1988549
47_Benzene-Benzene_TS_1.25,0.0272222,4.9488447,180.0,0.00084415,0.139,135.751937,68997,-0.04760899,0.49944513,-57.7236401
47_Benzene-Benzene_TS_1.50,0.02333281,4.89034996,180.0,0.0009305,0.147,135.751807,69508,-0.04779569,0.45086139,-48.58077334
47_Benzene-Benzene_TS_2.00,0.0,7.81019479,180.0,0.0,0.021,135.739784,76072,-0.03379711,0.45114935,-67.70010788
24_Benzene-Benzene_pi-pi_0.90,0.07206436,3.52981598,180.0,0.00062155,0.0,135.765914,73186,-0.06787464,0.63185014,-55.92783871
24_Benzene-Benzene_pi-pi_0.95,0.06479547,3.58601741,180.0,0.00063066,0.0,135.766959,73942,-0.06441929,0.59430135,-50.47910227
24_Benzene-Benzene_pi-pi_1.00,0.06073371,3.59506814,180.0,0.00063619,0.0,135.766614,73993,-0.06456546,0.61801883,-54.43726268
24_Benzene-Benzene_pi-pi_1.05,0.05891498,3.58479499,180.0,0.00067235,0.0,135.766975,73816,-0.06484338,0.5774792,-47.19961991
24_Benzene-Benzene_pi-pi_1.10,0.03635838,3.57711945,180.0,0.00071517,0.0,135.767635,73286,-0.06515778,0.56707202,-47.23036775
24_Benzene-Benzene_pi-pi_1.25,0.00995827,3.59682098,180.0,0.00067672,0.0,135.767307,73235,-0.0654136,0.56914175,-47.78552757
24_Benzene-Benzene_pi-pi_1.50,0.00136981,3.52237696,180.0,0.00075467,0.0,135.767346,71981,-0.06699048,0.55025501,-41.10963336
24_Benzene-Benzene_pi-pi_2.00,0.0,7.49884085,180.0,0.0,0.0,135.740954,81427,-0.02837382,0.3319492,-53.06451784
39_Benzene-Cyclopentane_0.90,0.06972152,3.84479981,180.0,0.00219775,0.168,126.230327,71024,-0.05488997,0.47981485,-43.92060761
39_Benzene-Cyclopentane_0.95,0.05607052,3.8345853,180.0,0.00222751,0.169,126.23205,71013,-0.05453932,0.46589203,-41.48886108
39_Benzene-Cyclopentane_1.00,0.04894055,3.84406926,180.0,0.00248912,0.165,126.230826,72548,-0.0534306,0.46157912,-41.72186643
39_Benzene-Cyclopentane_1.05,0.04163276,3.86441619,180.0,0.00200107,0.163,126.230937,71415,-0.05410204,0.50277748,-54.44354643
39_Benzene-Cyclopentane_1.10,0.03243542,3.85214099,180.0,0.00209945,0.166,126.230413,71504,-0.05404062,0.50182422,-51.37132251
39_Benzene-Cyclopentane_1.25,0.02636303,3.83451676,180.0,0.00258343,0.165,126.232359,71377,-0.05362494,0.47316128,-46.11704248
39_Benzene-Cyclopentane_1.50,0.02635483,3.90370341,180.0,0.0011588,0.152,126.229254,72628,-0.05288845,0.63414233,-78.79691758
39_Benzene-Cyclopentane_2.00,0.0,7.12840645,180.0,0.0,0.015,126.194461,79343,-0.03370854,0.4974552,-80.23694847
56_Benzene-MeNH2_NH-pi_0.90,0.05817057,3.4824775,180.0,0.00319706,1.572,93.83966,78782,-0.04496398,0.53958574,-75.71678959
56_Benzene-MeNH2_NH-pi_0.95,0.03131361,3.49551637,180.0,0.00275035,1.557,93.838733,78724,-0.04506037,0.54017905,-79.97439107
56_Benzene-MeNH2_NH-pi_1.00,0.02819872,3.48282765,180.0,0.0030675,1.568,93.83936,78786,-0.04501559,0.50744746,-65.79283619
56_Benzene-MeNH2_NH-pi_1.05,0.02718816,3.4802473,180.0,0.00262999,1.558,93.839972,78736,-0.0456913,0.57835242,-83.97921297
56_Benzene-MeNH2_NH-pi_1.10,0.02655949,3.48731978,180.0,0.00242698,1.547,93.838696,78432,-0.04567085,0.56694757,-79.68892539
56_Benzene-MeNH2_NH-pi_1.25,0.02455021,3.50865175,180.0,0.00244899,1.579,93.83978,79465,-0.04546136,0.63393021,-94.57289856
56_Benzene-MeNH2_NH-pi_1.50,0.0224593,3.52048796,180.0,0.00367646,1.583,93.836783,79358,-0.04506131,0.5381367,-88.95071992
56_Benzene-MeNH2_NH-pi_2.00,0.0,6.59226325,180.0,0.0,1.442,93.833422,85347,-0.02715934,0.38192403,-76.08930567
49_Benzene-Pyridine_TS_0.90,0.04738246,4.71924327,180.0,0.00085189,2.267,131.15343,68785,-0.05037072,0.58139387,-65.41383911
49_Benzene-Pyridine_TS_0.95,0.04597291,4.72117166,180.0,0.00084338,2.266,131.153469,68844,-0.05038228,0.59023189,-69.04292021
49_Benzene-Pyridine_TS_1.00,0.04384027,4.72900625,180.0,0.00093009,2.266,131.153261,68980,-0.05089034,0.59615496,-63.77091425
49_Benzene-Pyridine_TS_1.05,0.03931938,4.68950475,180.0,0.00102279,2.279,131.152177,68935,-0.05143531,0.59330237,-61.22081466
49_Benzene-Pyridine_TS_1.10,0.03578337,4.72245952,180.0,0.00078727,2.272,131.152347,68967,-0.05132779,0.59345877,-62.3078543
49_Benzene-Pyridine_TS_1.25,0.03347675,4.65949846,180.0,0.00114313,2.275,131.153964,69634,-0.04864869,0.5672742,-76.72363095
49_Benzene-Pyridine_TS_1.50,0.0305706,4.67993469,180.0,0.00123746,2.27,131.153969,70748,-0.04707539,0.47605993,-51.45765176
49_Benzene-Pyridine_TS_2.00,0.0,7.59377143,180.0,0.0,2.128,131.151495,79637,-0.03145745,0.5001276,-83.31744583
27_Benzene-Pyridine_pi-pi_0.90,0.08075468,3.44277918,180.0,0.00111222,1.987,131.158967,75533,-0.06776481,0.61370584,-59.66671936
27_Benzene-Pyridine_pi-pi_0.95,0.06037176,3.44319085,180.0,0.00131604,1.988,131.159425,74194,-0.06821208,0.60965307,-49.14662652
27_Benzene-Pyridine_pi-pi_1.00,0.05792437,3.45259953,180.0,0.00131031,1.988,131.159731,74127,-0.06825137,0.66474792,-59.16132569
27_Benzene-Pyridine_pi-pi_1.05,0.05687883,3.46686748,180.0,0.00136728,1.99,131.159762,74194,-0.06757674,0.62940272,-50.86529751
27_Benzene-Pyridine_pi-pi_1.10,0.05548702,3.41169561,180.0,0.00130941,1.977,131.158876,75722,-0.06719304,0.59586221,-52.12225845
27_Benzene-Pyridine_pi-pi_1.25,0.05341494,3.46555297,180.0,0.00138958,1.982,131.160346,76293,-0.06357842,0.54609493,-42.69336323
27_Benzene-Pyridine_pi-pi_1.50,0.04545594,3.42584214,180.0,0.00115493,1.974,131.158666,76031,-0.06485522,0.57889663,-49.46789898
27_Benzene-Pyridine_pi-pi_2.00,0.0,7.31197999,180.0,0.0,2.078,131.153346,83326,-0.02984407,0.45346259,-88.35483381
54_Benzene-Water_OH-pi_0.90,0.0700972,2.95844649,180.0,0.00479275,2.371,77.213281,79671,-0.04821699,0.57846937,-74.47212097
54_Benzene-Water_OH-pi_0.95,0.06952735,2.97511084,180.0,0.00534148,2.355,77.209504,79486,-0.04839103,0.61051926,-88.8806975
54_Benzene-Water_OH-pi_1.00,0.06584626,2.97313476,180.0,0.00566218,2.365,77.208543,79450,-0.04799205,0.55377425,-70.79423833
54_Benzene-Water_OH-pi_1.05,0.06091427,2.97546586,180.0,0.00585325,2.365,77.207862,77952,-0.04868526,0.53556923,-63.45705237
54_Benzene-Water_OH-pi_1.10,0.0536142,2.97930536,180.0,0.00581289,2.364,77.208433,78046,-0.04850638,0.52501154,-61.39127444
54_Benzene-Water_OH-pi_1.25,0.05064975,2.99904922,180.0,0.00518151,2.355,77.211343,79680,-0.04751357,0.52123635,-65.21818245
54_Benzene-Water_OH-pi_1.50,0.04747038,2.87544497,180.0,0.00410712,2.395,77.218345,80532,-0.04954938,0.6135891,-84.26444894
54_Benzene-Water_OH-pi_2.00,0.0,5.80403764,180.0,0.0,2.224,77.285167,88754,-0.02811594,0.41221552,-96.67027207
51_Ethyne-Ethyne_TS_0.90,0.12312661,4.19340314,180.0,0.00337492,0.199,46.074946,115134,-0.06077524,0.60404556,-81.63594193
51_Ethyne-Ethyne_TS_0.95,0.11637169,4.23195127,180.0,0.00297881,0.189,46.074987,115524,-0.06032264,0.60875381,-81.03429745
51_Ethyne-Ethyne_TS_1.00,0.11588677,4.24555984,180.0,0.00283482,0.181,46.075132,115588,-0.06017132,0.60951223,-82.3783456
51_Ethyne-Ethyne_TS_1.05,0.11171604,4.25007825,180.0,0.00279739,0.18,46.075264,115565,-0.06004439,0.61242369,-84.17086261
51_Ethyne-Ethyne_TS_1.10,0.10899909,4.24720334,180.0,0.00282778,0.18,46.075183,115553,-0.06003582,0.60531792,-81.22861576
51_Ethyne-Ethyne_TS_1.25,0.1082475,4.21184713,180.0,0.00319841,0.194,46.075022,113896,-0.0606075,0.58135449,-71.55839091
51_Ethyne-Ethyne_TS_1.50,0.10640122,4.20529792,180.0,0.00324005,0.194,46.074952,115064,-0.0619161,0.65115944,-94.86902957
51_Ethyne-Ethyne_TS_2.00,0.0,7.19033885,180.0,0.0,0.013,46.076312,127152,-0.03712111,0.40379694,-64.44231482
45_Ethyne-Pentane_0.90,0.03266061,3.61434124,180.0,0.0007401,0.068,86.525082,84543,-0.04939909,0.59043826,-91.34709311
45_Ethyne-Pentane_0.95,0.03082241,3.62378829,180.0,0.00073809,0.068,86.524746,84628,-0.04937495,0.58172167,-88.89232188
45_Ethyne-Pentane_1.00,0.02998912,3.63847445,180.0,0.00069932,0.067,86.524731,84699,-0.04911361,0.5608573,-84.69675314
45_Ethyne-Pentane_1.05,0.02727651,3.6424103,180.0,0.00073672,0.067,86.524595,84745,-0.0489865,0.55067609,-84.21869501
45_Ethyne-Pentane_1.10,0.02637364,3.64935254,180.0,0.00074248,0.067,86.524825,84799,-0.04879825,0.54110831,-84.43824703
45_Ethyne-Pentane_1.25,0.02625724,3.64406948,180.0,0.00080487,0.066,86.524558,84790,-0.04889847,0.57211971,-97.90384321
45_Ethyne-Pentane_1.50,0.02545569,3.6405249,180.0,0.00096441,0.069,86.523753,85046,-0.04725256,0.46523437,-63.0780887
45_Ethyne-Pentane_2.00,0.0,6.75380452,180.0,0.0,0.029,86.520266,93752,-0.02911355,0.34689707,-65.61027946
59_Ethyne-Water_CH-O_0.90,0.10771315,4.27702241,180.0,0.00074502,2.529,32.453427,119497,-0.06224524,0.65459803,-97.58739643
59_Ethyne-Water_CH-O_0.95,0.10352432,4.28097053,180.0,0.00073269,2.526,32.453456,119467,-0.06217692,0.6463545,-93.34670897
59_Ethyne-Water_CH-O_1.00,0.10240183,4.28909862,180.0,0.00071564,2.525,32.453432,119534,-0.06195146,0.61348717,-80.85133478
59_Ethyne-Water_CH-O_1.05,0.10094129,4.30296711,180.0,0.0006788,2.519,32.453378,119600,-0.06177354,0.61928827,-86.67675967
59_Ethyne-Water_CH-O_1.10,0.10047371,4.31106213,180.0,0.00067015,2.518,32.453314,119723,-0.06161152,0.60115114,-76.97958419
59_Ethyne-Water_CH-O_1.25,0.08505737,4.29997871,180.0,0.00070694,2.524,32.453367,117167,-0.06338805,0.66200613,-109.53071406
59_Ethyne-Water_CH-O_1.50,0.08348549,4.27624536,180.0,0.00069771,2.514,32.453556,119447,-0.06195346,0.5701784,-66.71236497
59_Ethyne-Water_CH-O_2.00,0.08288903,4.30004605,180.0,0.00069278,2.52,32.45341,119620,-0.06176939,0.62396942,-86.33506112
10_MeNH2-MeNH2_0.90,0.1412196,3.79463576,180.0,0.98449653,2.57,51.939443,75328,-0.04477858,0.4322461,-60.63874192
10_MeNH2-MeNH2_0.95,0.1404425,3.7810092,180.0,0.98442531,2.658,51.942554,75316,-0.044685,0.4374986,-63.34250591
10_MeNH2-MeNH2_1.00,0.13149411,3.77834346,180.0,0.98445072,2.623,51.94226,75306,-0.04501644,0.44129077,-70.13698849
10_MeNH2-MeNH2_1.05,0.10630603,3.75347356,180.0,0.98448093,2.682,51.943027,75653,-0.04573718,0.6302813,-141.02565788
10_MeNH2-MeNH2_1.10,0.10193329,3.70483433,180.0,0.9843571,2.685,51.945683,76673,-0.04589241,0.6669766,-146.8658034
10_MeNH2-MeNH2_1.25,0.09480292,3.68649399,180.0,0.98438049,2.752,51.947947,76950,-0.04470132,0.45314267,-68.37524361
10_MeNH2-MeNH2_1.50,0.08674959,3.73596574,180.0,0.98442905,2.677,51.944097,76031,-0.04535827,0.53257639,-88.34763777
10_MeNH2-MeNH2_2.00,0.0,6.23326776,180.0,0.98440077,1.604,51.93325,86959,-0.03223157,0.42483074,-97.26263321
64_Peptide-Ethene_0.90,0.05419965,3.64647836,180.0,0.97721142,4.185,78.495515,77765,-0.04853958,0.5349897,-83.48600997
64_Peptide-Ethene_0.95,0.0500411,3.62921094,180.0,0.97728043,4.176,78.494161,79793,-0.0477616,0.53433543,-80.50815244
64_Peptide-Ethene_1.00,0.04341345,3.65303294,180.0,0.97735408,4.181,78.495083,77635,-0.0484805,0.49764544,-65.70826526
64_Peptide-Ethene_1.05,0.04224616,3.66360821,180.0,0.97723099,4.181,78.495255,77663,-0.0484034,0.48874556,-63.4897812
64_Peptide-Ethene_1.10,0.04005907,3.65286978,180.0,0.9772909,4.183,78.494971,77523,-0.04830747,0.46392711,-54.25414117
64_Peptide-Ethene_1.25,0.03058691,3.69897748,180.0,0.97732161,4.188,78.494731,76928,-0.04867406,0.52781736,-81.31139703
64_Peptide-Ethene_1.50,0.02559195,3.7541817,180.0,0.97737728,4.196,78.496327,80836,-0.04673967,0.46636923,-59.41321292
64_Peptide-Ethene_2.00,0.02541488,6.70281152,180.0,0.97767972,4.298,78.499371,85063,-0.03139361,0.44215901,-94.87334256
15_Peptide-Peptide_0.90,0.12941129,4.58239493,180.0,0.977591,8.256,101.432248,77080,-0.0411803,0.4143838,-58.97827207
15_Peptide-Peptide_0.95,0.11095815,4.58378379,180.0,0.97762252,8.248,101.432268,77018,-0.04162962,0.45968982,-75.5343686
15_Peptide-Peptide_1.00,0.10699086,4.57382663,180.0,0.97759954,8.259,101.431151,76918,-0.04310706,0.63508469,-131.531471
15_Peptide-Peptide_1.05,0.08941629,4.59138508,180.0,0.97774425,8.326,101.431724,76987,-0.04296326,0.5535077,-91.72684697
15_Peptide-Peptide_1.10,0.06485941,4.57517348,180.0,0.97755337,8.304,101.433582,75120,-0.04455353,0.62410515,-93.0581342
15_Peptide-Peptide_1.25,0.05899124,4.59602581,180.0,0.97762572,8.308,101.432907,74827,-0.04446642,0.49423337,-69.27123566
15_Peptide-Peptide_1.50,0.05052162,4.58389303,180.0,0.97759635,8.335,101.435716,75645,-0.04262429,0.43135087,-53.69080873
15_Peptide-Peptide_2.00,0.04572705,4.58472248,180.0,0.977594,8.382,101.436135,76166,-0.04180334,0.41951089,-59.16719435
16_Peptide-Water_0.90,0.15147778,3.7206164,180.0,0.9774813,7.043,60.192858,78595,-0.04523423,0.46140737,-60.08286666
16_Peptide-Water_0.95,0.15054873,3.72910824,180.0,0.97748241,7.04,60.192495,80374,-0.04412225,0.45139424,-59.49852023
16_Peptide-Water_1.00,0.14531216,3.71946775,180.0,0.97748901,7.047,60.192848,78538,-0.0452044,0.46223084,-61.23325664
16_Peptide-Water_1.05,0.14274508,3.71764846,180.0,0.97747302,7.048,60.193451,78588,-0.0452978,0.45644859,-58.0113408
16_Peptide-Water_1.10,0.14170738,3.72269452,180.0,0.97745523,7.046,60.193624,78716,-0.04513399,0.45044916,-57.25693146
16_Peptide-Water_1.25,0.13463667,3.71484777,180.0,0.97735309,7.037,60.189649,79667,-0.04480259,0.48737422,-69.87628041
16_Peptide-Water_1.50,0.13237954,3.71064752,180.0,0.9773746,7.046,60.192708,80273,-0.04470361,0.56997061,-86.50440584
16_Peptide-Water_2.00,0.09314508,3.71563155,180.0,0.97768182,7.01,60.189999,79965,-0.04422483,0.56772654,-109.38616664
58_Pyridine-Pyridine_CH-N_0.90,0.14520027,6.06191692,180.0,0.00571108,0.03,126.498598,78137,-0.11874771,0.80228844,-36.6478616
58_Pyridine-Pyridine_CH-N_0.95,0.07573846,6.07714492,180.0,0.00538074,0.029,126.498542,78008,-0.11940487,0.83290842,-41.75034253
58_Pyridine-Pyridine_CH-N_1.00,0.07163939,6.09045323,180.0,0.00511162,0.016,126.499328,76721,-0.11589922,0.78603539,-36.44793996
58_Pyridine-Pyridine_CH-N_1.05,0.06347269,6.10737801,180.0,0.00478529,0.081,126.500843,76800,-0.11566437,0.80579679,-42.4439703
58_Pyridine-Pyridine_CH-N_1.10,0.06217691,6.09163429,180.0,0.00508518,0.03,126.500188,78963,-0.11439467,0.813554,-42.18270119
58_Pyridine-Pyridine_CH-N_1.25,0.06023796,6.09506014,180.0,0.00502801,0.003,126.500372,79297,-0.11197941,0.78213043,-38.07460507
58_Pyridine-Pyridine_CH-N_1.50,0.04690742,6.0878541,180.0,0.00516461,0.051,126.499587,78404,-0.11006461,0.72743515,-31.70560866
58_Pyridine-Pyridine_CH-N_2.00,0.0,9.08018206,180.0,5e-08,0.032,126.564945,81896,-0.08946739,0.70425792,-41.74100625
48_Pyridine-Pyridine_TS_0.90,0.04497067,4.75226547,180.0,0.003595,3.838,126.565537,73273,-0.0492416,0.67394801,-86.24504339
48_Pyridine-Pyridine_TS_0.95,0.04002171,4.73719593,180.0,0.00404253,3.848,126.565031,73150,-0.04907858,0.61240528,-70.25307179
48_Pyridine-Pyridine_TS_1.00,0.03432795,4.75642843,180.0,0.00391353,3.856,126.564854,71099,-0.04994893,0.58625367,-67.46706044
48_Pyridine-Pyridine_TS_1.05,0.02691612,4.7245787,180.0,0.00384496,3.835,126.565212,71035,-0.05005983,0.57920995,-81.40407939
48_Pyridine-Pyridine_TS_1.10,0.0193137,4.73662738,180.0,0.00393054,3.845,126.564824,70972,-0.04975205,0.53999845,-60.22027319
48_Pyridine-Pyridine_TS_1.25,0.01464085,4.85803471,180.0,0.00438104,3.949,126.562042,70534,-0.04793559,0.4926665,-58.44701084
48_Pyridine-Pyridine_TS_1.50,0.01420863,5.05098228,180.0,0.00615289,4.123,126.55551,72877,-0.04468559,0.56978689,-76.47476695
48_Pyridine-Pyridine_TS_2.00,0.0,7.36746875,180.0,0.0,3.738,126.566434,80539,-0.034614,0.41792212,-61.35599665
25_Pyridine-Pyridine_pi-pi_0.90,0.09813804,3.33589737,180.0,0.00071239,2.328,126.548051,75190,-0.07678434,0.6755906,-53.59325057
25_Pyridine-Pyridine_pi-pi_0.95,0.07052447,3.29490547,180.0,0.00083308,2.219,126.546394,75040,-0.07912144,0.72906285,-58.52176196
25_Pyridine-Pyridine_pi-pi_1.00,0.06236502,3.29827835,180.0,0.00082308,2.205,126.546613,73363,-0.08053159,0.68154183,-49.72409542
25_Pyridine-Pyridine_pi-pi_1.05,0.05597046,3.30660674,180.0,0.0008325,2.242,126.547231,73249,-0.08076688,0.72955139,-63.63538012
25_Pyridine-Pyridine_pi-pi_1.10,0.05542135,3.32220933,180.0,0.00082829,2.253,126.547488,73366,-0.08099611,0.79752655,-72.67580833
25_Pyridine-Pyridine_pi-pi_1.25,0.0552904,3.29203084,180.0,0.00086307,2.188,126.546939,73078,-0.08295501,0.71290811,-51.74358383
25_Pyridine-Pyridine_pi-pi_1.50,0.05161871,3.31226403,180.0,0.0009371,2.722,126.549129,73443,-0.09292492,0.70651475,-40.16940831
25_Pyridine-Pyridine_pi-pi_2.00,0.0,7.01914463,180.0,0.0,2.46,126.564807,77913,-0.04334134,0.53742485,-78.05844507
42_Uracil-Cyclopentane_0.90,0.06030054,3.86909064,180.0,1.20434144,4.478,126.065491,73992,-0.0663692,0.65841225,-62.91106498
42_Uracil-Cyclopentane_0.95,0.05592328,3.87166612,180.0,1.20430221,4.481,126.065635,73923,-0.06640034,0.67216686,-69.84511685
42_Uracil-Cyclopentane_1.00,0.04926295,3.85837374,180.0,1.20420576,4.477,126.065468,73826,-0.06645123,0.66111843,-65.99564245
42_Uracil-Cyclopentane_1.05,0.04586856,3.8700511,180.0,1.20432797,4.475,126.065583,71977,-0.06808969,0.67264918,-58.71669733
42_Uracil-Cyclopentane_1.10,0.04574665,3.88445455,180.0,1.20437364,4.476,126.066014,72084,-0.06729186,0.64912067,-58.22011568
42_Uracil-Cyclopentane_1.25,0.04202996,3.94431927,180.0,1.20496214,4.477,126.066547,71766,-0.06642079,0.72379704,-85.08141002
42_Uracil-Cyclopentane_1.50,0.03854839,3.87226752,180.0,1.20431549,4.475,126.066002,73815,-0.06561091,0.60984261,-62.48289407
42_Uracil-Cyclopentane_2.00,0.0,6.75387436,180.0,1.20571734,4.568,126.050918,76814,-0.04621307,0.63169709,-88.32545918
17_Uracil-Uracil_BP_0.90,0.77169791,5.95424193,180.0,1.22841031,8.181,135.431235,88919,-0.12297457,0.93563852,-49.18022901
17_Uracil-Uracil_BP_0.95,0.76978301,5.95503583,180.0,1.22814161,8.192,135.431667,88950,-0.12273849,0.91085929,-47.13488387
17_Uracil-Uracil_BP_1.00,0.75918244,5.96202918,180.0,1.22842444,8.18,135.431322,88909,-0.12261204,0.90874186,-49.00846606
17_Uracil-Uracil_BP_1.05,0.71181789,5.96109486,180.0,1.22825796,8.184,135.431686,88960,-0.1223528,0.86946175,-43.7017625
17_Uracil-Uracil_BP_1.10,0.687089,5.96207953,180.0,1.22809109,8.187,135.431701,89955,-0.12089267,0.83980884,-39.61029403
17_Uracil-Uracil_BP_1.25,0.67665939,5.95663096,180.0,1.22820022,8.179,135.43146,88409,-0.12430221,0.91009633,-44.57359745
17_Uracil-Uracil_BP_1.50,0.65282887,5.96497742,180.0,1.22839946,8.168,135.431821,89875,-0.12163425,0.86654181,-42.4681447
17_Uracil-Uracil_BP_2.00,0.63366756,5.95493055,180.0,1.22845826,8.206,135.431242,89433,-0.12266561,0.82793685,-39.56189498
26_Uracil-Uracil_pi-pi_0.90,0.07767065,3.39986778,180.0,1.68038647,5.107,135.399923,75963,-0.0888379,0.73661063,-49.75055292
26_Uracil-Uracil_pi-pi_0.95,0.07558342,3.41095258,180.0,1.68045425,5.132,135.400841,76094,-0.08939251,0.89178092,-72.65307444
26_Uracil-Uracil_pi-pi_1.00,0.07279514,3.39987181,180.0,1.6807435,5.125,135.400115,76107,-0.08918649,0.87507041,-61.69833136
26_Uracil-Uracil_pi-pi_1.05,0.07162915,3.40023926,180.0,1.68073335,5.13,135.401384,76155,-0.08905858,0.87253555,-60.99260594
26_Uracil-Uracil_pi-pi_1.10,0.07064597,3.3995256,180.0,1.68082996,5.134,135.401372,76147,-0.08918009,0.9466842,-78.6504013
26_Uracil-Uracil_pi-pi_1.25,0.06630003,3.35577239,180.0,1.68118562,5.086,135.399334,78004,-0.08580367,0.82254272,-66.77395595
26_Uracil-Uracil_pi-pi_1.50,0.065396,3.40925729,180.0,1.68126695,5.117,135.401508,77758,-0.08323982,0.71873154,-50.6528081
26_Uracil-Uracil_pi-pi_2.00,0.05872029,3.43014228,180.0,1.68131591,5.136,135.402945,76155,-0.08846798,0.73099307,-47.6524094
04_Water-Peptide_0.90,0.27854748,4.04201662,180.0,0.04184661,4.717,60.052415,84222,-0.05657302,0.61910506,-77.72281223
04_Water-Peptide_0.95,0.27571694,4.04885,180.0,0.04200161,4.781,60.053126,82969,-0.05760516,0.68422915,-100.69459281
04_Water-Peptide_1.00,0.27299206,4.0367324,180.0,0.04210185,4.72,60.05124,84198,-0.05592702,0.55362907,-64.72054063
04_Water-Peptide_1.05,0.25921489,4.0391039,180.0,0.04201508,4.725,60.05225,82924,-0.05651286,0.54493123,-62.26502831
04_Water-Peptide_1.10,0.25185787,4.04226535,180.0,0.04200852,4.739,60.052367,82981,-0.05632754,0.55236326,-64.01710381
04_Water-Peptide_1.25,0.2241469,4.04803419,180.0,0.04153977,4.747,60.052902,83026,-0.0550071,0.50987913,-55.31622781
04_Water-Peptide_1.50,0.21498658,4.04500459,180.0,0.04144828,4.724,60.052985,82935,-0.0550724,0.56601725,-67.93594018
04_Water-Peptide_2.00,0.20318389,4.04129589,180.0,0.04195622,4.735,60.0524,82385,-0.05434671,0.62612335,-81.52069739
01_Water-Water_0.90,0.66601205,2.87026892,180.0,0.00056769,2.397,18.869684,106446,-0.07157674,0.86890763,-149.03833592
01_Water-Water_0.95,0.65315959,2.8664821,180.0,0.00057981,2.425,18.869765,106319,-0.07173489,0.76864374,-107.398241
01_Water-Water_1.00,0.64385307,2.8672561,180.0,0.00055555,2.387,18.869679,106305,-0.07223021,0.77798413,-101.73142478
01_Water-Water_1.05,0.61835484,2.86459037,180.0,0.00055344,2.38,18.869745,105677,-0.07349309,0.84305479,-119.95174428
01_Water-Water_1.10,0.59388318,2.86696797,180.0,0.00056916,2.398,18.869777,105657,-0.07371023,0.82113212,-113.80515604
01_Water-Water_1.25,0.5013534,2.86632571,180.0,0.00055666,2.367,18.869772,106384,-0.07190062,0.81391003,-119.32824058
01_Water-Water_1.50,0.49593422,2.87134232,180.0,0.00056775,2.387,18.869736,107005,-0.06914792,0.67858942,-77.61622486
01_Water-Water_2.00,0.49264683,2.86131363,180.0,0.00056957,2.433,18.869708,106789,-0.07517927,0.74563644,-90.31836243
